id,title,date,timeApproximate,year,place,country,countryCode,latitude,longitude,locationPrecision,category,status,statusLabel,explanation,evidence,shape,witnesses,duration,summary,tracks,wikipedia,sources,page,globe
nuremberg-1561,Celestial phenomenon over Nuremberg,1561-04-14T05:00:00+01:00,true,1561,"Nuremberg, Holy Roman Empire (Germany)",Germany,DE,49.4521,11.0767,city,historical,explained,Mundane explanation widely accepted or officially assessed,"Usually interpreted as a spectacular sun-halo display (parhelia, arcs) described in religious terms.",multiple-witnesses,"Spheres, crosses, tubes and a black spear",Citizens of Nuremberg,About an hour at sunrise,"A broadsheet by Hans Glaser describes a dawn ""battle"" in the sky: globes, crosses and cylinders that moved and fought before falling to the ground with smoke. It is a staple of UFO histories and an example of how atmospheric optics were recorded before modern science.",0,https://en.wikipedia.org/wiki/1561_celestial_phenomenon_over_Nuremberg,,https://domw99.github.io/Gods-Eye-UAPs/case/nuremberg-1561/,https://domw99.github.io/Gods-Eye-UAPs/#/case/nuremberg-1561
basel-1566,Celestial phenomenon over Basel,1566-08-07T06:00:00+01:00,true,1566,"Basel, Swiss Confederacy (Switzerland)",Switzerland,CH,47.5547,7.5906,city,historical,explained,Mundane explanation widely accepted or officially assessed,"Generally read as atmospheric optics (sun halos, a reddened rising sun) or dust and smoke, described in the religious language of a 16th-century broadsheet.",multiple-witnesses,Many black and fiery spheres,Townspeople of Basel (as reported by the broadsheet),Sunrise,"A broadsheet printed in Basel by Samuel Coccius reported that at sunrise on August 7, 1566 many large black spheres were seen racing toward the Sun and seeming to fight one another, some turning red and fiery before fading. It also described a blood-red Sun on the mornings and evenings of late July. Together with Nuremberg 1561, it is one of the best-known early-modern ""sky battles"".",0,https://en.wikipedia.org/wiki/1566_celestial_phenomenon_over_Basel,,https://domw99.github.io/Gods-Eye-UAPs/case/basel-1566/,https://domw99.github.io/Gods-Eye-UAPs/#/case/basel-1566
utsuro-bune-1803,"Utsuro-bune — the ""hollow ship"" of Hitachi",1803-02-22T12:00:00+09:00,true,1803,"Haratono-hama, Hitachi Province (Ibaraki), Japan",Japan,JP,35.97,140.64,area,historical,explained,Mundane explanation widely accepted or officially assessed,"Historians treat it as folklore: the story appears in several Edo-period collections with conflicting details, and resembles older legends of exiled women set adrift in boats.",multiple-witnesses,Round vessel of wood and iron with glass windows,Fishermen (as told in Edo-period accounts),—,"Several Japanese books of the 1820s–1840s tell how fishermen found a strange round boat washed up on the coast of Hitachi Province in 1803. Inside was a young woman who spoke no known language and clutched a box she would let no one touch. The fishermen pushed the vessel back out to sea. The drawings of the round, windowed ship are often compared with modern ""flying saucers"".",0,https://en.wikipedia.org/wiki/Utsuro-bune,,https://domw99.github.io/Gods-Eye-UAPs/case/utsuro-bune-1803/,https://domw99.github.io/Gods-Eye-UAPs/#/case/utsuro-bune-1803
bonilla-zacatecas-1883,Bonilla observation — objects crossing the Sun,1883-08-12T08:00:00-06:50,false,1883,"Zacatecas Astronomical Observatory, Mexico",Mexico,MX,22.7736,-102.5736,site,photo-video,explained,Mundane explanation widely accepted or officially assessed,"Camille Flammarion thought Bonilla had seen birds, insects or dust close to the telescope. A 2011 study at UNAM proposed fragments of a comet passing close to Earth. Either way, nothing suggests craft.",photo,"Hundreds of dark, fuzzy bodies with tails",1 astronomer (José Bonilla),About 2 days,"On August 12, 1883, José Bonilla, the first director of the Zacatecas observatory, was preparing to observe sunspots when he saw dark objects crossing the face of the Sun. Over two days he counted hundreds of them and took photographs through the telescope. They were published in L'Astronomie in 1886 and are often called the first photographs of unidentified flying objects.",0,https://en.wikipedia.org/wiki/Bonilla_observation,,https://domw99.github.io/Gods-Eye-UAPs/case/bonilla-zacatecas-1883/,https://domw99.github.io/Gods-Eye-UAPs/#/case/bonilla-zacatecas-1883
mystery-airships-1896,Mystery airship wave,1896-11-17T18:00:00-08:00,true,1896,"California to the Midwest and Texas, United States",United States,US,41.2586,-95.9375,region,historical,explained,Mundane explanation widely accepted or officially assessed,"No powered airship capable of such flights existed. Reports are attributed to newspaper hoaxes (some papers invented stories outright), bright planets such as Venus, hot-air ""fire balloons"" and pranks.",multiple-witnesses,"Cigar-shaped ""airship"" with lights and wings or propellers","Thousands, over five months",November 1896 – April 1897,"In November 1896 people in Sacramento and then San Francisco and Oakland reported a lighted airship moving across the night sky. In early 1897 reports spread east through Nebraska, Kansas, Iowa, Illinois and Texas, often with tall tales of inventors and crews. The line on the map joins the main clusters of reports in date order. It is a wave of sightings, not one object.",1,https://en.wikipedia.org/wiki/Mystery_airship,,https://domw99.github.io/Gods-Eye-UAPs/case/mystery-airships-1896/,https://domw99.github.io/Gods-Eye-UAPs/#/case/mystery-airships-1896
aurora-texas-1897,"Aurora, Texas airship ""crash""",1897-04-17T06:00:00-06:00,false,1897,"Aurora, Wise County, Texas",United States,US,33.0506,-97.5042,city,object-event,explained,Mundane explanation widely accepted or officially assessed,"Widely regarded as a newspaper hoax written to draw attention to a town in decline. Later digs, metal samples and a search of the cemetery found nothing unusual.",multiple-witnesses | physical-trace,Airship,Newspaper account by S. E. Haydon,—,"On April 19, 1897 the Dallas Morning News printed a report from Aurora. It said an airship had struck Judge J. S. Proctor's windmill around 6 a.m. and exploded, and that the pilot, ""not an inhabitant of this world"", had been buried in the town cemetery. It came at the very end of the 1896–97 airship wave and has been re-investigated many times since the 1970s.",0,https://en.wikipedia.org/wiki/Aurora%2C_Texas%2C_UFO_incident,,https://domw99.github.io/Gods-Eye-UAPs/case/aurora-texas-1897/,https://domw99.github.io/Gods-Eye-UAPs/#/case/aurora-texas-1897
great-meteor-procession-1913,Great Meteor Procession,1913-02-09T21:05:00-05:00,true,1913,"Toronto, Ontario, on a path from Saskatchewan to Bermuda",Canada,CA,43.6532,-79.3832,region,object-event,explained,Mundane explanation widely accepted or officially assessed,"The astronomer Clarence Chant collected more than a hundred reports and found they all lay along one great-circle arc, with no radiant. He concluded the fireballs were the pieces of a small, short-lived natural satellite of the Earth, breaking up as it grazed the atmosphere. Later studies by John O’Keefe and others agreed.",multiple-witnesses,"A procession of 40 to 60 slow fireballs in groups, with a bright tail-less body at the rear","More than a hundred reports from Canada, the northeastern United States, Bermuda and ships at sea",Each fireball 30–40 seconds; the whole procession about five minutes,"At about 9 p.m. on February 9, 1913, people across Canada and the northeastern United States saw between 40 and 60 bright, slow fireballs cross the sky from horizon to horizon on practically the same path. They came in groups, threw out sparks and were followed by a clear, tail-less light “like a big star”; some witnesses heard rumbling. The same procession was reported from Bermuda and from ships as far south as Brazil, a ground track of more than 11,000 km. Much of the populous Northeast was under cloud, so most of the reports came from rural Canada. From the sound reports William Pickering put the meteors at about 56 km up. O’Keefe later named them the Cyrillids, after the feast day of St. Cyril of Alexandria, February 9.",1,https://en.wikipedia.org/wiki/1913_Great_Meteor_Procession,https://en.wikipedia.org/wiki/1913_Great_Meteor_Procession,https://domw99.github.io/Gods-Eye-UAPs/case/great-meteor-procession-1913/,https://domw99.github.io/Gods-Eye-UAPs/#/case/great-meteor-procession-1913
brown-mountain-lights,Brown Mountain lights,1913-09-13T21:00:00-05:00,true,1913,"Brown Mountain, Pisgah National Forest, North Carolina",United States,US,35.94,-81.78,area,recurring-lights,explained,Mundane explanation widely accepted or officially assessed,"In 1922, U.S. Geological Survey geologist George R. Mansfield used maps and an alidade to show the lights were train headlights, car headlights and brush fires in the valleys beyond the ridge. A 1913 USGS look had already pointed to locomotive headlights.",multiple-witnesses | official-document,Lights rising above the ridge,Visitors to overlooks such as Wiseman's View,Recurring,"In 1913 the Charlotte Observer reported lights rising over Brown Mountain in the Blue Ridge, during the years when electric lighting and railways were reaching the area. Two U.S. Geological Survey investigations followed. Legends of lights ""seen by the Cherokee"" were added later. The lights are still watched from roadside overlooks.",0,https://en.wikipedia.org/wiki/Brown_Mountain_lights,,https://domw99.github.io/Gods-Eye-UAPs/case/brown-mountain-lights/,https://domw99.github.io/Gods-Eye-UAPs/#/case/brown-mountain-lights
battle-of-los-angeles-1942,Battle of Los Angeles,1942-02-25T02:15:00-07:00,false,1942,"Los Angeles, California",United States,US,34.0195,-118.4912,city,military-encounter,explained,Mundane explanation widely accepted or officially assessed,"The Navy attributed the alarm to ""war nerves"" after a Japanese submarine shelled the Ellwood oil field the night before; a weather balloon is thought to have started the barrage. The famous Los Angeles Times photo was heavily retouched.",photo | military-witness | multiple-witnesses | official-document,Unidentified targets / searchlight cone,Thousands; coastal anti-aircraft batteries,"About 2 hours, with the barrage lasting about 1 hour","Less than three months after Pearl Harbor, radar and observers reported an unidentified target approaching Los Angeles. Anti-aircraft batteries fired more than 1,400 shells into the night sky while searchlights converged over Santa Monica and Culver City. No aircraft was downed and no bombs fell; falling shrapnel and heart attacks caused deaths on the ground.",1,https://en.wikipedia.org/wiki/Battle_of_Los_Angeles,,https://domw99.github.io/Gods-Eye-UAPs/case/battle-of-los-angeles-1942/,https://domw99.github.io/Gods-Eye-UAPs/#/case/battle-of-los-angeles-1942
foo-fighters-1944,Foo fighters — 415th Night Fighter Squadron,1944-11-23T22:00:00+01:00,true,1944,Rhine valley near Strasbourg,France / Germany,FR,48.58,7.75,region,military-encounter,unresolved,No accepted explanation,"Proposed explanations include St. Elmo’s fire, ball lightning, flares and misidentified aircraft; none fits all reports.",pilot-witness | military-witness | official-document,Balls of orange or red light pacing aircraft,USAAF night-fighter crews,"Recurring, late 1944 – 1945","Crews of the U.S. 415th Night Fighter Squadron repeatedly reported glowing balls of light that followed their Beaufighters over the Rhine. They called them ""foo fighters""; similar reports came from Allied and Axis crews in Europe and the Pacific.",0,https://en.wikipedia.org/wiki/Foo_fighter,,https://domw99.github.io/Gods-Eye-UAPs/case/foo-fighters-1944/,https://domw99.github.io/Gods-Eye-UAPs/#/case/foo-fighters-1944
angelholm-1946,Ängelholm landing report,1946-05-18T23:00:00+01:00,true,1946,"Kronoskogen, Ängelholm, Sweden",Sweden,SE,56.2329,12.8191,site,landing-trace,disputed,Explanation proposed but contested,"There is only one witness, and his account grew over the years. The traces he pointed to were never independently documented, and the story is not corroborated.",physical-trace,Disc landed in a forest clearing,1 (Gösta Carlsson),—,"Businessman Gösta Carlsson said that in May 1946, during the Swedish ghost-rocket summer, he came upon a disc-shaped craft standing in a clearing in the Kronoskogen forest and was warned off by its occupants. In 1972 he built a small memorial at the spot, marking where he said the craft had stood. It is now a local landmark.",0,https://en.wikipedia.org/wiki/%C3%84ngelholm_UFO_memorial,,https://domw99.github.io/Gods-Eye-UAPs/case/angelholm-1946/,https://domw99.github.io/Gods-Eye-UAPs/#/case/angelholm-1946
ghost-rockets-1946,Ghost rockets — Lake Kölmjärv,1946-07-19T11:45:00+01:00,false,1946,"Lake Kölmjärv, Norrbotten, Sweden",Sweden,SE,66.12,22.73,area,object-event,unresolved,No accepted explanation,"Swedish, British and U.S. investigators found no Soviet rockets; many of ~2,000 reports were meteors, but around 200 radar returns and several crashes into lakes were never explained.",radar | multiple-witnesses | official-document | physical-trace,Rocket- or cigar-shaped objects,Farmer Knut Lindbäck and others; Swedish military,Wave: May–Dec 1946,"During 1946 Scandinavian observers logged about 2,000 sightings of rocket-like objects. On 19 July a farmer watched one plunge into Lake Kölmjärv; the Swedish Army searched the lake for two weeks and found only a fresh crater in the lakebed.",0,https://en.wikipedia.org/wiki/Ghost_rockets,,https://domw99.github.io/Gods-Eye-UAPs/case/ghost-rockets-1946/,https://domw99.github.io/Gods-Eye-UAPs/#/case/ghost-rockets-1946
maury-island-1947,Maury Island incident,1947-06-21T14:00:00-08:00,true,1947,"Maury Island, Puget Sound, Washington",United States,US,47.36,-122.45,area,close-encounter,explained,Mundane explanation widely accepted or officially assessed,"Investigators judged it a hoax: the “debris” was ordinary slag and rock, and the photographs showed nothing. The two men involved later gave conflicting accounts.",physical-trace | photo,"Six doughnut-shaped craft, one said to be damaged","Harold Dahl, his son and a colleague, Fred Crisman (claimed)",A few minutes,"A harbour patrolman, Harold Dahl, said six large doughnut-shaped craft circled above his boat off Maury Island in the afternoon of June 21, 1947, three days before Kenneth Arnold’s famous sighting. One craft was said to be damaged and to shed hot metallic slag that burned his son and killed the dog. Dahl’s employer, Fred Crisman, backed the story, and the case was investigated by Kenneth Arnold and by two Army Air Forces intelligence officers. It is remembered as one of the first reported UFO hoaxes, and for the first story of a “man in black” silencing a witness.",0,https://en.wikipedia.org/wiki/Maury_Island_incident,https://en.wikipedia.org/wiki/Maury_Island_incident,https://domw99.github.io/Gods-Eye-UAPs/case/maury-island-1947/,https://domw99.github.io/Gods-Eye-UAPs/#/case/maury-island-1947
kenneth-arnold-1947,"Kenneth Arnold — ""flying saucers"" over Mount Rainier",1947-06-24T14:59:00-08:00,false,1947,"Mount Rainier, Washington",United States,US,46.8523,-121.7603,area,aviation,disputed,Explanation proposed but contested,"Project Blue Book listed the sighting as a mirage. Other proposals include a fireball, pelicans and reflections; none has been widely accepted.",pilot-witness | official-document,"Nine thin, crescent / convex objects in echelon",1 pilot (Kenneth Arnold),About 2.5 minutes,"Private pilot Kenneth Arnold, searching for a crashed Marine C-46 in his CallAir A-2, saw nine bright objects in a chain flying south past Mount Rainier. He timed them from Rainier to Mount Adams — roughly 50 miles — in 1 minute 42 seconds, implying well over 1,200 mph. The press coverage coined ""flying saucer"" and began the modern UFO era.",2,https://en.wikipedia.org/wiki/Kenneth_Arnold_UFO_sighting,,https://domw99.github.io/Gods-Eye-UAPs/case/kenneth-arnold-1947/,https://domw99.github.io/Gods-Eye-UAPs/#/case/kenneth-arnold-1947
rhodes-phoenix-1947,Rhodes photographs — Phoenix,1947-07-07T19:00:00-07:00,true,1947,"Phoenix, Arizona",United States,US,33.4988,-112.0519,site,photo-video,explained,Mundane explanation widely accepted or officially assessed,"The Air Force file records that Dr. Irving Langmuir, told a thunderstorm had just passed, judged the object to be paper carried up by the wind; photographers it consulted doubted the pictures. A historian has since argued they were faked.",photo | official-document,Heel-shaped disc with a hole in the centre,1 (William A. Rhodes),Under a minute,"Amateur astronomer and inventor William Rhodes said he heard a ""whoosh"" like a jet, grabbed his camera and took two photographs of a heel-shaped object circling over his home. The Arizona Republic printed them on July 9, 1947. The FBI and Army counter-intelligence took the negatives, and the case became ""Incident 40"" in the Air Force files, one of the first UFO photographs to be studied officially.",1,https://en.wikipedia.org/wiki/Rhodes_UFO_photographs,,https://domw99.github.io/Gods-Eye-UAPs/case/rhodes-phoenix-1947/,https://domw99.github.io/Gods-Eye-UAPs/#/case/rhodes-phoenix-1947
roswell-1947,Roswell debris recovery,1947-07-08T12:00:00-07:00,true,1947,"Foster homestead near Corona, New Mexico",United States,US,33.9503,-105.3142,site,object-event,explained,Mundane explanation widely accepted or officially assessed,"The U.S. Air Force reports of 1994–1997 identified the debris as a Project Mogul balloon train (NYU Flight 4) launched from Alamogordo Army Air Field to listen for Soviet nuclear tests, and later ""alien body"" stories as conflations with 1950s dummy drops.",official-document | photo | military-witness | physical-trace,"Debris of foil, rubber, sticks and tape",Rancher Mac Brazel; 509th Bomb Group officers,—,"Rancher W. W. ""Mac"" Brazel found a field of debris on the Foster ranch. On July 8, 1947, Roswell Army Air Field announced it had recovered a ""flying disc""; within a day the Army re-described it as a weather balloon. Interest revived in the late 1970s, and the Air Force published two reports concluding the debris came from Project Mogul.",1,https://en.wikipedia.org/wiki/Roswell_incident,,https://domw99.github.io/Gods-Eye-UAPs/case/roswell-1947/,https://domw99.github.io/Gods-Eye-UAPs/#/case/roswell-1947
mantell-1948,Mantell UFO incident,1948-01-07T13:15:00-06:00,false,1948,"Godman Field, Fort Knox, Kentucky",United States,US,37.9067,-85.9721,area,military-encounter,explained,Mundane explanation widely accepted or officially assessed,"Project Blue Book (Ruppelt) concluded Mantell was most likely chasing a classified Navy Skyhook balloon, probably launched from Clinton County AFB, Ohio. Mantell climbed above 25,000 ft without oxygen and lost consciousness.",military-witness | multiple-witnesses | official-document,"Large bright object, ""ice-cream cone"" / metallic","Godman tower staff, police, 4 P-51 pilots",About 2.5 hours,"Kentucky Highway Patrol reports of a large circular object near Maysville reached Godman Field, where tower staff saw it too. A flight of four Kentucky Air National Guard P-51 Mustangs was asked to investigate. Capt. Thomas Mantell kept climbing after his wingmen levelled off, blacked out without oxygen and died when his P-51 crashed on a farm south of Franklin.",2,https://en.wikipedia.org/wiki/Mantell_UFO_incident,,https://domw99.github.io/Gods-Eye-UAPs/case/mantell-1948/,https://domw99.github.io/Gods-Eye-UAPs/#/case/mantell-1948
chiles-whitted-1948,Chiles–Whitted encounter,1948-07-24T02:45:00-06:00,false,1948,"Near Montgomery, Alabama",United States,US,32.3668,-86.3,area,aviation,explained,Mundane explanation widely accepted or officially assessed,Project Blue Book formally attributed the sighting to a bright meteor (bolide) in 1959.,pilot-witness | official-document,"Wingless cigar with two rows of glowing ""windows""","2 Eastern Air Lines pilots, 1 passenger",10–15 seconds,"Eastern Air Lines captain Clarence Chiles and co-pilot John Whitted, flying a DC-3 at about 5,000 ft, saw a glowing torpedo-shaped object rush past their right side and pull up into the clouds. Project Sign took the report so seriously it contributed to the ""Estimate of the Situation"", which General Vandenberg rejected.",2,https://en.wikipedia.org/wiki/Chiles-Whitted_UFO_encounter,,https://domw99.github.io/Gods-Eye-UAPs/case/chiles-whitted-1948/,https://domw99.github.io/Gods-Eye-UAPs/#/case/chiles-whitted-1948
gorman-dogfight-1948,Gorman dogfight,1948-10-01T21:07:00-06:00,false,1948,"Fargo, North Dakota",United States,US,46.9207,-96.8158,city,military-encounter,explained,Mundane explanation widely accepted or officially assessed,The Air Force concluded in 1949 that Gorman had chased a lighted weather balloon.,pilot-witness | multiple-witnesses | official-document,Small blinking ball of light,"P-51 pilot, Piper Cub crew, tower controller",About 27 minutes,North Dakota Air National Guard pilot George Gorman stayed aloft in his P-51 after his flight landed and saw a blinking light that no traffic accounted for. He chased it through turns and steep climbs over Hector Airport until he lost it about 25 miles south-west of Fargo. Tower controllers and a Piper Cub crew also watched the light.,2,https://en.wikipedia.org/wiki/Gorman_dogfight,,https://domw99.github.io/Gods-Eye-UAPs/case/gorman-dogfight-1948/,https://domw99.github.io/Gods-Eye-UAPs/#/case/gorman-dogfight-1948
tombaugh-1949,Clyde Tombaugh’s Las Cruces sighting,1949-08-20T23:00:00-07:00,true,1949,"Las Cruces, New Mexico",United States,US,32.3199,-106.7637,city,historical,disputed,Explanation proposed but contested,"Tombaugh never said it was a spacecraft. At the time he wrote that he doubted it was a reflection of anything on the ground, as nothing like it had appeared before or since. Later he thought the most likely cause was a reflection from an inversion layer, given how faint the lights were and how they faded as they moved away from the zenith.",multiple-witnesses,"Six to eight faint, bluish-green rectangles of light in a geometrical group","Clyde Tombaugh, discoverer of Pluto, his wife and his mother-in-law",About 3 seconds (his wife saw it for about 1½ seconds),"On the night of August 20, 1949, Clyde Tombaugh, who had found Pluto nineteen years earlier and was then working on missile tracking at White Sands, was sitting in his back yard in Las Cruces with his wife and mother-in-law. He saw a group of six to eight faint, bluish-green rectangles of light, in a fixed arrangement, pass overhead from the north-west and fade as they went toward the south-eastern horizon. “I was so unprepared for such a strange sight that I was really petrified with astonishment,” he wrote. He is probably the most eminent astronomer to have reported a UFO, and he went on to support the scientific study of them, while saying he could not take interstellar visitors seriously.",0,,https://en.wikipedia.org/wiki/Clyde_Tombaugh#UFOs,https://domw99.github.io/Gods-Eye-UAPs/case/tombaugh-1949/,https://domw99.github.io/Gods-Eye-UAPs/#/case/tombaugh-1949
mcminnville-1950,McMinnville (Trent) photographs,1950-05-11T19:45:00-08:00,false,1950,"Trent farm near Sheridan / McMinnville, Oregon",United States,US,45.10072,-123.33439,site,photo-video,disputed,Explanation proposed but contested,"The Condon Committee called it one of the few cases where the evidence was consistent with the witnesses’ account; skeptics (Sheaffer, Maccabee critics, later photogrammetry) argue it was a small model hung from overhead wires.",photo | official-document,"Metallic disc with a raised ""mast""",Paul and Evelyn Trent,A few minutes,Evelyn Trent saw a metallic disc moving slowly over the farm; her husband Paul took two photographs with a box camera. The images ran in LIFE magazine and became among the most analysed UFO photos ever taken.,1,https://en.wikipedia.org/wiki/McMinnville_UFO_photographs,,https://domw99.github.io/Gods-Eye-UAPs/case/mcminnville-1950/,https://domw99.github.io/Gods-Eye-UAPs/#/case/mcminnville-1950
mariana-film-1950,"Mariana film, Great Falls",1950-08-15T11:25:00-07:00,false,1950,"Great Falls, Montana",United States,US,47.5053,-111.3008,city,photo-video,disputed,Explanation proposed but contested,The Air Force suggested reflections from two F-94 jets landing nearby; later analyses dispute the geometry.,film | official-document,Two bright spinning discs,Nicholas Mariana and his secretary,~16 seconds of film,"Great Falls Electrics baseball manager Nicholas Mariana filmed two bright objects crossing the sky with his 16 mm camera. The Air Force returned the film with frames missing; the case was studied by Project Blue Book, the Robertson Panel and the Condon Committee.",1,https://en.wikipedia.org/wiki/Mariana_UFO_film,,https://domw99.github.io/Gods-Eye-UAPs/case/mariana-film-1950/,https://domw99.github.io/Gods-Eye-UAPs/#/case/mariana-film-1950
navy-r5d-atlantic-1951,U.S. Navy R5D — object over the North Atlantic,1951-02-10T00:55:00-03:30,false,1951,"North Atlantic, east of Newfoundland",Canada (offshore),CA,49.8333,-50.05,area,aviation,disputed,Explanation proposed but contested,The Blue Book record card gives its consulting astronomer's view that the crew saw an astronomical display. The crew said it was a solid object that came up to meet them.,pilot-witness | military-witness | official-document,"Huge yellowish glow, semicircular",Navy flight crew and passengers,7–8 minutes,"A U.S. Navy R5D transport flying toward Newfoundland at about 10,000 ft saw a yellowish glow, like a fire, ahead and below. It rushed toward the aircraft and grew very large and bright, with a semicircular shape. Then it turned 180° and vanished over the horizon at great speed. The Air Force logged the report at 49°50′N 50°03′W. Crew member Lt. Graham Bethune later described it publicly.",2,,http://www.nicap.org/casework/2014indexes/jan-mar/510210newfoundland_dir.htm | http://ufologie.patrickgross.org/htm/bethune51.htm,https://domw99.github.io/Gods-Eye-UAPs/case/navy-r5d-atlantic-1951/,https://domw99.github.io/Gods-Eye-UAPs/#/case/navy-r5d-atlantic-1951
lubbock-lights-1951,Lubbock Lights,1951-08-30T23:30:00-06:00,false,1951,"Lubbock, Texas",United States,US,33.5779,-101.8552,city,photo-video,disputed,Explanation proposed but contested,Project Blue Book’s Edward Ruppelt concluded the lights were probably plovers reflecting street lights; the photos themselves were never shown to be faked.,photo | multiple-witnesses | official-document,V / arc formation of 15–30 bluish lights,"Texas Tech professors, residents",Seconds per pass; repeated over weeks,"Starting on 25 August 1951, three Texas Tech professors saw arcs of faint lights sweep silently overhead several times. On 30–31 August, 18-year-old Carl Hart Jr. photographed a V-shaped formation of lights from his backyard.",0,https://en.wikipedia.org/wiki/Lubbock_Lights,,https://domw99.github.io/Gods-Eye-UAPs/case/lubbock-lights-1951/,https://domw99.github.io/Gods-Eye-UAPs/#/case/lubbock-lights-1951
fort-monmouth-1951,Fort Monmouth radar and T-33 sighting,1951-09-10T11:10:00-04:00,false,1951,"Fort Monmouth and the Jersey Shore, New Jersey",United States,US,40.314,-74.045,area,radar-visual,explained,Mundane explanation widely accepted or officially assessed,"Blue Book's record card: ""Extensive investigation revealed that the target on 10 Sept was caused by a balloon. Targets on 11 September were attributed to anomalous propagation.""",radar | pilot-witness | military-witness | official-document,Fast radar target; silver disc seen from a T-33,Army radar operators; two Air Force pilots,Two days,"During a demonstration at the Army Signal Corps radar school at Fort Monmouth, an operator picked up a low target moving too fast for the automatic tracking. Minutes later, the crew of an Air Force T-33 over Point Pleasant reported a silver disc below them and dived after it. More radar targets followed the next day. The case alarmed the Pentagon and led the Air Force to reorganise Project Grudge, which became Project Blue Book.",2,,http://www.nicap.org/reports/monmouth.htm,https://domw99.github.io/Gods-Eye-UAPs/case/fort-monmouth-1951/,https://domw99.github.io/Gods-Eye-UAPs/#/case/fort-monmouth-1951
wonsan-sunchon-1952,Wonsan and Sunchon B-29 sightings,1952-01-29T00:00:00+09:00,true,1952,"Wonsan and Sunchon, North Korea",North Korea,KP,39.1528,127.4439,city,military-encounter,unresolved,No accepted explanation,"No explanation was ever settled. Air Force Lt. Gen. Otto Weyland said that “we can’t say there’s nothing to it” but that without more data a conclusive answer could not be expected, and he doubted that jet aircraft were responsible.",military-witness | pilot-witness,"Orange sphere or disc, with occasional blue flames",Two B-29 crews from different squadrons,Five minutes or more at Wonsan; about a minute at Sunchon,"Around midnight on the night of January 29, 1952, during the Korean War, the rear gunner and the central fire-control gunner of a B-29 Superfortress at 20,000 feet over Wonsan saw an orange, globe-shaped light about three feet across that stayed near the bomber for five minutes or more. A second B-29 from a different squadron, hundreds of miles away at Sunchon, reported a lighted orange sphere that followed it for about a minute on the way back to base. The two reports were made independently by trained aircrew over hostile territory, and the story was widely published in February 1952. Air Force UFO experts have argued that the wide publicity it received helped feed the 1952 wave, which ended over Washington, D.C.",0,https://en.wikipedia.org/wiki/Wonsan-Sunchon_UFO_incident,https://en.wikipedia.org/wiki/Wonsan-Sunchon_UFO_incident | http://www.nicap.org/520129wonsan_dir.htm | https://ufology.patrickgross.org/htm/korea29jan52.htm,https://domw99.github.io/Gods-Eye-UAPs/case/wonsan-sunchon-1952/,https://domw99.github.io/Gods-Eye-UAPs/#/case/wonsan-sunchon-1952
tremonton-1952,"Tremonton, Utah film",1952-07-02T11:10:00-07:00,false,1952,"Near Tremonton, Utah",United States,US,41.8127,-112.1655,area,photo-video,disputed,Explanation proposed but contested,Navy photo analysts could not identify the objects; the 1953 Robertson Panel suggested seagulls reflecting sunlight. The film was re-released in 2026 as PURSUE record DOW-UAP-PR159.,film | military-witness | official-document,About a dozen bright objects milling in the sky,Navy Chief Warrant Officer Delbert C. Newhouse and family,~1 min of 16 mm Kodachrome,"Driving about seven miles north of Tremonton, Navy photographer Delbert Newhouse stopped and filmed a group of bright objects with his Bell & Howell 16 mm camera. The Navy’s Photographic Interpretation Laboratory spent over 1,000 man-hours on it and ruled out aircraft and birds; the Robertson Panel disagreed.",0,,https://files.ncas.org/condon/text/case49.htm | https://ufologie.patrickgross.org/htm/tremonton.htm,https://domw99.github.io/Gods-Eye-UAPs/case/tremonton-1952/,https://domw99.github.io/Gods-Eye-UAPs/#/case/tremonton-1952
nash-fortenberry-1952,Nash–Fortenberry sighting,1952-07-14T20:12:00-04:00,false,1952,"Chesapeake Bay near Newport News, Virginia",United States,US,37.05,-76.35,area,aviation,unresolved,No accepted explanation,"Listed as ""unknown"" by Project Blue Book. Menzel suggested haze-distorted ground lights or fireflies; others a mirage of Venus.",pilot-witness | multiple-witnesses | official-document,Eight glowing red-orange discs in echelon,2 Pan Am pilots; independent ground witnesses,~12 seconds,"Pan American pilots William Nash and William Fortenberry, flying a DC-4 at 8,000 ft toward Norfolk, saw eight glowing discs race in formation below them, flip on edge and reverse direction, then climb west out of sight. Blue Book classified the case as unknown.",2,https://en.wikipedia.org/wiki/Nash-Fortenberry_UFO_sighting,,https://domw99.github.io/Gods-Eye-UAPs/case/nash-fortenberry-1952/,https://domw99.github.io/Gods-Eye-UAPs/#/case/nash-fortenberry-1952
washington-dc-1952,"Washington, D.C. radar-visual sightings",1952-07-19T23:40:00-04:00,false,1952,"Washington, D.C.",United States,US,38.8977,-77.0365,city,radar-visual,disputed,Explanation proposed but contested,"The Air Force attributed the radar returns to temperature inversions; radar controllers involved rejected that explanation. The widely published ""Capitol UFO"" photo shows lens flares.",radar | pilot-witness | military-witness | multiple-witnesses | official-document | photo,Radar blips; orange-red lights,"Air traffic controllers, airline and fighter pilots",Two weekends,"On consecutive Saturday nights, controllers at Washington National Airport and Andrews AFB tracked unknown targets over the capital — including the prohibited airspace over the White House and Capitol — while airline pilots saw lights where radar showed them. F-94 jets scrambled from New Castle AFB, Delaware; one pilot said lights surrounded his aircraft. The Pentagon held its largest press conference since WWII.",2,https://en.wikipedia.org/wiki/1952_Washington%2C_D.C.%2C_UFO_incident,,https://domw99.github.io/Gods-Eye-UAPs/case/washington-dc-1952/,https://domw99.github.io/Gods-Eye-UAPs/#/case/washington-dc-1952
flatwoods-1952,"Flatwoods ""monster""",1952-09-12T19:15:00-05:00,false,1952,"Flatwoods, Braxton County, West Virginia",United States,US,38.7231,-80.6508,city,close-encounter,explained,Mundane explanation widely accepted or officially assessed,"Investigator Joe Nickell concluded the light was a meteor seen over three states that evening, the pulsing red glow an aircraft beacon, and the ""monster"" a barn owl on a branch, magnified by fear. The witnesses' nausea fits fright and the smoke of the fire.",multiple-witnesses | medical,Bright light; tall figure with a spade-shaped hood,"7 (the May brothers, Kathleen May, Eugene Lemon and others)",Minutes,"Just after 7 p.m. three boys saw a bright light cross the sky and come down on the Fisher farm. They climbed the hill with Kathleen May, National Guardsman Eugene Lemon and two other boys. At the top they saw a pulsing red light, and in Lemon's flashlight beam a tall figure with a glowing face and a spade-shaped hood. It hissed, and they fled. Several later felt sick. A bright meteor was reported over Maryland, Pennsylvania and West Virginia that same evening.",1,https://en.wikipedia.org/wiki/Flatwoods_monster,,https://domw99.github.io/Gods-Eye-UAPs/case/flatwoods-1952/,https://domw99.github.io/Gods-Eye-UAPs/#/case/flatwoods-1952
topcliffe-mainbrace-1952,RAF Topcliffe disc — Exercise Mainbrace,1952-09-19T10:53:00+01:00,false,1952,"RAF Topcliffe / Dishforth, North Yorkshire",United Kingdom,GB,54.2056,-1.3822,site,military-encounter,unresolved,No accepted explanation,,military-witness | multiple-witnesses | official-document,"Silver disc, rotating",Flt Lt John Kilburn and RAF aircrew on the ground,About 20 seconds of hovering,"During NATO's Exercise Mainbrace, RAF aircrew at Topcliffe watched a silver, disc-shaped object following a Meteor jet as it came down to land at nearby Dishforth. The object descended, swinging ""like a pendulum"", hovered and rotated. It then shot away westward at high speed. The report made front pages and was raised in Parliament years later.",2,,https://www.nationalarchives.gov.uk/help-with-your-research/research-guides/ufos/ | https://en.wikipedia.org/wiki/UFO_sightings_in_the_United_Kingdom,https://domw99.github.io/Gods-Eye-UAPs/case/topcliffe-mainbrace-1952/,https://domw99.github.io/Gods-Eye-UAPs/#/case/topcliffe-mainbrace-1952
oloron-angel-hair-1952,"Oloron-Sainte-Marie ""angel hair""",1952-10-17T12:50:00+01:00,false,1952,"Oloron-Sainte-Marie, Pyrénées-Atlantiques",France,FR,43.1947,-0.6056,city,mass-sighting,disputed,Explanation proposed but contested,"Most researchers attribute ""angel hair"" falls to silk from migrating ballooning spiders, common in autumn. The Oloron filaments dissolved and no sample was analysed.",multiple-witnesses | physical-trace,"White cylinder with a train of smaller ""saucers"" in pairs","Jean-Yves Prigent of the Oloron lycée, his family and townspeople",About 20 minutes,"Around midday, residents of Oloron-Sainte-Marie saw a cottony white cylinder tilted at 45°, drifting slowly across a nearly cloudless sky. Around it were about thirty smaller objects moving in zig-zagging pairs. Long white filaments (""angel hair"") fell from them onto roofs, trees and wires, then turned to jelly and vanished. A similar event followed at Gaillac ten days later.",0,,https://en.wikipedia.org/wiki/Angel_hair_(folklore),https://domw99.github.io/Gods-Eye-UAPs/case/oloron-angel-hair-1952/,https://domw99.github.io/Gods-Eye-UAPs/#/case/oloron-angel-hair-1952
little-rissington-1952,Little Rissington Meteor encounter,1952-10-21T14:00:00+01:00,true,1952,Over Gloucestershire from RAF Little Rissington,United Kingdom,GB,51.8667,-1.7,area,radar-visual,unresolved,No accepted explanation,,pilot-witness | military-witness | radar | official-document,"Three white, perfectly circular discs",Flt Lt Michael Swiney and Lt David Crofts (Royal Navy),Minutes,"An instructor from the Central Flying School and a Royal Navy trainee broke through cloud at 12,000 ft in a Meteor T.7 and saw three white, circular objects far above, which they first took for parachutes. They climbed toward 35,000 ft, but the objects crossed their path from left to right and disappeared in a fraction of a second. Radar at Gloucester reported three objects, two Meteor F.8s were scrambled, and Southern Sector radar logged targets heading east at great speed.",2,https://en.wikipedia.org/wiki/Little_Rissington_UFO_incident,https://www.nationalarchives.gov.uk/help-with-your-research/research-guides/ufos/,https://domw99.github.io/Gods-Eye-UAPs/case/little-rissington-1952/,https://domw99.github.io/Gods-Eye-UAPs/#/case/little-rissington-1952
west-malling-1953,West Malling Vampire sighting,1953-11-03T10:00:00+00:00,true,1953,"Over RAF West Malling, Kent",United Kingdom,GB,51.2711,0.4025,area,aviation,disputed,Explanation proposed but contested,"In Parliament, the Secretary of State for Air said the object was ""a weather balloon"". The crew did not accept this.",pilot-witness | military-witness | official-document,Bright object,RAF aircrew Terry Johnson and Geoffrey Smythe,—,"Two RAF aircrew flying a de Havilland Vampire over West Malling reported an unidentified object. The report reached the House of Commons, where the Air Minister called it a weather balloon. Another MP raised it again the next day.",0,,https://www.nationalarchives.gov.uk/help-with-your-research/research-guides/ufos/ | https://en.wikipedia.org/wiki/UFO_sightings_in_the_United_Kingdom,https://domw99.github.io/Gods-Eye-UAPs/case/west-malling-1953/,https://domw99.github.io/Gods-Eye-UAPs/#/case/west-malling-1953
kinross-moncla-1953,Kinross F-89 disappearance over Lake Superior,1953-11-23T18:22:00-05:00,false,1953,"Lake Superior, off the Keweenaw Peninsula, Michigan",United States,US,47.85,-86.95,area,military-encounter,unresolved,No accepted explanation,"The Air Force said the target was a Royal Canadian Air Force C-47 flying off course and that the F-89 probably crashed after the pilot became disoriented (vertigo). The RCAF denied any intercept took place, and no wreckage of the F-89 has ever been found.",radar | military-witness | official-document,Unidentified radar target,Ground-control radar operators,About 30 minutes,"Air defense radar picked up an unidentified target over the restricted airspace near the Soo Locks. An F-89C Scorpion was scrambled from Kinross AFB, flown by 1st Lt. Felix Moncla with radar operator 2nd Lt. Robert Wilson. Ground controllers watched the fighter close on the target over Lake Superior at about 8,000 ft, until the two returns merged into one. The F-89 never answered again, and neither the aircraft nor its crew was ever found.",2,https://en.wikipedia.org/wiki/Felix_Moncla,,https://domw99.github.io/Gods-Eye-UAPs/case/kinross-moncla-1953/,https://domw99.github.io/Gods-Eye-UAPs/#/case/kinross-moncla-1953
boac-stratocruiser-1954,BOAC Stratocruiser paced by seven objects,1954-06-29T21:05:00-04:00,false,1954,"Gulf of St. Lawrence, near Sept-Îles, Quebec",Canada,CA,50.45,-66.1,area,aviation,unresolved,No accepted explanation,Suggested explanations include a mirage or other optical effect in the evening sky; none has been generally accepted.,pilot-witness | multiple-witnesses | official-document,One large dark object and six smaller ones,"Captain James Howard, First Officer Lee Boyd, crew and passengers",18 minutes,"BOAC Flight 510-196, a Boeing Stratocruiser from New York to London via Goose Bay, was cruising at 19,000 ft when the crew saw a large dark object and six smaller ones keeping pace a few miles off the port side. They held station for 18 minutes as the crew and passengers watched. Goose Bay sent up a USAF F-94. As it approached, the small objects seemed to merge into the large one, which shrank and disappeared. Captain Howard was interviewed on the BBC days later.",2,,https://en.wikipedia.org/wiki/UFO_sightings_in_the_United_Kingdom#1950s,https://domw99.github.io/Gods-Eye-UAPs/case/boac-stratocruiser-1954/,https://domw99.github.io/Gods-Eye-UAPs/#/case/boac-stratocruiser-1954
quarouble-1954,Quarouble railway encounter — Marius Dewilde,1954-09-10T22:30:00+01:00,false,1954,"Quarouble, near Valenciennes, Nord, France",France,FR,50.3883,3.5589,site,landing-trace,unresolved,No accepted explanation,"The marks on the sleepers were real, and an investigator thought they could be landing struts. But there was one witness, who had suffered a head injury the year before and later had nervous disorders, and the air police and gendarmes found no footprints or other proof.",physical-trace,Dark mass on the railway with two or more small figures,"Marius Dewilde, a 34-year-old metalworker",Minutes,"On the night of September 10, 1954, Marius Dewilde, living beside a level crossing on the Saint-Amand–Blanc-Misseron line, went into his yard after his dog barked. He saw a dark mass on the tracks and two small figures, about a metre tall with large heads like glass helmets, heading for it. When he approached, a bright light left him unable to move; the object rose and vanished to the west. Air police inspectors found symmetrical dents in the wooden sleepers at five places and displaced ballast, and one of them said the marks might fit landing struts. It became one of the best-known cases of the 1954 wave of sightings in France.",0,,https://ufologie.patrickgross.org/1954/10sep1954quarouble.htm,https://domw99.github.io/Gods-Eye-UAPs/case/quarouble-1954/,https://domw99.github.io/Gods-Eye-UAPs/#/case/quarouble-1954
salandin-1954,Salandin near-miss over Southend,1954-10-14T16:30:00+00:00,false,1954,"Over Southend-on-Sea, Essex",United Kingdom,GB,51.5459,0.7077,area,aviation,unresolved,No accepted explanation,,pilot-witness | military-witness,"Two circular objects, one silver and one gold","1 (Flt Lt James Salandin, No. 604 Squadron)",Seconds,"Flt Lt James Salandin of the Royal Auxiliary Air Force was climbing through 16,000 ft over Southend in a Meteor F.8 from North Weald when two circular objects, one silver and one gold, came toward him. The silver one came head-on, filling his windscreen, and he only narrowly avoided a collision. He reported it on landing.",2,,https://www.nationalarchives.gov.uk/help-with-your-research/research-guides/ufos/ | https://en.wikipedia.org/wiki/UFO_sightings_in_the_United_Kingdom,https://domw99.github.io/Gods-Eye-UAPs/case/salandin-1954/,https://domw99.github.io/Gods-Eye-UAPs/#/case/salandin-1954
florence-stadium-1954,Florence stadium sighting,1954-10-27T14:20:00+01:00,false,1954,"Stadio Comunale (Artemio Franchi), Florence",Italy,IT,43.7808,11.2822,site,mass-sighting,disputed,Explanation proposed but contested,"Proposed explanations include migrating spiders' silk (angel hair) catching the sunlight. A sample analysed by University of Florence chemists was reported to contain boron, silicon, calcium and magnesium, which does not fit spider silk. The sample was not preserved.",multiple-witnesses | physical-trace,Egg- or cigar-shaped objects; falling silvery filaments,"About 10,000 spectators and the players",A few minutes,"During a match between Fiorentina and Pistoiese, the crowd and players stopped to stare at objects crossing the sky over the stadium. Witnesses described slow-moving ""eggs"" or fast ""cigars"" that stopped dead. Silvery filaments drifted down onto the ground and dissolved when touched. The same day two shining objects were reported over Venice, and sightings followed across Tuscany.",0,,https://en.wikipedia.org/wiki/UFO_sightings_in_Italy,https://domw99.github.io/Gods-Eye-UAPs/case/florence-stadium-1954/,https://domw99.github.io/Gods-Eye-UAPs/#/case/florence-stadium-1954
kelly-hopkinsville-1955,Kelly–Hopkinsville encounter,1955-08-21T19:00:00-06:00,false,1955,"Sutton farm, Kelly, Kentucky",United States,US,36.9706,-87.4769,site,close-encounter,explained,Mundane explanation widely accepted or officially assessed,"Project Blue Book listed the case as a hoax. Investigators have since suggested great horned owls, which defend their nests aggressively at night and have eyes that shine in torchlight, seen by frightened people after a meteor passed overhead.",multiple-witnesses,"Light in the sky; small, glowing ""goblins""",11 members of the Sutton and Lankford households,About 10 hours,"Around 7 p.m. Billy Ray Taylor said he saw a bright light land in a gully behind the Sutton farmhouse. Over the next hours the family reported small, silvery creatures with large eyes and ears approaching the house, and they fired guns at them repeatedly. At about 11 p.m. they drove to the Hopkinsville police. Officers found bullet holes but nothing else. The family said the creatures came back after the police left.",1,https://en.wikipedia.org/wiki/Kelly%E2%80%93Hopkinsville_encounter,,https://domw99.github.io/Gods-Eye-UAPs/case/kelly-hopkinsville-1955/,https://domw99.github.io/Gods-Eye-UAPs/#/case/kelly-hopkinsville-1955
lakenheath-bentwaters-1956,Lakenheath–Bentwaters radar-visual case,1956-08-13T21:30:00+01:00,false,1956,"RAF Bentwaters & RAF Lakenheath, Suffolk",United Kingdom,GB,52.4093,0.561,area,radar-visual,unresolved,No accepted explanation,"The Condon Report judged ""the probability that at least one genuine UFO was involved appears to be fairly high""; others propose anomalous radar propagation, meteors and stars.",radar | pilot-witness | military-witness | official-document,Fast radar targets; luminous objects,USAF radar operators and ground crew; RAF Venom crews,About 6 hours,"Radar at USAF-run RAF Bentwaters tracked targets at thousands of miles per hour coming in from the sea. Lakenheath’s ground personnel then saw luminous objects, and RAF de Havilland Venom night fighters were scrambled. One pilot reported locking on before the target appeared behind him; radar showed it following the fighter.",2,https://en.wikipedia.org/wiki/Lakenheath-Bentwaters_incident,,https://domw99.github.io/Gods-Eye-UAPs/case/lakenheath-bentwaters-1956/,https://domw99.github.io/Gods-Eye-UAPs/#/case/lakenheath-bentwaters-1956
west-freugh-1957,West Freugh radar incident,1957-04-04T10:30:00+00:00,true,1957,"RAF West Freugh, near Stranraer, Scotland",United Kingdom,GB,54.8475,-4.9478,area,radar-visual,unresolved,No accepted explanation,,radar | military-witness | official-document,"Radar echo ""as large as a ship""",Radar operators at West Freugh and Ardwell,About 30 minutes,"Radar at West Freugh tracked a very large target hanging almost stationary at about 50,000 ft over the Irish Sea for ten minutes. It then rose vertically to about 70,000 ft and moved off. A second radar at Ardwell tracked it too. Operators said it made a turn no aircraft could make and gave an echo bigger than a normal aircraft, like a ship.",1,,https://www.nationalarchives.gov.uk/help-with-your-research/research-guides/ufos/ | https://en.wikipedia.org/wiki/UFO_sightings_in_the_United_Kingdom,https://domw99.github.io/Gods-Eye-UAPs/case/west-freugh-1957/,https://domw99.github.io/Gods-Eye-UAPs/#/case/west-freugh-1957
milton-torres-1957,Milton Torres — ordered to fire on a UFO,1957-05-20T20:30:00+01:00,true,1957,"Over East Anglia, from RAF Manston",United Kingdom,GB,52.3,1,area,military-encounter,disputed,Explanation proposed but contested,"One suggestion is that the target was a radar-spoofing test by U.S. electronic-warfare units (Project Palladium). This has not been confirmed, and the MoD found no record of the incident.",radar | pilot-witness | military-witness | official-document,Radar return the size of an aircraft carrier,"1 (Lt Milton Torres, USAF); ground-control radar",Minutes,"Lt Milton Torres, a USAF F-86D pilot at RAF Manston, was scrambled after ground radar tracked a large target over East Anglia. He was ordered to fire a full salvo of 24 rockets at it and got a radar lock at 32,000 ft. He said the return was as big as an aircraft carrier. Before he could fire, it accelerated off his scope at an estimated Mach 10 or more. He said a man in civilian clothes later warned him not to talk. His account was published in the UK National Archives UFO files in 2008.",2,,https://www.nationalarchives.gov.uk/help-with-your-research/research-guides/ufos/,https://domw99.github.io/Gods-Eye-UAPs/case/milton-torres-1957/,https://domw99.github.io/Gods-Eye-UAPs/#/case/milton-torres-1957
marfa-lights,Marfa lights,1957-07-01T21:30:00-06:00,true,1957,"Mitchell Flat, east of Marfa, Texas",United States,US,30.2968,-103.8903,area,recurring-lights,explained,Mundane explanation widely accepted or officially assessed,"Observers from the University of Texas at Dallas (2004) and a study over 2000–2008 concluded that most lights are car headlights on U.S. 67, distorted by layers of warm and cool desert air, along with ranch lights and campfires.",video | photo | multiple-witnesses,"Glowing orbs that split, merge and drift","Visitors to the viewing area, nightly",Recurring,"Lights seen on the desert toward the Chinati Mountains, south-west of the Marfa Lights Viewing Area on U.S. 90, are said to bob, split, merge and change colour. Local lore traces them to a cowhand in 1883, but the first published account is a 1957 Coronet magazine article. The town now promotes them to tourists.",0,https://en.wikipedia.org/wiki/Marfa_lights,,https://domw99.github.io/Gods-Eye-UAPs/case/marfa-lights/,https://domw99.github.io/Gods-Eye-UAPs/#/case/marfa-lights
rb-47-1957,RB-47 radar–ECM–visual encounter,1957-07-17T04:00:00-06:00,false,1957,Gulf Coast to Oklahoma,United States,US,32.652,-96.908,area,radar-visual,unresolved,No accepted explanation,"Condon Report Case 5 concluded the crew’s recollections were ""not adequate to allow identification""; skeptics have proposed a mix of airliner lights and ground radar. Physicist James McDonald considered it among the strongest cases.",radar | sensor-data | military-witness | pilot-witness,Intense white / red light; 2.8–3 GHz radar-like signal,6-man USAF RB-47H crew; ground radar operators,"Over 1 hour, ~700 miles","An RB-47H electronic-reconnaissance jet of the 55th Strategic Reconnaissance Wing was paced across Mississippi, Louisiana and Texas by a source seen visually by the pilots, detected by the ECM operators’ direction-finding gear, and painted by ground radar at the same position. The source blinked off on all three channels at once, then reappeared.",2,,https://files.ncas.org/condon/text/case05.htm | http://kirkmcd.princeton.edu/JEMcDonald/mcdonald_fsr_16_3_2_70.pdf,https://domw99.github.io/Gods-Eye-UAPs/case/rb-47-1957/,https://domw99.github.io/Gods-Eye-UAPs/#/case/rb-47-1957
ubatuba-1957,Ubatuba magnesium fragments,1957-09-14T12:00:00-03:00,true,1957,"Ubatuba, São Paulo, Brazil",Brazil,BR,-23.4336,-45.0838,city,landing-trace,disputed,Explanation proposed but contested,"The fragments are real and were analysed, but the story of their origin rests on a letter from an unnamed reader. Later isotope analyses found ordinary terrestrial magnesium, and sceptics regard the tale as a hoax.",physical-trace | official-document,Disc that exploded over the sea (as told),A fisherman and friends (reported in a letter),Seconds,"On September 14, 1957 the Rio de Janeiro columnist Ibrahim Sued printed a letter, with three small pieces of white metal, from a reader who said he had watched a disc explode over the sea near Ubatuba and had picked up fragments. A laboratory of Brazil’s Ministry of Agriculture and a second spectrographic analysis found the metal to be extremely pure magnesium. Ufologists, among them James Harder, argued that purity that high was hard to make at the time; later analyses of the isotopes gave normal Earth ratios, and the origin of the pieces remains unproven.",0,,http://www.ufoevidence.org/cases/case829.htm,https://domw99.github.io/Gods-Eye-UAPs/case/ubatuba-1957/,https://domw99.github.io/Gods-Eye-UAPs/#/case/ubatuba-1957
vilas-boas-1957,Antônio Vilas-Boas abduction claim,1957-10-16T01:00:00-03:00,true,1957,"São Francisco de Sales, Minas Gerais, Brazil",Brazil,BR,-19.8628,-49.7739,city,close-encounter,disputed,Explanation proposed but contested,"It is one account by one man, first told months afterwards. The researcher Peter Rogerson doubts it, noting that a similar story ran in the magazine O Cruzeiro in November 1957, before Vilas-Boas first reported his, and arguing that he may have borrowed details from it and from the contactee George Adamski.",medical,Circular or egg-shaped craft with a rotating cupola,"Antônio Vilas-Boas, a 23-year-old farmer (the only witness)",About four hours (as told),"Antônio Vilas-Boas, a farmer working at night in a field, said that on the night of October 15–16, 1957 a circular craft landed near him and that five-foot beings in grey coveralls seized him, took him aboard, took blood from his chin and exposed him to an unknown gas. He also described a sexual encounter with a female being, and said the whole episode lasted about four hours. In February 1958 Dr. Olavo Fontes of Brazil’s National School of Medicine examined him and concluded he had been exposed to a large dose of radiation, with mild radiation sickness: pains, nausea, headaches, loss of appetite and skin lesions that appeared over the following months. It is often cited as one of the earliest well-known abduction stories, and it is widely doubted.",0,https://en.wikipedia.org/wiki/Ant%C3%B4nio_Vilas-Boas,https://en.wikipedia.org/wiki/Ant%C3%B4nio_Vilas-Boas,https://domw99.github.io/Gods-Eye-UAPs/case/vilas-boas-1957/,https://domw99.github.io/Gods-Eye-UAPs/#/case/vilas-boas-1957
levelland-1957,Levelland vehicle-stopping reports,1957-11-02T22:50:00-06:00,false,1957,"Levelland, Texas",United States,US,33.5873,-102.378,city,close-encounter,disputed,Explanation proposed but contested,Project Blue Book attributed the reports to ball lightning / an electrical storm; weather records showed drizzle but little lightning.,police-witness | multiple-witnesses | em-effects | official-document,"Glowing egg-shaped object, 100–200 ft","15+ motorists, sheriff, fire chief",About 3 hours,"Over roughly three hours, motorists on several highways around Levelland independently reported a glowing, egg-shaped object on or over the road; each said their engine and headlights died until it left. Sheriff Weir Clem and Fire Chief Ray Jones saw lights as well.",0,https://en.wikipedia.org/wiki/Levelland_UFO_case,,https://domw99.github.io/Gods-Eye-UAPs/case/levelland-1957/,https://domw99.github.io/Gods-Eye-UAPs/#/case/levelland-1957
white-sands-patrols-1957,White Sands military police patrols,1957-11-03T02:30:00-07:00,false,1957,"White Sands Proving Ground (up-range), New Mexico",United States,US,33.6773,-106.4753,area,military-encounter,explained,Mundane explanation widely accepted or officially assessed,"Project Blue Book concluded the first patrol saw the half-full Moon through broken cloud, with the drifting cloud creating the apparent motion, and the second saw Venus, then near its greatest brilliance.",military-witness | official-document,"Reddish-orange, egg-shaped light",Two U.S. Army military police patrols,3 to 25 minutes,"Hours after the Soviet Union launched Sputnik 2, and on the same night as the Levelland sightings in Texas, two Army MP patrols in jeeps reported lights up-range. At about 2:30 a.m. the first saw a brilliant, reddish-orange egg-shaped light hover for about three minutes, then descend and disappear. That evening a second patrol saw a glowing object that climbed until it looked like a star. The reports reached the newspapers during the November 1957 wave. Air Force investigators found the young soldiers had talked over their sightings before reporting them.",0,,http://www.nicap.org/571103whitesands_dir.htm,https://domw99.github.io/Gods-Eye-UAPs/case/white-sands-patrols-1957/,https://domw99.github.io/Gods-Eye-UAPs/#/case/white-sands-patrols-1957
itaipu-fort-1957,Fort Itaipu sentries burned,1957-11-04T02:00:00-03:00,false,1957,"Fort Itaipu, Praia Grande, São Paulo",Brazil,BR,-24.018,-46.41,site,military-encounter,unresolved,No accepted explanation,,military-witness | medical | em-effects,Bright orange light descending from the sky,2 sentries; garrison woken by the power failure,About 3 minutes,"In the early hours, the day after Sputnik 2, two sentries at the coastal Fort Itaipu saw a bright orange light descend and stop above the fort. They said a wave of intense heat followed and both collapsed with burns. The fort's electricity failed, including the emergency circuits. Brazilian military investigators interviewed the soldiers, and American officials were reported to have joined them.",0,,https://en.wikipedia.org/wiki/UFO_sightings_in_Brazil,https://domw99.github.io/Gods-Eye-UAPs/case/itaipu-fort-1957/,https://domw99.github.io/Gods-Eye-UAPs/#/case/itaipu-fort-1957
kirtland-1957,Kirtland Air Force Base tower sighting,1957-11-04T22:45:00-07:00,false,1957,"Kirtland Air Force Base, New Mexico",United States,US,35.045,-106.61,site,radar-visual,explained,Mundane explanation widely accepted or officially assessed,"Capt. Shere of Ent AFB, who interviewed the controllers for Project Blue Book, found nothing a small private aircraft could not do and concluded that was what they saw; the radar returns matched a small plane. The Condon Report agreed, suggesting a pilot who had strayed onto the military field by mistake. The physicist James McDonald, who later spoke to the controllers, said they found the explanation amusing.",radar | official-document,"Egg-shaped object, 15–20 ft tall, with a single white light at its base",CAA tower controllers R. M. Kaser and E. G. Brink,About a minute in view; about 20 minutes on radar,"At about 10:45 p.m. on November 4, 1957, in the week of the Levelland sightings, two Civil Aeronautics Administration controllers in the tower at Kirtland AFB saw a white light cross the airfield eastward. A dark object then came down steeply near the end of runway 26 and crossed the field a few tens of feet up. Through binoculars it looked egg-shaped, 15 to 20 feet tall, with one white light at its base. It hovered within 3,000 feet of the tower for up to a minute, moved east to the base boundary and climbed fast into the overcast. Albuquerque Radar Approach Control tracked a target that turned south, circled near the low-frequency range station, hovered over the outer marker, then followed a departing C-46 for about 14 miles before returning to the marker and fading. Radar contact lasted about 20 minutes.",1,https://en.wikipedia.org/wiki/Kirtland_AFB_UFO_sighting,https://en.wikipedia.org/wiki/Kirtland_AFB_UFO_sighting | https://www.nicap.org/kirtland57dir.htm,https://domw99.github.io/Gods-Eye-UAPs/case/kirtland-1957/,https://domw99.github.io/Gods-Eye-UAPs/#/case/kirtland-1957
trindade-1958,Trindade Island photographs,1958-01-16T12:15:00-02:00,false,1958,"Trindade Island, South Atlantic",Brazil,BR,-20.5139,-29.3222,site,photo-video,disputed,Explanation proposed but contested,The Brazilian Navy examined the negatives and did not declare a hoax; skeptics argue photographer Almiro Baraúna faked them.,photo | military-witness | official-document,Saturn-like disc with a ring,Crew and scientists aboard the Almirante Saldanha,Under a minute,"As the Navy survey ship Almirante Saldanha prepared to leave Trindade during the International Geophysical Year, people on deck saw a ringed disc approach from the east, pass over Desejado Peak, turn sharply and leave to the north-west. Photographer Almiro Baraúna took four frames; President Kubitschek allowed their release.",1,https://en.wikipedia.org/wiki/UFO_sightings_in_Brazil,,https://domw99.github.io/Gods-Eye-UAPs/case/trindade-1958/,https://domw99.github.io/Gods-Eye-UAPs/#/case/trindade-1958
boianai-1959,Father Gill’s sightings at Boianai,1959-06-26T18:45:00+10:00,false,1959,"Boianai Mission, Papua (Papua New Guinea)",Papua New Guinea,PG,-10.0167,149.8833,site,close-encounter,unresolved,No accepted explanation,"Sceptics, among them Donald Menzel, identified the first bright light as Venus and later lights as other celestial objects. Several witnesses and Gill’s own written report, signed by 25 of them, describe more than a distant light.",multiple-witnesses,Disc with figures on top; bright lights,"Rev. William Booth Gill and some 38 others, most of them villagers","Hours, over two nights","On the evening of June 26, 1959 the Anglican missionary William Booth Gill saw a bright white light to the north-west of the Boianai Mission. About 38 other people, mostly staff and villagers of the mission, joined him as a large disc appeared above the station, with four figures seen moving on top of it. Gill waved and, he said, the figures waved back. The sightings continued the next night. Gill wrote a report signed by 25 witnesses, and the case was studied by the Royal Australian Air Force and by J. Allen Hynek, who counted it among the best close encounters of the third kind of its time.",0,,https://ufologie.patrickgross.org/htm/papua59report.htm,https://domw99.github.io/Gods-Eye-UAPs/case/boianai-1959/,https://domw99.github.io/Gods-Eye-UAPs/#/case/boianai-1959
red-bluff-1960,Red Bluff — California Highway Patrol sighting,1960-08-13T23:50:00-07:00,false,1960,"Red Bluff area, Tehama County, California",United States,US,40.1767,-122.2381,area,recurring-lights,explained,Mundane explanation widely accepted or officially assessed,"The Air Force concluded the Red Bluff sightings were due to atmospheric refraction, most probably of the planet Mars rising, with a strong temperature inversion and a layer of forest-fire smoke adding to the effect.",police-witness | multiple-witnesses | official-document | em-effects,Football-shaped object with red lights at each end,CHP officers Charles Carson and Stanley Scott; sheriff's deputies,More than 2 hours,"Two California Highway Patrol officers thought they were about to see an airliner crash when a large object dropped toward the road ahead of them. At about 100–200 ft it stopped, reversed and climbed. They watched it for more than two hours as it moved about the sky, swept a red beam over the area and caused radio interference. Deputies at the Tehama County sheriff's office also saw lights. Similar reports came from across northern California that week.",0,,https://www.nicap.org/600813.htm | https://ufologie.patrickgross.org/htm/clarb60.htm,https://domw99.github.io/Gods-Eye-UAPs/case/red-bluff-1960/,https://domw99.github.io/Gods-Eye-UAPs/#/case/red-bluff-1960
hill-abduction-1961,Betty and Barney Hill,1961-09-19T22:30:00-04:00,false,1961,"U.S. Route 3, Franconia Notch to Indian Head, New Hampshire",United States,US,43.9086,-71.6639,area,close-encounter,disputed,Explanation proposed but contested,"The Air Force file notes that Jupiter was low in the south-west and would have set about when the object disappeared, and that there was a strong temperature inversion. The abduction story emerged only under hypnosis in 1964. The psychiatrist, Dr. Benjamin Simon, believed it was a fantasy that grew out of Betty's dreams.",multiple-witnesses | official-document,Pancake-shaped craft with windows and lights,2 (Betty and Barney Hill),Sighting ~1 hour; about 2 hours unaccounted for,"Driving home to Portsmouth from Montreal, the Hills saw a light moving near the Moon south of Lancaster. It followed them through Franconia Notch, passing near the Cannon Mountain tramway. South of Indian Head it came down to about 100 ft over the road, and Barney saw figures at the windows through binoculars. They reached home around dawn, about two hours later than expected. Under hypnosis in 1964 both described being taken aboard, in the first widely publicised ""alien abduction"".",2,https://en.wikipedia.org/wiki/Barney_and_Betty_Hill_incident,,https://domw99.github.io/Gods-Eye-UAPs/case/hill-abduction-1961/,https://domw99.github.io/Gods-Eye-UAPs/#/case/hill-abduction-1961
bahia-blanca-1962,Bahía Blanca and Espora air base sightings,1962-05-11T20:00:00-03:00,true,1962,Bahía Blanca and Espora Naval Air Base,Argentina,AR,-38.7196,-62.2724,area,photo-video,unresolved,No accepted explanation,,photo | military-witness | multiple-witnesses,"Lighted ""railroad car""; ball of light","Base personnel, truck drivers, a newspaper photographer",Two weeks,"In May 1962 objects were reported at the Espora naval air base on May 11 and 18. On May 12, three truck drivers on Route 35 said an illuminated object like a railway carriage rose from a field, crossed the road at about 4 m and split in two. On May 21, La Nueva Provincia photographer Miguel Tohmé photographed an object over the city, and the photo made the front page. Sightings at the Puerto Belgrano naval base followed.",0,,https://en.wikipedia.org/wiki/UFO_sightings_in_Argentina,https://domw99.github.io/Gods-Eye-UAPs/case/bahia-blanca-1962/,https://domw99.github.io/Gods-Eye-UAPs/#/case/bahia-blanca-1962
socorro-zamora-1964,Socorro landing (Lonnie Zamora),1964-04-24T17:45:00-07:00,false,1964,"Socorro, New Mexico",United States,US,34.0425,-106.8978,site,landing-trace,unresolved,No accepted explanation,"Project Blue Book listed the case as ""unknown"" — one of its best-known. Proposed explanations include a lunar-lander test and a student hoax; none is confirmed.",police-witness | physical-trace | official-document,"Shiny egg / ""O"" shape on legs; red insignia",Police Sgt. Lonnie Zamora,A few minutes,"Chasing a speeder south of Socorro, Sgt. Lonnie Zamora heard a roar and saw flame, drove toward it and saw a whitish oval object in a gully with two small figures in white beside it. The object rose on a blue-orange flame and left. Investigators found scorched brush and four depressions.",1,https://en.wikipedia.org/wiki/Lonnie_Zamora_incident,,https://domw99.github.io/Gods-Eye-UAPs/case/socorro-zamora-1964/,https://domw99.github.io/Gods-Eye-UAPs/#/case/socorro-zamora-1964
big-sur-atlas-1964,"Big Sur — Atlas ""Buzzing Bee"" film",1964-09-15T12:00:00-07:00,true,1964,"Anderson Peak, Big Sur, and Vandenberg AFB, California",United States,US,36.18,-121.62,area,military-encounter,explained,Mundane explanation widely accepted or officially assessed,"Project engineer Kingston George wrote in 1993 that the film showed the re-entry vehicle releasing decoy warheads and chaff, a classified technology at the time, which Jacobs was not cleared to know about.",film | military-witness,Object circling a missile warhead,1369th Photographic Squadron team,"Seconds, on film","In 1964 an Air Force team on Anderson Peak used a telescope borrowed from Boston University to film Atlas missile launches from Vandenberg. In 1982, Robert Jacobs, the officer in charge on the mountain, said the film of one launch, nicknamed ""Buzzing Bee"", showed an object fly around the warhead and hit it with beams of light, and that the film had been confiscated. The project engineer said it showed decoy deployment.",1,https://en.wikipedia.org/wiki/Big_Sur_UFO,,https://domw99.github.io/Gods-Eye-UAPs/case/big-sur-atlas-1964/,https://domw99.github.io/Gods-Eye-UAPs/#/case/big-sur-atlas-1964
valensole-1965,Valensole landing,1965-07-01T05:45:00+01:00,false,1965,"Lavender field, Valensole, Alpes-de-Haute-Provence",France,FR,43.8376,5.9833,area,landing-trace,unresolved,No accepted explanation,Investigated by the Gendarmerie; the ground marks and the effect on lavender plants were documented but never explained.,physical-trace | official-document,Egg-shaped craft on legs; two small beings,Farmer Maurice Masse,A few minutes,Lavender farmer Maurice Masse said he found a rugby-ball-shaped craft on six legs in his field and two small beings beside it; one pointed a tube at him and he was paralysed. The craft left marks in the soil where lavender failed to grow for years.,0,https://en.wikipedia.org/wiki/UFO_sightings_in_France,,https://domw99.github.io/Gods-Eye-UAPs/case/valensole-1965/,https://domw99.github.io/Gods-Eye-UAPs/#/case/valensole-1965
antarctica-1965,Deception Island — the Antarctic sightings,1965-07-03T19:42:00-04:00,false,1965,"Argentine station, Deception Island, South Shetland Islands",Antarctica,AQ,-62.975,-60.7,site,mass-sighting,unresolved,No accepted explanation,"The Argentine Navy said in an official statement that its observers had seen a solid, lens-shaped flying object, and Lt. Daniel Perisse, at the Argentine station, said a weather balloon, a plane or a star had been ruled out. No explanation was ever published, and the photographs said to have been taken have not been released.",military-witness | multiple-witnesses | official-document | em-effects,"Lens-shaped object, mostly red and green, changing to yellow, blue, white and orange",Seventeen people at the Argentine station; nine at the Chilean station; five at the British base; two meteorologists on Laurie Island,15–20 minutes (Navy statement),"Over two winter nights in July 1965, the staff of three stations on Deception Island and of the Argentine station on Laurie Island, in the South Orkneys, reported a coloured, manoeuvring light. On July 2 five British observers saw a green and red light zig-zag, hover and speed up. On the evening of July 3, nine Chilean observers watched a light change colour and leave a steam-like trail, and at 19:42 seventeen people at the Argentine station, three Chilean visitors among them, watched a lens-shaped object. In a statement on July 6, the Argentine Navy described “a giant, lens-shaped flying object, solid in appearance, mostly red and green in color”, moving on a zig-zag course toward the east with changes of speed and direction, without sound, 10 to 15 km away. On Laurie Island, two variometers registered “sudden and strong disturbances of the magnetic field” during a 15-second sighting.",1,,https://nicap.org/docs/antarctica/650703rep.htm | http://ufologie.patrickgross.org/htm/decepcion.htm,https://domw99.github.io/Gods-Eye-UAPs/case/antarctica-1965/,https://domw99.github.io/Gods-Eye-UAPs/#/case/antarctica-1965
buenos-aires-meteors-1965,Buenos Aires — Meteors scrambled,1965-07-16T18:00:00-04:00,true,1965,Buenos Aires,Argentina,AR,-34.6037,-58.3816,city,military-encounter,unresolved,No accepted explanation,,photo | multiple-witnesses | military-witness,Two bright discs,Many residents; Argentine Air Force,About 10 minutes,"Two bright discs hung motionless over Buenos Aires for about ten minutes, then flew off at high speed. With calls pouring in, the Seventh Air Brigade scrambled three Gloster Meteor jets from Morón air base, which found nothing.",1,,https://en.wikipedia.org/wiki/UFO_sightings_in_Argentina,https://domw99.github.io/Gods-Eye-UAPs/case/buenos-aires-meteors-1965/,https://domw99.github.io/Gods-Eye-UAPs/#/case/buenos-aires-meteors-1965
heflin-santa-ana-1965,Heflin Polaroids — Santa Ana,1965-08-03T12:30:00-07:00,false,1965,"Myford Road near Santa Ana, California",United States,US,33.72,-117.79,area,photo-video,disputed,Explanation proposed but contested,"Project Blue Book classed the photographs as a hoax. Analysts argued the ""UFO"" was a small object hung or thrown near the van. Supporters point out that Heflin's originals were never shown to be faked.",photo | official-document,Hat-shaped disc; a smoke ring,"1 (Rex Heflin, highway traffic investigator)",About 20 seconds,"Orange County highway traffic investigator Rex Heflin was photographing road signs from his work van when he saw a hat-shaped object cross the road ahead. He took three Polaroid pictures through the windshield and side window, then a fourth of a smoke ring it seemed to leave behind. The photos were printed in the Santa Ana Register and studied by the Air Force and the Condon Committee.",0,,https://files.ncas.org/condon/text/case52.htm | https://ufologie.patrickgross.org/htm/heflin65.htm,https://domw99.github.io/Gods-Eye-UAPs/case/heflin-santa-ana-1965/,https://domw99.github.io/Gods-Eye-UAPs/#/case/heflin-santa-ana-1965
exeter-1965,Incident at Exeter,1965-09-03T02:00:00-04:00,false,1965,"Kensington, near Exeter, New Hampshire",United States,US,42.946917,-70.956371,site,close-encounter,disputed,Explanation proposed but contested,"The Air Force first blamed a military exercise and twinkling stars, then changed the case to ""unidentified"". A 2011 Skeptical Inquirer analysis proposed a KC-97 refuelling tanker.",police-witness | multiple-witnesses | official-document,Row of five pulsing red lights,Norman Muscarello; officers Bertrand and Hunt,About an hour in total,"Hitchhiker Norman Muscarello saw five pulsing red lights hover over a field on Route 150 and rushed to the Exeter police station. Returning with Officer Eugene Bertrand, both — and then Officer David Hunt — watched the lights rise from behind trees and move over the field.",1,https://en.wikipedia.org/wiki/Exeter_incident,,https://domw99.github.io/Gods-Eye-UAPs/case/exeter-1965/,https://domw99.github.io/Gods-Eye-UAPs/#/case/exeter-1965
kecksburg-1965,Kecksburg fireball,1965-12-09T16:45:00-05:00,false,1965,"Kecksburg, Pennsylvania",United States,US,40.1848,-79.462,area,object-event,disputed,Explanation proposed but contested,"Astronomers identified a bright bolide seen from six states and Ontario; no object was found at Kecksburg. Claims of a recovered acorn-shaped craft are unsupported, and the Soviet Kosmos 96 re-entry was ruled out by timing.",multiple-witnesses | photo | official-document,Fireball; later claims of an acorn-shaped object,Thousands across six states,Seconds (fireball),A brilliant fireball crossed the sky over the Detroit–Windsor area and was reported from Ontario to Pennsylvania. Residents of Kecksburg said something fell into the woods; state police and military personnel searched and reported finding nothing.,1,https://en.wikipedia.org/wiki/Kecksburg_UFO_incident,,https://domw99.github.io/Gods-Eye-UAPs/case/kecksburg-1965/,https://domw99.github.io/Gods-Eye-UAPs/#/case/kecksburg-1965
tully-1966,"Tully ""saucer nest""",1966-01-19T09:00:00+10:00,false,1966,"Horseshoe Lagoon near Tully, Queensland",Australia,AU,-17.93,145.93,area,landing-trace,disputed,Explanation proposed but contested,Police and the RAAF suggested a willy-willy (whirlwind) flattened the reeds; others considered it unexplained.,physical-trace | police-witness,Grey saucer rising from the lagoon,Banana grower George Pedley,Seconds,"George Pedley heard a hissing sound and saw a saucer-shaped object rise from a lagoon and climb away. In its place was a floating circle of flattened, clockwise-swirled reeds about 9 m across — the original ""saucer nest"".",0,https://en.wikipedia.org/wiki/UFO_sightings_in_Australia,,https://domw99.github.io/Gods-Eye-UAPs/case/tully-1966/,https://domw99.github.io/Gods-Eye-UAPs/#/case/tully-1966
michigan-swamp-gas-1966,"Michigan ""swamp gas"" sightings",1966-03-20T20:30:00-05:00,false,1966,"Dexter and Hillsdale, Michigan",United States,US,42.3383,-83.8886,area,mass-sighting,explained,Mundane explanation widely accepted or officially assessed,"J. Allen Hynek, the Air Force's scientific consultant, suggested that burning marsh gas might explain some of the lights over the swamps, and Blue Book filed the flap as ""marsh gas"". The explanation was widely ridiculed. Hynek later said he regretted how it was presented.",police-witness | multiple-witnesses | photo | official-document,Football-shaped object with lights; glowing lights over a swamp,"Farm family, a dozen police officers, 87 college students",Two nights,"On March 20, 1966, Frank Mannor and his son near Dexter said they walked toward a glowing, football-shaped object hovering over a swamp. About a dozen police officers reported lights. The next night 87 women at Hillsdale College watched a light hover over the campus arboretum for hours. Congressman Gerald Ford called for hearings, which led to the Condon Committee.",0,https://en.wikipedia.org/wiki/Michigan_%22swamp_gas%22_UFO_reports,,https://domw99.github.io/Gods-Eye-UAPs/case/michigan-swamp-gas-1966/,https://domw99.github.io/Gods-Eye-UAPs/#/case/michigan-swamp-gas-1966
westall-1966,Westall school sighting,1966-04-06T11:00:00+10:00,false,1966,"Westall High School, Clayton South, Melbourne",Australia,AU,-37.9411,145.1339,site,mass-sighting,disputed,Explanation proposed but contested,"Researchers have proposed a stray HIBAL cosmic-ray research balloon launched from Mildura, trailed by light aircraft.",multiple-witnesses | physical-trace,Silvery disc; descended into a paddock,200+ students and teachers,~20 minutes,"Students and staff watched a silvery disc descend behind trees into a paddock known as The Grange, then rise and leave while light aircraft circled. Several students said they saw a flattened circle in the grass.",1,https://en.wikipedia.org/wiki/Westall_UFO,,https://domw99.github.io/Gods-Eye-UAPs/case/westall-1966/,https://domw99.github.io/Gods-Eye-UAPs/#/case/westall-1966
portage-county-1966,Portage County police chase,1966-04-17T05:00:00-05:00,false,1966,"Ravenna, Ohio → Conway, Pennsylvania",United States,US,41.1575,-81.242,area,close-encounter,disputed,Explanation proposed but contested,Project Blue Book (Maj. Hector Quintanilla) concluded the officers first saw the Echo satellite and then Venus; the officers and Rep. William Stanton rejected this.,police-witness | multiple-witnesses | official-document | audio,"Bright disc-shaped light, ""as big as a house""","Deputies Dale Spaur & Wilbur Neff, officers in three towns",~1 hour; ~85 miles,"Portage County sheriff’s deputies Dale Spaur and Wilbur Neff, checking an abandoned car on Route 224, saw a brilliantly lit object rise from the woods. Told by radio to follow it, they chased it east at up to 100 mph for about 85 miles into Pennsylvania, joined by officers from East Palestine and Conway, PA, who also saw it before it shot straight up.",2,,https://www.nicap.org/660417ravenna_dir.htm,https://domw99.github.io/Gods-Eye-UAPs/case/portage-county-1966/,https://domw99.github.io/Gods-Eye-UAPs/#/case/portage-county-1966
paulding-light,Paulding Light,1966-07-01T22:30:00-05:00,true,1966,"Robbins Pond Road, near Paulding, Michigan",United States,US,46.35222,-89.17875,site,recurring-lights,explained,Mundane explanation widely accepted or officially assessed,"In May 2010 students from the optics society (SPIE) chapter at Michigan Technological University watched the light through a telescope, saw that it was a pair of car headlights, and recreated it on cue by having one of them drive U.S. 45, about 4.5 miles away, with his hazard lights on.",multiple-witnesses | photo,"A light that brightens, dims, changes colour and seems to sway","Visitors to the viewing spot, nightly since the 1960s",Recurring,"From the end of Robbins Pond Road in Michigan’s Upper Peninsula, visitors look north along a power-line cut and see a light rise, brighten, change colour and seem to sway before going out. Teenagers first reported it in 1966, and legends grew around it, the best known being the lantern of a railway brakeman killed on the line. In 2010 a group of Michigan Tech students set up a telescope at the spot and could make out pairs of headlights, then recreated the light on cue with a car on U.S. 45, the highway that crosses the line of sight about 4.5 miles away.",0,https://en.wikipedia.org/wiki/Paulding_Light,https://www.mtu.edu/news/2010/10/just-time-for-halloween-michigan-tech-students-solve-mystery-paulding-light.html | https://en.wikipedia.org/wiki/Paulding_Light,https://domw99.github.io/Gods-Eye-UAPs/case/paulding-light/,https://domw99.github.io/Gods-Eye-UAPs/#/case/paulding-light
malmstrom-echo-flight-1967,Malmstrom AFB Echo Flight shutdown,1967-03-16T08:45:00-07:00,false,1967,"Echo Flight, Malmstrom AFB missile field, Montana",United States,US,47.4836,-109.3492,area,military-encounter,explained,Mundane explanation widely accepted or officially assessed,"The 1967 Air Force report found no UFO link and rumours ""disproven"". A 2025 Pentagon report stated the shutdown was caused by a classified electromagnetic-pulse test. Later accounts by former officers (Robert Salas) described a red glowing object over the gate.",military-witness | official-document,Reported glowing red object (1990s testimony),Launch crew; security guards (later testimony),—,"All ten Minuteman I missiles of Echo Flight dropped off strategic alert almost simultaneously. Decades later, former missile officers said guards had reported a glowing red object hovering at the gate. The Air Force’s contemporaneous report found no UFO involvement.",0,https://en.wikipedia.org/wiki/Malmstrom_UFO_incident,,https://domw99.github.io/Gods-Eye-UAPs/case/malmstrom-echo-flight-1967/,https://domw99.github.io/Gods-Eye-UAPs/#/case/malmstrom-echo-flight-1967
falcon-lake-1967,Falcon Lake incident,1967-05-20T12:15:00-05:00,false,1967,"Falcon Lake, Whiteshell Provincial Park, Manitoba",Canada,CA,49.7,-95.25,area,landing-trace,disputed,Explanation proposed but contested,"RCMP, RCAF and the Condon Committee could not explain it; some soil samples were mildly radioactive, possibly from radium paint. Later marks on Michalak’s body were judged self-inflicted.",medical | physical-trace | official-document,Two glowing oval objects; one landed,Stefan Michalak,About 30 minutes,"Amateur prospector Stefan Michalak said two glowing craft descended near him; one landed on a rock outcrop. When he touched it, a blast of hot gas from a grid-like vent burned his chest. CBC has called it Canada’s best-documented UFO case.",0,https://en.wikipedia.org/wiki/Falcon_Lake_Incident,,https://domw99.github.io/Gods-Eye-UAPs/case/falcon-lake-1967/,https://domw99.github.io/Gods-Eye-UAPs/#/case/falcon-lake-1967
cussac-1967,Cussac — two children and four small black beings,1967-08-29T17:00:00+01:00,true,1967,"Cussac, Cantal, Auvergne, France",France,FR,44.9847,2.9333,site,close-encounter,unresolved,No accepted explanation,"No explanation has been agreed. The two children, aged 13 and 9, gave the same account to the police, and the police recorded a smell of sulphur and dried grass where the sphere was said to have stood. There were no other witnesses.",physical-trace | official-document,"Round craft about 4.6 m across, with four small black beings",François (13) and his sister Anne-Marie (9),Minutes,"On August 29, 1967 a 13-year-old boy, François, and his 9-year-old sister, Anne-Marie, told the local police that while watching cows in a field at Cussac they had seen four small black beings, about 120 cm tall, with a shiny, silk-like look. The beings seemed to rise in the air and enter a round craft about 4.6 metres across that hovered over the field. The police noted a smell of sulphur and dried grass at the spot the craft was said to have left. The file is one of those that the French government put online in March 2007, and one of the children was later said to have suffered lasting health effects.",0,https://en.wikipedia.org/wiki/Close_encounter_of_Cussac,https://en.wikipedia.org/wiki/Close_encounter_of_Cussac | http://www.ufoevidence.org/cases/case705.htm,https://domw99.github.io/Gods-Eye-UAPs/case/cussac-1967/,https://domw99.github.io/Gods-Eye-UAPs/#/case/cussac-1967
shag-harbour-1967,Shag Harbour crash-landing,1967-10-04T23:20:00-03:00,false,1967,"Shag Harbour, Nova Scotia",Canada,CA,43.5,-65.7,area,object-event,unresolved,No accepted explanation,"The RCMP, Canadian Coast Guard and Navy divers found no aircraft; the Condon Committee listed it as unexplained. No debris was recovered beyond a yellowish foam on the water.",police-witness | multiple-witnesses | official-document | physical-trace,Row of 4 orange lights; object floating on the sea,"RCMP officers, fishermen, residents",About an hour,Residents and three RCMP officers watched orange lights descend at an angle and hit the water off Shag Harbour. Rescue boats found a patch of yellow foam but no aircraft; no plane was missing. Earlier that evening an Air Canada crew and a fishing boat’s radar also reported unusual objects.,1,https://en.wikipedia.org/wiki/Shag_Harbour_UFO_incident,,https://domw99.github.io/Gods-Eye-UAPs/case/shag-harbour-1967/,https://domw99.github.io/Gods-Eye-UAPs/#/case/shag-harbour-1967
devon-flying-cross-1967,"Devon ""flying cross"" police chase",1967-10-24T04:00:00+01:00,false,1967,"A3072, Holsworthy to Hatherleigh, Devon",United Kingdom,GB,50.8167,-4.2,area,recurring-lights,explained,Mundane explanation widely accepted or officially assessed,"The Ministry attributed it to the planet Venus, as it did several similar sightings that month.",police-witness | multiple-witnesses | official-document,Star-spangled cross of light,PCs Roger Willey and Clifford Waycott; a motorist; two BBC engineers,About an hour,"Two police constables driving from Holsworthy to Hatherleigh saw a bright, cross-shaped light at treetop height. They followed it for about 14 miles, at up to 80 mph, and said it was like ""looking through wet glass"". A second object joined it at 04:23. A Land Rover driver saw it too. It faded at about 5 a.m. The case was raised in Parliament during the autumn 1967 ""flying cross"" wave.",2,,https://www.nationalarchives.gov.uk/help-with-your-research/research-guides/ufos/ | https://en.wikipedia.org/wiki/UFO_sightings_in_the_United_Kingdom,https://domw99.github.io/Gods-Eye-UAPs/case/devon-flying-cross-1967/,https://domw99.github.io/Gods-Eye-UAPs/#/case/devon-flying-cross-1967
minot-afb-1968,Minot AFB — B-52 radar and missile-field sightings,1968-10-24T02:30:00-05:00,false,1968,"Minot AFB and missile field, North Dakota",United States,US,48.4158,-101.3581,area,military-encounter,disputed,Explanation proposed but contested,"Blue Book's conclusion: ground sightings were probably the B-52 and the star Sirius; the radar contact and the B-52's temporary loss of UHF radio were ""possibly plasma"", similar to ball lightning; the crew's sighting could have been the star Vega or a light on the ground.",radar | military-witness | pilot-witness | photo | official-document | em-effects,Large glowing orange object,Missile maintenance and security teams; B-52 crew,About 3 hours,"Before dawn, maintenance and security teams at several Minuteman sites reported a large glowing object. A B-52 returning to Minot was asked to look for it. Its radar navigator painted a target that stayed about a mile off the bomber, and radarscope photographs were taken. The UHF radio dropped out when the object was closest. After landing, the crew described a bright light near the ground. Blue Book closed it within weeks. It is one of the best-documented military cases in the files.",2,,https://minotb52ufo.sohp.us/narrative.php | https://minotb52ufo.com/shough/ms_sec1.php,https://domw99.github.io/Gods-Eye-UAPs/case/minot-afb-1968/,https://domw99.github.io/Gods-Eye-UAPs/#/case/minot-afb-1968
fort-beaufort-1971,Fort Beaufort — police fire at an object,1971-06-26T07:00:00+02:00,true,1971,"Braeside farm near Fort Beaufort, Eastern Cape",South Africa,ZA,-32.7789,26.6353,area,close-encounter,unresolved,No accepted explanation,,police-witness | multiple-witnesses,Fireball that changed colour,"Farmer Bennie Smit, farmhands and police officers",Morning,"Farmer Bennie Smit said he, his workers and local police fired shots at a fireball-like object that changed colour as it hovered among the trees on his farm. The story went around the world. Rumours said the army investigated the site but no records were produced. The town's ""UFO Bar"" and hotel clippings kept the story alive.",0,,https://en.wikipedia.org/wiki/UFO_sightings_in_South_Africa,https://domw99.github.io/Gods-Eye-UAPs/case/fort-beaufort-1971/,https://domw99.github.io/Gods-Eye-UAPs/#/case/fort-beaufort-1971
lake-cote-1971,Lake Cote aerial survey photograph,1971-09-04T08:25:00-06:00,false,1971,"Laguna de Cote, Costa Rica",Costa Rica,CR,10.5806,-84.9097,site,photo-video,unresolved,No accepted explanation,Taken by the government’s Instituto Geográfico Nacional mapping aircraft; the object was not noticed at the time. Analyses have not produced an accepted identification.,photo | official-document,Metallic disc over the lake,None at the time (found on the negative),Single survey frame,"An Instituto Geográfico Nacional aerial-survey camera flying at about 10,000 ft photographed Lake Cote for mapping. One frame shows a disc-like object over the water that the crew never saw; the adjacent frames do not show it.",0,,http://www.nicap.org/710904costarica_dir.htm | https://ufologie.patrickgross.org/htm/decote.htm,https://domw99.github.io/Gods-Eye-UAPs/case/lake-cote-1971/,https://domw99.github.io/Gods-Eye-UAPs/#/case/lake-cote-1971
delphos-1971,Delphos ring,1971-11-02T19:00:00-06:00,false,1971,"Delphos, Kansas",United States,US,39.2686,-97.7706,city,landing-trace,unresolved,No accepted explanation,"No official body reached a conclusion. The soil results are the main physical evidence; sceptics note that the account rests on one family, and that fungi can leave rings of altered, water-repelling soil.",physical-trace | multiple-witnesses,"Mushroom-shaped, with multicoloured lights",Ronnie Johnson (16) and his parents,Minutes,"While doing evening chores on his family’s farm near Delphos, 16-year-old Ronnie Johnson saw a mushroom-shaped object, lit in many colours, hovering about 25 yards away. His parents came out to a glowing ring on the ground where it had been. It was still visible the next day. Investigators found that the soil in the ring was dry beside damp ground and would not let water through, and that it held more calcium and soluble salts and was more acidic, with a white deposit of calcium oxalate. Both calcium oxalate and oxalic acid irritate skin and eyes, and Ronnie’s parents said touching the ring numbed their fingers. It is one of the classic UFO “landing trace” cases.",0,,https://www.theblackvault.com/casefiles/analysis-soil-samples-related-delphos-kansas-november-2-1971/,https://domw99.github.io/Gods-Eye-UAPs/case/delphos-1971/,https://domw99.github.io/Gods-Eye-UAPs/#/case/delphos-1971
pascagoula-1973,Pascagoula encounter,1973-10-11T21:00:00-05:00,true,1973,"Pascagoula River, Pascagoula, Mississippi",United States,US,30.37,-88.5644,area,close-encounter,unresolved,No accepted explanation,"No physical evidence was found beyond the two men’s testimony. Sceptics see a hoax or a hallucination; the witnesses stuck to their story, including when they were secretly recorded at the sheriff’s office.",multiple-witnesses | audio,Oval object with flashing blue lights,Charles Hickson (45) and Calvin Parker (17),Not recorded,"Charles Hickson and his young colleague Calvin Parker said that while fishing from a pier on the west bank of the Pascagoula River they heard a whirring noise, saw two flashing blue lights and an oval object about 30–40 feet across, and were taken aboard by three creatures with claw-like hands, examined and returned. They went to the Jackson County sheriff’s office around 11 p.m. Officers who suspected a prank left the two alone in a room with a hidden recorder; the men’s talk matched their story. The case set off a wave of 1973 reports along the Gulf Coast and made Hickson a long-time public speaker; Parker published his own account in 2018.",0,https://en.wikipedia.org/wiki/Pascagoula_incident,https://en.wikipedia.org/wiki/Pascagoula_incident,https://domw99.github.io/Gods-Eye-UAPs/case/pascagoula-1973/,https://domw99.github.io/Gods-Eye-UAPs/#/case/pascagoula-1973
coyne-1973,Coyne helicopter incident,1973-10-18T22:30:00-04:00,false,1973,"Near Mansfield, Ohio",United States,US,40.73,-82.42,area,military-encounter,disputed,Explanation proposed but contested,"The sceptic Philip Klass argued that the crew first saw a bright fireball of the Orionid meteor shower and then misjudged what followed. Investigators for CUFOS and others reject this: by their timeline the object was in view for several minutes, and a family on the ground reported lights too.",military-witness | pilot-witness | multiple-witnesses | em-effects | official-document,"Grey cigar-shaped body, red nose light, white tail light, green beam",Four-man Army Reserve crew; a family on the ground,About 5 minutes,"An Army Reserve Bell UH-1H (tail number 68-15444) on its way from Columbus to Cleveland was cruising at 2,500 feet near Mansfield when the crew saw a red light closing on the helicopter from the east. Capt. Lawrence Coyne took the controls and began an emergency descent, expecting a collision. They then saw a cigar-shaped grey object hover over the helicopter, with a red light at the nose, a white light at the tail and a green beam that lit the cockpit. After it left, the crew found the helicopter at about 3,500 feet in a climb of 1,000 feet a minute, with the collective still fully down, and the compass spinning. The Army Reserve’s report is among the best-known official records of an aircrew encounter.",2,,http://www.nicap.org/731018mansfield_dir.htm | https://cufos.org/PDFs/books/A%20Helicopter-UFO%20Encounter%20Over%20Ohio.pdf,https://domw99.github.io/Gods-Eye-UAPs/case/coyne-1973/,https://domw99.github.io/Gods-Eye-UAPs/#/case/coyne-1973
berwyn-1974,"Berwyn Mountains ""crash""",1974-01-23T20:38:00+00:00,false,1974,"Cadair Berwyn, North Wales",United Kingdom,GB,52.8806,-3.3808,area,object-event,explained,Mundane explanation widely accepted or officially assessed,A small earthquake shook the area at the same moment that a bright fireball was seen across northern England and Wales. The lights on the hillside were most likely poachers' lamps. Investigators found no crash and no recovery.,multiple-witnesses | sensor-data,Glowing light on the hillside,Villagers across the Dee valley; a nurse who drove up the mountain,Evening,"At 20:38 a loud bang and tremor shook villages around the Berwyn Mountains, and people saw lights on the hillside. A local nurse drove up and described a glowing sphere. Police searched and found nothing. The event was later retold as a UFO crash with a secret military recovery, sometimes called ""the Welsh Roswell"". Seismographs recorded an earthquake, and meteor observers logged a fireball at the same moment.",0,https://en.wikipedia.org/wiki/Berwyn_Mountain_UFO_incident,,https://domw99.github.io/Gods-Eye-UAPs/case/berwyn-1974/,https://domw99.github.io/Gods-Eye-UAPs/#/case/berwyn-1974
coyame-1974,Coyame “crash” — Chihuahua,1974-08-25T22:00:00-07:00,true,1974,"Coyame, Chihuahua, Mexico",Mexico,MX,29.4614,-105.0972,area,object-event,disputed,Explanation proposed but contested,Historians say the reports were most likely prompted by the crash and military recovery of a Cessna used for drug smuggling. The radar story that circulates in UFO literature is known only from later retellings.,multiple-witnesses,Disc-shaped object (as told),Local residents (reported),Not recorded,"According to ufologists, residents near Coyame, in the Chihuahuan desert, reported a mid-air collision between a UFO and a small aeroplane on August 25, 1974, followed by a military recovery and a cover-up. The best-known version says U.S. air-defence radar followed a fast, high object from the Gulf of Mexico until it vanished near Coyame, and that a light aircraft that had left El Paso collided with it. Historians point instead to the real 1974 crash and recovery of a Cessna that had been carrying drugs, which they believe gave rise to the story. It is sometimes called Mexico’s Roswell. The case is listed because it is so often cited, not because the account is documented.",0,,https://en.wikipedia.org/wiki/UFO_sightings_in_Mexico | https://mexicounexplained.com/flying-saucer-crash-coyame-mexican-roswell/,https://domw99.github.io/Gods-Eye-UAPs/case/coyame-1974/,https://domw99.github.io/Gods-Eye-UAPs/#/case/coyame-1974
langenburg-1974,Langenburg rings,1974-09-01T10:30:00-06:00,false,1974,"Langenburg, Saskatchewan",Canada,CA,50.8333,-101.7,area,landing-trace,unresolved,No accepted explanation,,physical-trace | official-document | em-effects,Five domed discs,1 (farmer Edwin Fuhr),About 15 minutes,"Farmer Edwin Fuhr was swathing a rapeseed field when he saw five metallic, dome-shaped objects spinning just above the ground near a slough. He sat frozen for about 15 minutes until they rose silently in formation and left, trailing grey vapour. He said his swather would not restart. The RCMP found five rings of flattened, swirled crop matching his description, with no tracks leading in.",0,,"https://en.wikipedia.org/wiki/UFO_sightings_in_Canada#1974,_Langenburg,_Saskatchewan",https://domw99.github.io/Gods-Eye-UAPs/case/langenburg-1974/,https://domw99.github.io/Gods-Eye-UAPs/#/case/langenburg-1974
loring-1975,Loring Air Force Base intrusions,1975-10-27T19:45:00-05:00,false,1975,"Loring Air Force Base, Limestone, Maine",United States,US,46.95,-67.89,site,military-encounter,unresolved,No accepted explanation,"The Air Force never identified the object; its messages from the base describe an unidentified, helicopter-like aircraft that evaded the ground sweep. No conventional aircraft was found.",military-witness | multiple-witnesses | official-document,Low aircraft with a red light and a white strobe,"Security police, including S/Sgt Danny Lewis",About 40 minutes the first night; repeated for days,"On the evening of October 27, 1975 a security patrol at Loring Air Force Base, a Strategic Air Command base that held nuclear weapons, saw an aircraft with a red light and a white strobe approaching the north perimeter at about 300 feet. The base was put on alert and a ground sweep began. Over the next 40 minutes the object came within 300 yards of the restricted weapons storage area at about 150 feet, moving in ways described as helicopter-like, and no one could get a fix on it before it left toward Grand Falls, New Brunswick. Similar reports came from the base, and from other bases, for more than a week; Air Force messages about them were released under the Freedom of Information Act.",1,,https://en.wikipedia.org/wiki/Loring_Air_Force_Base_Alert_Area,https://domw99.github.io/Gods-Eye-UAPs/case/loring-1975/,https://domw99.github.io/Gods-Eye-UAPs/#/case/loring-1975
wurtsmith-1975,Wurtsmith Air Force Base and the KC-135 chase,1975-10-30T22:10:00-05:00,false,1975,"Wurtsmith Air Force Base, Oscoda, Michigan",United States,US,44.4513,-83.3801,site,military-encounter,unresolved,No accepted explanation,"The NORAD log called it a helicopter over the weapons storage area, but no helicopter was identified, and the tanker crew described an object that pulled away each time they closed on it. It is one of a series of intrusions at northern Strategic Air Command bases that autumn, including Loring and Malmstrom.",military-witness | pilot-witness | radar | official-document,One white light pointing down and two red lights at the rear,Base security police and the six-man crew of a KC-135 tanker,About an hour,"At about 10:10 p.m. on October 30, 1975, guards at Wurtsmith, a Strategic Air Command base on Lake Huron, saw an object with a white light pointing downward and two red lights at the rear. Minutes later security police reported an “unidentified helicopter” hovering low over the weapons storage area, and the base radar approach control picked up a target about 35 miles to the south-east. A KC-135 tanker flying nearby was asked to look. Its six-man crew, among them Maj. Frederick Pappas, saw lights and painted the object on their radar for about ten seconds, and followed it at about 2,000 feet north over Lake Huron and then south toward Saginaw Bay; each time they closed in it sped away, and Capt. Myron Taylor put its final speed at about 1,000 knots. Low on fuel, they broke off. The NORAD log recorded that the tanker “made both visual sighting and radar skin paint” and that contact was lost 25 nautical miles south-east over Lake Huron.",2,,https://www.nicap.org/reports/751030wurtsmith_rep.htm | https://ufologie.patrickgross.org/htm/sac.htm,https://domw99.github.io/Gods-Eye-UAPs/case/wurtsmith-1975/,https://domw99.github.io/Gods-Eye-UAPs/#/case/wurtsmith-1975
travis-walton-1975,Travis Walton disappearance,1975-11-05T18:10:00-07:00,false,1975,"Apache–Sitgreaves National Forest near Heber, Arizona",United States,US,34.413,-110.564,area,close-encounter,disputed,Explanation proposed but contested,"The crew passed some polygraph tests and Walton failed one. Philip Klass and Michael Shermer argued it was a hoax, with a motive: the crew was behind on a Forest Service contract, and an ""act of God"" could excuse the penalty. Walton maintains it happened.",multiple-witnesses,Glowing disc hovering over a clearing,7 (the logging crew),5 days missing,"A seven-man logging crew led by Mike Rogers was driving out of the forest after sunset when they saw a glowing disc over a clearing. Travis Walton got out and walked toward it, and the crew said a beam of light knocked him to the ground. They drove off in panic. When they came back he was gone. Police searched for five days. Walton then called his sister from a phone booth in Heber, saying he had been taken aboard. His story became the 1993 film Fire in the Sky.",0,https://en.wikipedia.org/wiki/Travis_Walton_incident,,https://domw99.github.io/Gods-Eye-UAPs/case/travis-walton-1975/,https://domw99.github.io/Gods-Eye-UAPs/#/case/travis-walton-1975
canary-islands-1976,Canary Islands sphere,1976-06-22T21:27:00+00:00,false,1976,"Canary Islands (Gran Canaria, Tenerife, Fuerteventura)",Spain,ES,28.1,-15.6,region,mass-sighting,disputed,Explanation proposed but contested,"Spanish researcher Ricardo Campo matched the 1976 sighting, and similar Canary Islands events of the period, to U.S. Navy submarine-launched Poseidon missile tests in the Atlantic, whose exhaust clouds glow in sunlight at high altitude. The Spanish Air Force report left it unexplained.",photo | military-witness | multiple-witnesses | official-document,"Light rising from the sea, then a huge glowing sphere","Several hundred, including the crew of the Spanish Navy corvette Atrevida",Over 40 minutes,"The crew of the corvette Atrevida saw a light rise from the sea, then a vast, luminous sphere spread out in the sky. Hundreds of people across Tenerife, La Palma, La Gomera and Gran Canaria saw it. A doctor near Gáldar said he saw two tall figures inside a transparent sphere. The Spanish Air Force investigation was leaked in 1977 and officially declassified in 1994.",0,https://en.wikipedia.org/wiki/UFO_sightings_in_the_Canary_Islands,,https://domw99.github.io/Gods-Eye-UAPs/case/canary-islands-1976/,https://domw99.github.io/Gods-Eye-UAPs/#/case/canary-islands-1976
tehran-1976,Tehran F-4 Phantom intercepts,1976-09-19T00:30:00+03:30,false,1976,"Tehran, Iran",Iran,IR,35.8,51.45,area,military-encounter,unresolved,No accepted explanation,"A U.S. Defense Intelligence Agency report called it ""an outstanding report"" meeting all criteria for a valid study. Skeptic Philip Klass proposed Jupiter plus coincidental equipment failures.",radar | pilot-witness | military-witness | official-document | em-effects,Brilliant flashing lights; object released a smaller one,"Controllers, two F-4 crews, a general, civilians",~3.5 hours,"After civilian reports of a bright object over Tehran’s Shemiran district, the Imperial Iranian Air Force scrambled two F-4 Phantoms from Shahrokhi AB. Both crews said their instruments and communications failed near the object; the second pilot, Maj. Parviz Jafari, reported a radar lock and that his weapons panel died as a smaller object came toward him.",3,https://en.wikipedia.org/wiki/1976_Tehran_UFO_incident,,https://domw99.github.io/Gods-Eye-UAPs/case/tehran-1976/,https://domw99.github.io/Gods-Eye-UAPs/#/case/tehran-1976
talavera-1976,Talavera la Real air base sentries,1976-11-12T01:45:00+01:00,false,1976,"Talavera la Real Air Base, Badajoz",Spain,ES,38.8913,-6.8214,site,close-encounter,unresolved,No accepted explanation,,military-witness | official-document,Intense light; tall luminous figure,3 soldiers on guard duty,About 30 minutes,"Two soldiers on night patrol at Talavera la Real air base heard a sound like radio interference that became a piercing whistle. When it stopped they saw an intense light in the sky for about 15 seconds. With a third guard and a guard dog they searched the perimeter. The dog came back cowering, and they said they saw a tall, glowing figure and fired their rifles at it before it vanished. The Spanish Air Force investigated and later released its file.",0,,https://en.wikipedia.org/wiki/UFO_sightings_in_Spain,https://domw99.github.io/Gods-Eye-UAPs/case/talavera-1976/,https://domw99.github.io/Gods-Eye-UAPs/#/case/talavera-1976
broad-haven-1977,Broad Haven schoolchildren — the Welsh Triangle,1977-02-04T12:30:00+00:00,true,1977,"Broad Haven, Pembrokeshire, Wales",United Kingdom,GB,51.7833,-5.1,site,close-encounter,disputed,Explanation proposed but contested,"A Ministry of Defence investigator found no physical evidence that anything had landed and suggested that “a local prankster” might have been responsible. The children’s drawings agreed closely, which is why the case is still told.",multiple-witnesses | official-document,Yellow cigar-shaped craft; later an “upside-down saucer”,"14 schoolchildren, then teachers and a hotel owner",Lunchtime on Feb 4; further reports to April,"At lunchtime on February 4, 1977 a group of 14 children at Broad Haven Primary School reported a yellow, cigar-shaped craft that landed in a field beyond the school grounds, and a silver creature with pointed ears. The headmaster had them draw what they saw, and the drawings agreed closely. On February 17 teachers and others said they saw the same craft, and on April 19 the owner of the Haven Fort Hotel in nearby Little Haven reported an “upside-down saucer” and two figures in a field. The wave of sightings in the area became known as the Dyfed or Welsh Triangle. A Ministry of Defence investigator found nothing to show a landing. The events were revisited in a 2023 Netflix documentary and a 2024 BBC series.",0,,https://en.wikipedia.org/wiki/Broad_Haven | https://herald.wales/west-wales/pembrokeshire/the-welsh-triangle-what-was-seen-in-the-sky-back-in-1977/ | https://www.sufon.co.uk/post/broad-haven-the-welsh-triangle,https://domw99.github.io/Gods-Eye-UAPs/case/broad-haven-1977/,https://domw99.github.io/Gods-Eye-UAPs/#/case/broad-haven-1977
petrozavodsk-1977,Petrozavodsk phenomenon,1977-09-20T04:00:00+03:00,false,1977,"Petrozavodsk, Karelia, USSR",Russia,RU,61.7849,34.3469,city,mass-sighting,disputed,Explanation proposed but contested,"Usually attributed to the launch of Kosmos-955 from Plesetsk, but the 1977 Academy of Sciences report said the phenomenon could not be satisfactorily understood.",multiple-witnesses | official-document | radar,"Glowing ""jellyfish"" showering rays","Thousands, from Helsinki to Vladivostok",~12 minutes over Petrozavodsk,"In the early hours, residents of Petrozavodsk saw a glowing object spread over the city like a jellyfish, ""raining"" shafts of light. Reports came from across the Soviet Union and Finland. The event prompted the Soviet research programme Setka.",0,https://en.wikipedia.org/wiki/Petrozavodsk_phenomenon,,https://domw99.github.io/Gods-Eye-UAPs/case/petrozavodsk-1977/,https://domw99.github.io/Gods-Eye-UAPs/#/case/petrozavodsk-1977
colares-1977,"Colares ""chupa-chupa"" & Operação Prato",1977-10-15T21:00:00-03:00,true,1977,"Colares Island, Pará",Brazil,BR,-0.9364,-48.2825,area,military-encounter,disputed,Explanation proposed but contested,"The Brazilian Air Force closed Operação Prato after about four months, reporting no unusual phenomena; its files and photos are in the Arquivo Nacional.",photo | military-witness | official-document | medical | multiple-witnesses,"Beams of light, ""chupa-chupa"" lights",Islanders; Brazilian Air Force team,Months in 1977,"Residents of Colares reported lights that fired beams and left burn-like marks. The mayor asked for help, and the Brazilian Air Force ran Operação Prato under Capt. Uyrangê Hollanda, photographing lights over several months. Hollanda gave a dramatic interview two decades later.",0,https://en.wikipedia.org/wiki/Opera%C3%A7%C3%A3o_Prato,,https://domw99.github.io/Gods-Eye-UAPs/case/colares-1977/,https://domw99.github.io/Gods-Eye-UAPs/#/case/colares-1977
emilcin-1978,Emilcin abduction report,1978-05-10T08:00:00+02:00,true,1978,"Emilcin, Lublin Voivodeship",Poland,PL,51.1367,22.0392,site,close-encounter,unresolved,No accepted explanation,,medical,"White, hovering, humming craft",1 (farmer Jan Wolski),About an hour,"Jan Wolski, a 71-year-old farmer, said that while driving his horse-drawn cart through the woods near Emilcin, two short beings with greenish faces invited him aboard a white craft hovering over a clearing. There they examined him. He was later interviewed by investigators, who found him sincere. A monument now stands near the site, one of the few UFO memorials in the world.",0,https://en.wikipedia.org/wiki/Emilcin_Abduction,,https://domw99.github.io/Gods-Eye-UAPs/case/emilcin-1978/,https://domw99.github.io/Gods-Eye-UAPs/#/case/emilcin-1978
valentich-1978,Disappearance of Frederick Valentich,1978-10-21T18:19:00+10:00,false,1978,"Bass Strait, off Cape Otway, Victoria",Australia,AU,-39.4,143.75,area,aviation,unresolved,No accepted explanation,"The Department of Transport could not determine the cause. Theories include disorientation (seeing his own lights reflected while inverted), a staged disappearance and suicide.",audio | official-document,"""Long shape"" with four bright lights, orbiting above",Pilot (radio transcript); later ground reports,~6 minutes of radio contact,"Twenty-year-old Frederick Valentich, flying a Cessna 182L from Moorabbin to King Island, told Melbourne Flight Service a large lit aircraft was orbiting over him. His last words were ""It is not an aircraft"", followed by 17 seconds of metallic noise. No trace of him or the aircraft was ever found.",2,https://en.wikipedia.org/wiki/Disappearance_of_Frederick_Valentich,,https://domw99.github.io/Gods-Eye-UAPs/case/valentich-1978/,https://domw99.github.io/Gods-Eye-UAPs/#/case/valentich-1978
clarenville-1978,Clarenville — RCMP constable watches object over the water,1978-10-26T01:30:00-02:30,true,1978,"Clarenville and Random Island, Newfoundland",Canada,CA,48.1566,-53.9651,area,recurring-lights,unresolved,No accepted explanation,,police-witness | multiple-witnesses,"Oval with a fin, lights","12, including RCMP Constable James Blackwood",1–2 hours,"In the early morning a dozen people in Clarenville called the RCMP about an object hovering over the water toward Random Island. Constable James Blackwood watched it for one to two hours through a surveillance telescope. He described an oval with a fin at the back, hanging about 100 ft above the water. When he flashed his headlights, the object seemed to flash back. It then vanished and left no trace.",0,,"https://en.wikipedia.org/wiki/UFO_sightings_in_Canada#1978,_Clarenville,_Newfoundland_and_Labrador",https://domw99.github.io/Gods-Eye-UAPs/case/clarenville-1978/,https://domw99.github.io/Gods-Eye-UAPs/#/case/clarenville-1978
zanfretta-1978,Zanfretta — the Torriglia night patrol,1978-12-06T23:30:00+01:00,false,1978,"Marzano di Torriglia, Genoa, Italy",Italy,IT,44.5056,9.1397,site,close-encounter,disputed,Explanation proposed but contested,"Sceptics say the grass imprint matched the place where the owners tied a horse, that regression hypnosis can create false memories, that the beings resembled characters in popular 1978 Italian TV and comics, and that the “footprints” were puddles. Italy’s national UFO centre (CUN) judged the case unreliable.",multiple-witnesses | official-document | physical-trace,Red oval craft over 10 m across; later a triangular craft,Pier Fortunato Zanfretta (a security guard); 52 other statements,Under an hour,"At about 11:30 p.m. on December 6, 1978 the 26-year-old security guard Pier Fortunato Zanfretta, on patrol at Marzano, in the municipality of Torriglia, noticed four lights in the garden of a mansion called Casa Nostra and then a red oval object more than ten metres across. He radioed his supervisor that “they are not men”, then contact was lost; he was found unconscious and in shock. He described three-metre beings with mottled skin, yellow triangular eyes and clawed feet. A semicircular imprint of flattened grass was found in the garden, and Carabinieri Brigadier Antonio Nucchi collected 52 statements from people who had seen strange lights that night. A neurologist found no mental disturbance in January 1979. Zanfretta later described further abductions, eleven in all between 1978 and 1981, which are the most disputed part of the story.",0,https://en.wikipedia.org/wiki/Zanfretta_UFO_Incident,https://en.wikipedia.org/wiki/Zanfretta_UFO_Incident,https://domw99.github.io/Gods-Eye-UAPs/case/zanfretta-1978/,https://domw99.github.io/Gods-Eye-UAPs/#/case/zanfretta-1978
kaikoura-1978,Kaikōura lights,1978-12-31T00:00:00+13:00,false,1978,"Kaikōura coast, New Zealand",New Zealand,NZ,-42.4,173.68,area,aviation,disputed,Explanation proposed but contested,"Explanations offered include Venus and Jupiter, squid-fishing boat lights, and meteors; none accounts for the radar returns to everyone’s satisfaction.",film | radar | pilot-witness | audio,Bright white lights with a red tinge; pulsing orb,"Safe Air crew, TV crew, Wellington radar",Two flights on Dec 30–31,"After a Safe Air crew reported lights tracked by Wellington radar on 21 December, an Australian TV crew rode along on the Argosy newspaper run. On the night of 30–31 December they filmed lights pacing the aircraft off the Kaikōura coast in colour on 16 mm film, with Wellington controllers reporting matching radar returns.",2,https://en.wikipedia.org/wiki/Kaik%C5%8Dura_lights,,https://domw99.github.io/Gods-Eye-UAPs/case/kaikoura-1978/,https://domw99.github.io/Gods-Eye-UAPs/#/case/kaikoura-1978
cecconi-treviso-1979,Cecconi G.91R photographs over Treviso,1979-06-18T11:30:00+02:00,false,1979,"Treviso Sant'Angelo air base, Veneto",Italy,IT,45.6484,12.1944,site,radar-visual,disputed,Explanation proposed but contested,"The Italian Defence Ministry later said its photo interpreters had identified the object as a cylindrical balloon made of black plastic bags (a ""solar balloon""). Cecconi rejected this, noting the object did not move in his jet's wake.",photo | radar | pilot-witness | military-witness | official-document,"Dull black, capsule-shaped, with a milky dome",Maresciallo Giancarlo Cecconi; Istrana radar; Treviso tower,About 5 minutes,"Returning from a photo-reconnaissance sortie in a G.91R, Italian Air Force pilot Giancarlo Cecconi was asked to identify an object tracked by Istrana radar over Treviso air base. He found a dull black, capsule-shaped object about 6–8 m long at about 1,300 m. He made passes within about 100 m and took more than 80 photographs with the aircraft's reconnaissance cameras. Then radar and the tower both lost it.",2,,https://www.theblackvault.com/casefiles/the-ufo-case-of-maresciallo-cecconi-june-18-1979/,https://domw99.github.io/Gods-Eye-UAPs/case/cecconi-treviso-1979/,https://domw99.github.io/Gods-Eye-UAPs/#/case/cecconi-treviso-1979
val-johnson-1979,Val Johnson — deputy's patrol car struck by a light,1979-08-27T01:40:00-05:00,false,1979,"Near Stephen, Marshall County, Minnesota",United States,US,48.4369,-97.1075,site,close-encounter,disputed,Explanation proposed but contested,"UFO researchers (Allan Hendry, Jerome Clark) consider it significant. Skeptic Philip Klass argued it was a hoax and that Johnson damaged the car himself. The patrol car is on display at the Marshall County museum.",police-witness | physical-trace | em-effects | medical,Beam of bright light just above the road,1 (Deputy Sheriff Val Johnson),Seconds; ~39 minutes unconscious,"Deputy Val Johnson was patrolling rural roads when he saw a bright light just above the road. It rushed toward his car, the car was engulfed in light, and he heard glass breaking. He said he was unconscious for 39 minutes. Deputies found the car skewed across the road. The windshield was cracked, a headlight and the roof light were broken, and an aerial was bent. Both his watch and the car's clock were 14 minutes slow. A doctor compared his eye irritation to ""welder's burns"".",0,https://en.wikipedia.org/wiki/Val_Johnson_incident,,https://domw99.github.io/Gods-Eye-UAPs/case/val-johnson-1979/,https://domw99.github.io/Gods-Eye-UAPs/#/case/val-johnson-1979
dechmont-law-1979,Dechmont Law — Robert Taylor,1979-11-09T10:15:00+00:00,false,1979,"Dechmont Law, Livingston, West Lothian",United Kingdom,GB,55.9107,-3.5485,site,close-encounter,unresolved,No accepted explanation,,physical-trace | medical | official-document,Dome-shaped object; two spiked spheres,1 (forester Robert Taylor),About 20 minutes unconscious,"Forestry worker Robert Taylor walked into a clearing on Dechmont Law and saw a large dome-shaped object hovering. He said two smaller spiked spheres rolled out, grabbed his trousers and dragged him toward it, and he passed out. He came to with torn trousers, grazes and a headache, and staggered home. Police recorded the case as an assault and found marks in the ground. It is often described as the only UFO event police have investigated as a crime. A marker now stands at the site.",0,https://en.wikipedia.org/wiki/Robert_Taylor_incident,,https://domw99.github.io/Gods-Eye-UAPs/case/dechmont-law-1979/,https://domw99.github.io/Gods-Eye-UAPs/#/case/dechmont-law-1979
manises-1979,Manises — airliner diversion & Mirage intercept,1979-11-11T23:00:00+01:00,false,1979,"Over Ibiza → Valencia-Manises Airport, Spain",Spain,ES,39.4893,-0.4816,area,aviation,disputed,Explanation proposed but contested,Spanish Air Force files declassified in the 1990s did not confirm an anomalous object; researchers attribute the lights to refinery flare stacks and bright stars/planets.,radar | pilot-witness | military-witness | official-document | em-effects,Red lights on a collision course; truncated cone,"TAE crew, 109 passengers, controllers, Mirage pilot",~1.5 hours,TAE flight JK-297 from Salzburg (via Palma) to Las Palmas saw red lights approach on a collision course near Ibiza and track the aircraft after it changed altitude. The captain diverted to Valencia — the first airliner diverted by a UFO. A Mirage F1 from Los Llanos then chased lights that accelerated away.,3,https://en.wikipedia.org/wiki/Manises_UFO_incident,,https://domw99.github.io/Gods-Eye-UAPs/case/manises-1979/,https://domw99.github.io/Gods-Eye-UAPs/#/case/manises-1979
la-joya-1980,La Joya air base pursuit,1980-04-11T07:15:00-05:00,false,1980,"La Joya air base, Arequipa, Peru",Peru,PE,-16.7914,-71.8867,site,military-encounter,unresolved,No accepted explanation,"Peru’s air force kept the case quiet for decades; no explanation has been published. Peru has since set up an office (now DIFAA) for aerial anomalies, and U.S. documents on the case were later released.",military-witness | pilot-witness | multiple-witnesses | official-document,Large balloon-shaped object,"Lt Oscar Santa María Huertas; some 1,800 people at the base",About 22 minutes,"On the morning of April 11, 1980 about 1,800 people at the La Joya base saw a large, balloon-shaped object hanging still at around 500 metres. Lt Oscar Santa María Huertas, 23, took off in a Sukhoi Su-22 and fired 64 rounds at it without effect. He reported that it climbed away at up to 950 km/h, reaching about 19,200 metres, and stopped so suddenly that he had to swerve to avoid it. Peruvian army radar was said to show only his aircraft, while operators saw the object by eye. The engagement is said to have lasted 22 minutes, until his fuel ran low. The Peruvian Air Force kept the matter classified for decades; U.S. defence documents titled “UFO sighted in Peru” have since been released.",0,,https://es.wikipedia.org/wiki/Incidente_ovni_de_la_Joya_-_Arequipa,https://domw99.github.io/Gods-Eye-UAPs/case/la-joya-1980/,https://domw99.github.io/Gods-Eye-UAPs/#/case/la-joya-1980
todmorden-godfrey-1980,Todmorden — PC Alan Godfrey,1980-11-29T05:00:00+00:00,false,1980,"Burnley Road, Todmorden, West Yorkshire",United Kingdom,GB,53.713,-2.096,site,close-encounter,unresolved,No accepted explanation,,police-witness | physical-trace,Diamond-shaped object hovering over the road,PC Alan Godfrey; other officers saw a light that night,Minutes; ~15 minutes unaccounted for,"Before dawn, PC Alan Godfrey was driving his patrol car along Burnley Road looking for missing cattle when he found a large, diamond-shaped object hovering about 5 ft above the road, blocking it. He sketched it from the car. The next thing he knew, he was farther down the road and some time had passed. He said the road surface under the object was dry though the rest was wet. Other officers reported a light in the sky that night. Later hypnosis sessions produced an abduction account.",0,,https://en.wikipedia.org/wiki/UFO_sightings_in_the_United_Kingdom,https://domw99.github.io/Gods-Eye-UAPs/case/todmorden-godfrey-1980/,https://domw99.github.io/Gods-Eye-UAPs/#/case/todmorden-godfrey-1980
rendlesham-1980,Rendlesham Forest,1980-12-26T03:00:00+00:00,false,1980,"Rendlesham Forest, outside RAF Woodbridge, Suffolk",United Kingdom,GB,52.0889,1.4492,site,military-encounter,disputed,Explanation proposed but contested,"The Ministry of Defence found no threat and did not investigate further. Skeptics attribute the lights to a fireball, the Orford Ness lighthouse (visible through the trees in the same direction) and bright stars.",military-witness | official-document | physical-trace | audio,Metallic lit object in the forest; star-like lights,USAF security police; Lt. Col. Charles Halt,Two nights,USAF security patrols at the east gate of RAF Woodbridge saw lights descend into the forest and went in to investigate. Two nights later deputy base commander Lt. Col. Charles Halt led a team that took radiation readings at three ground depressions and recorded his observations on a micro-cassette. His memo to the MoD is one of the most famous UFO documents in Britain.,1,https://en.wikipedia.org/wiki/Rendlesham_Forest_incident,https://www.nationalarchives.gov.uk/help-with-your-research/research-guides/ufos/,https://domw99.github.io/Gods-Eye-UAPs/case/rendlesham-1980/,https://domw99.github.io/Gods-Eye-UAPs/#/case/rendlesham-1980
cash-landrum-1980,Cash–Landrum incident,1980-12-29T21:00:00-06:00,false,1980,"FM 1485 near Huffman, Texas",United States,US,30.15,-95.1,area,close-encounter,disputed,Explanation proposed but contested,Army and Air Force inquiries found no helicopters or craft that matched; the witnesses’ lawsuit against the U.S. government was dismissed in 1986. Skeptics question the medical and helicopter claims.,medical | multiple-witnesses | official-document,Diamond-shaped object venting flame; escorted by ~23 helicopters,"Betty Cash, Vickie & Colby Landrum; other motorists",~20 minutes,"Driving home through the pine woods north-east of Houston, Betty Cash and Vickie Landrum with her grandson said a blazing diamond-shaped object hovered over the road, radiating heat. As it rose, they counted about two dozen helicopters, many resembling CH-47 Chinooks. All three reported injuries afterwards, and they sued the U.S. government.",1,https://en.wikipedia.org/wiki/Cash%E2%80%93Landrum_incident,,https://domw99.github.io/Gods-Eye-UAPs/case/cash-landrum-1980/,https://domw99.github.io/Gods-Eye-UAPs/#/case/cash-landrum-1980
trans-en-provence-1981,Trans-en-Provence landing trace,1981-01-08T17:00:00+01:00,false,1981,"Trans-en-Provence, Var",France,FR,43.5044,6.4861,site,landing-trace,unresolved,No accepted explanation,"The French government’s GEPAN (now GEIPAN, part of CNES) analysed soil and plant samples and reported heating and biochemical changes it could not attribute to a known cause. Skeptics suggest a vehicle or the witness.",physical-trace | official-document,"Lead-grey disc, two stacked saucers",Renato Nicolaï,Under a minute,Renato Nicolaï heard a whistle and saw an object land briefly on his terrace and fly off. The Gendarmerie took samples within a day; GEPAN’s laboratory analysis of the 2.4 m circular mark reported soil heated to 300–600 °C and chlorophyll changes in alfalfa leaves.,0,https://en.wikipedia.org/wiki/Trans-en-Provence_case,https://www.cnes-geipan.fr/,https://domw99.github.io/Gods-Eye-UAPs/case/trans-en-provence-1981/,https://domw99.github.io/Gods-Eye-UAPs/#/case/trans-en-provence-1981
morenao-stadium-1982,Morenão stadium sighting,1982-03-06T21:00:00-04:00,true,1982,"Estádio Morenão, Campo Grande, Mato Grosso do Sul",Brazil,BR,-20.5014,-54.6097,site,mass-sighting,unresolved,No accepted explanation,,multiple-witnesses,Unidentified lights,"More than 24,000 spectators, players and the referee",Minutes,"During a Brazilian championship match between Operário and Vasco da Gama, a crowd of more than 24,000 saw unidentified objects over the stadium. Players, including Cocada, and referee José de Assis Aragão described them. Among the spectators was Ademar José Gevaerd, who went on to become one of Brazil's best-known UFO researchers.",0,,https://en.wikipedia.org/wiki/UFO_sightings_in_Brazil,https://domw99.github.io/Gods-Eye-UAPs/case/morenao-stadium-1982/,https://domw99.github.io/Gods-Eye-UAPs/#/case/morenao-stadium-1982
hessdalen-lights,Hessdalen lights,1984-02-01T20:00:00+01:00,true,1984,"Hessdalen valley, Norway",Norway,NO,62.7933,11.1883,area,recurring-lights,unresolved,No accepted explanation,"Studied since 1983 by Project Hessdalen with an automated measurement station; hypotheses include combustion of dust from the valley’s ores, plasma, and piezoelectric effects.",photo | video | radar | sensor-data | multiple-witnesses,"White, yellow or red floating lights",Residents and scientists,Ongoing since ~1981,"Lights have appeared over the 12-km Hessdalen valley since at least the early 1980s, peaking at up to 20 per week in 1981–84. Unusually, they have been measured: radar, spectra, magnetometers and a permanent camera station have recorded them, but their cause is still debated.",0,https://en.wikipedia.org/wiki/Hessdalen_lights,,https://domw99.github.io/Gods-Eye-UAPs/case/hessdalen-lights/,https://domw99.github.io/Gods-Eye-UAPs/#/case/hessdalen-lights
hudson-valley-1983,"Hudson Valley ""Westchester boomerang""",1984-07-24T22:00:00-04:00,true,1984,"Brewster, Putnam County, New York",United States,US,41.3973,-73.617,area,mass-sighting,explained,Mundane explanation widely accepted or officially assessed,State police and the New York Power Authority attributed the sightings to pilots flying Cessna 152s in tight formation from Stormville Airport with coloured lights — a hoax the pilots reportedly enjoyed.,video | multiple-witnesses | police-witness,V / boomerang of coloured lights,"Thousands across Westchester, Putnam, Dutchess and Fairfield counties","Recurring, 1983–1984","For over a year residents of the Hudson Valley reported a silent boomerang or V of bright lights, sometimes ""the size of a football field"". Guards at the Indian Point nuclear plant reportedly saw it in June and July 1984, and a Brewster resident videotaped the lights on 24 July.",0,https://en.wikipedia.org/wiki/1984_Hudson_Valley_UFO_sightings,,https://domw99.github.io/Gods-Eye-UAPs/case/hudson-valley-1983/,https://domw99.github.io/Gods-Eye-UAPs/#/case/hudson-valley-1983
dalnegorsk-1986,Dalnegorsk “Height 611” crash,1986-01-29T19:55:00+10:00,false,1986,"Dalnegorsk, Primorsky Krai, Russia",Russia,RU,44.555,135.567,area,landing-trace,disputed,Explanation proposed but contested,Ball lightning and other plasma phenomena have been proposed. The reports of unusual metal fragments come mostly from the investigating group and have not been independently confirmed.,physical-trace | multiple-witnesses,Reddish sphere about 3 m across,Residents of Dalnegorsk,A few minutes,"On the evening of January 29, 1986 residents of the mining town of Dalnegorsk saw a reddish, silent sphere about three metres across flying from the south-east at some 700–800 metres, at about 15 m/s. It crossed part of the town and came down on Izvestkovaya mountain, known as Height 611, burning on the slope. Investigators reported tiny metallic droplets 2–5 mm across, and fibres in a tangle of metal, quartz and gold-coloured threads. In Russia it is often called the best-documented UFO crash, although the technical findings come mainly from the group that investigated it.",1,,https://www.roswellufomuseum.com/post/the-height-611-ufo-incident,https://domw99.github.io/Gods-Eye-UAPs/case/dalnegorsk-1986/,https://domw99.github.io/Gods-Eye-UAPs/#/case/dalnegorsk-1986
brazil-ufo-night-1986,"Brazil’s ""Official UFO Night""",1986-05-19T20:15:00-03:00,false,1986,São José dos Campos – Rio de Janeiro – Goiás,Brazil,BR,-23.2237,-45.9009,area,radar-visual,unresolved,No accepted explanation,"The Air Force commander said ""we have no explanation"". The report declassified in 2009 described objects with speeds from hovering to supersonic and 90° turns.",radar | pilot-witness | military-witness | official-document,"Red, white and green lights; 21 radar plots","Controllers, F-5E and Mirage pilots, Embraer founder Ozires Silva",~5 hours,"Controllers at São José dos Campos and radar across south-east Brazil tracked about 21 unknown contacts. Embraer’s founder, flying in, saw red lights; the Air Force scrambled F-5Es from Santa Cruz and Mirage IIIs from Anápolis. Pilots reported lights that kept their distance and targets that appeared behind them.",3,https://en.wikipedia.org/wiki/1986_Brazilian_UFO_incident,,https://domw99.github.io/Gods-Eye-UAPs/case/brazil-ufo-night-1986/,https://domw99.github.io/Gods-Eye-UAPs/#/case/brazil-ufo-night-1986
torpo-1986,Torpo film,1986-07-13T21:00:00+02:00,true,1986,"Mountain farm near Torpo, Hallingdal",Norway,NO,60.6667,8.7167,area,photo-video,unresolved,No accepted explanation,,video | multiple-witnesses,"Two bright objects, one flashing and throwing sparks",A family and friends at a mountain farm,Minutes,"A couple at a mountain farm near Torpo, with their son and friends, watched two bright objects in the evening sky, one moving dramatically, flashing and throwing off sparks. The husband filmed them. Ground Saucer Watch found no sign of a hoax, but said the apparent motion could come from camera shake and that the lack of reference points made the film inconclusive.",0,,https://en.wikipedia.org/wiki/UFO_sightings_in_Norway,https://domw99.github.io/Gods-Eye-UAPs/case/torpo-1986/,https://domw99.github.io/Gods-Eye-UAPs/#/case/torpo-1986
jal-1628-1986,Japan Air Lines Flight 1628,1986-11-17T17:11:00-09:00,false,1986,Over north-east Alaska,United States,US,64.84,-147.72,area,aviation,disputed,Explanation proposed but contested,The FAA’s radar returns were later dismissed as clutter / a split image; Philip Klass argued the crew saw Jupiter and Mars. The FAA found the crew professional and rational.,radar | pilot-witness | official-document,"Two small lights and a huge ""mothership""",Capt. Kenji Terauchi and crew,"~50 minutes, ~400 miles","A JAL Boeing 747 freighter on the Reykjavík–Anchorage leg reported three objects pacing it at 35,000 ft, including one Terauchi described as enormous. Anchorage controllers reported returns near the aircraft; the objects stayed with the plane through turns and descents until near Talkeetna.",2,https://en.wikipedia.org/wiki/Japan_Air_Lines_Cargo_Flight_1628,,https://domw99.github.io/Gods-Eye-UAPs/case/jal-1628-1986/,https://domw99.github.io/Gods-Eye-UAPs/#/case/jal-1628-1986
gulf-breeze-1987,Gulf Breeze photographs,1987-11-11T17:00:00-06:00,true,1987,"Gulf Breeze, Florida",United States,US,30.3571,-87.1639,city,photo-video,explained,Mundane explanation widely accepted or officially assessed,Considered a hoax. In 1990 the new owners of Ed Walters's former house found a styrofoam model UFO in the attic that a reporter used to reproduce the photos almost exactly. A local teenager also said he had helped fake them. Walters said the model was planted.,photo | video | multiple-witnesses,Cylindrical craft with a ring of portholes and a glowing base,Ed Walters; other residents later came forward,Six months,"Contractor Ed Walters gave the Gulf Breeze Sentinel five Polaroids of a glowing craft he said hovered near his home. Over six months he produced dozens more photos and video, and described being hit by a blue beam and seeing aliens. Researchers such as Bruce Maccabee backed the photos, and other residents reported sightings. After the model was found in 1990 and a reporter recreated the pictures, the case became a textbook example of a UFO photo hoax.",0,https://en.wikipedia.org/wiki/Gulf_Breeze_UFO_incident,,https://domw99.github.io/Gods-Eye-UAPs/case/gulf-breeze-1987/,https://domw99.github.io/Gods-Eye-UAPs/#/case/gulf-breeze-1987
ilkley-moor-1987,Ilkley Moor photograph,1987-12-01T08:00:00+00:00,true,1987,"Ilkley Moor, West Yorkshire, England",United Kingdom,GB,53.9,-1.8,area,photo-video,disputed,Explanation proposed but contested,"Critics say the blurry photograph could show a person or a cardboard cutout, and ask why no picture of the craft was taken. Kodak experts found no sign of tampering, but the image is too grainy for firm conclusions, and the account changed under hypnosis.",photo,Small green humanoid; two-part silver craft,"Philip Spencer, a retired police officer (a pseudonym)",Minutes; about two hours unaccounted for,"On the morning of December 1, 1987 Philip Spencer, a retired police officer, was walking across Ilkley Moor, between Ilkley and Keighley, when he said he met a small dark-green figure about 1.2 metres tall, with a large head and long thin arms. He took one photograph before it ran off, then saw a whitish, two-part craft rise from the moor with a loud hum. About two hours were missing from his journey, and his compass pointed the wrong way. A wildlife photographer said the figure matched no known animal and Kodak found no signs of tampering, but the US Navy optics specialist Bruce Maccabee called the image too grainy to test. Under hypnosis in March 1988 his story changed to one of being taken aboard and examined.",0,https://en.wikipedia.org/wiki/Ilkley_Moor_UFO_incident,https://en.wikipedia.org/wiki/Ilkley_Moor_UFO_incident | https://ufologie.patrickgross.org/htm/ilkleymoor.htm,https://domw99.github.io/Gods-Eye-UAPs/case/ilkley-moor-1987/,https://domw99.github.io/Gods-Eye-UAPs/#/case/ilkley-moor-1987
mundrabilla-1988,Knowles family encounter,1988-01-20T04:00:00+08:00,false,1988,"Nullarbor Plain, between Madura and Mundrabilla, Western Australia",Australia,AU,-31.87,127.45,area,close-encounter,unresolved,No accepted explanation,"No explanation has been established. The account rests on the four family members’ testimony and the physical details they described, and has been widely reported in Australia.",multiple-witnesses | physical-trace,Large glowing ball,"Faye Knowles and her sons Patrick, Sean and Wayne",About 90 minutes (as told),"In the early hours of January 20, 1988, the Knowles family were driving across the Nullarbor Plain in their station wagon when a bright light appeared ahead. They said a large glowing object pursued the car for a long time and finally came down on the roof; the car seemed to be lifted off the road, and the engine and voices changed as if time were slowing. Mrs Knowles said she reached out of the rear window, felt something soft and warm on the roof, and found her hand covered in black dust. When the car dropped back onto the road a rear tyre burst. The family reported it at Mundrabilla. It is one of Australia’s best-known close-encounter stories.",0,,http://www.ufoevidence.org/cases/case1090.htm,https://domw99.github.io/Gods-Eye-UAPs/case/mundrabilla-1988/,https://domw99.github.io/Gods-Eye-UAPs/#/case/mundrabilla-1988
villa-urquiza-1988,Villa Urquiza Christmas sighting,1988-12-25T19:00:00-02:00,true,1988,"Villa Urquiza, Buenos Aires",Argentina,AR,-34.5733,-58.4969,city,mass-sighting,unresolved,No accepted explanation,,multiple-witnesses,Silver object,"More than 7,500",Minutes,"On Christmas Day 1988 a silver object crossed the Villa Urquiza neighbourhood of Buenos Aires, watched by thousands of people. The city airport reported an object heading west toward Avenida General Paz. It is often called Argentina's most spectacular UFO sighting.",1,,https://en.wikipedia.org/wiki/UFO_sightings_in_Argentina,https://domw99.github.io/Gods-Eye-UAPs/case/villa-urquiza-1988/,https://domw99.github.io/Gods-Eye-UAPs/#/case/villa-urquiza-1988
voronezh-1989,Voronezh park landing,1989-09-27T18:30:00+03:00,false,1989,"Voronezh, RSFSR (Russia)",Russia,RU,51.6608,39.2003,city,close-encounter,disputed,Explanation proposed but contested,Reported by the Soviet news agency TASS; later widely regarded as a children’s story amplified by the press.,multiple-witnesses | physical-trace,Large red sphere / oval,Mainly children in a city park,Minutes,TASS reported that children in a Voronezh park saw a large red ball land and tall beings emerge. Soviet reporting of the case — unusual at the time — made headlines worldwide.,0,https://en.wikipedia.org/wiki/Voronezh_UFO_incident,,https://domw99.github.io/Gods-Eye-UAPs/case/voronezh-1989/,https://domw99.github.io/Gods-Eye-UAPs/#/case/voronezh-1989
belgian-wave-1990,Belgian UFO wave — F-16 intercepts,1990-03-30T23:00:00+02:00,false,1990,"Brussels – Wavre – Gembloux, Belgium",Belgium,BE,50.62,4.72,area,radar-visual,disputed,Explanation proposed but contested,The Belgian Air Force report left the radar contacts unexplained; critics attribute the F-16 lock-ons to the other fighter and to Bragg scattering. The famous Petit-Rechain triangle photo was admitted to be a hoax in 2011.,radar | military-witness | police-witness | multiple-witnesses | official-document,Dark triangle with bright corner lights,"~13,500 reports in the wave; gendarmes; Air Force",Wave: Nov 1989 – Apr 1990,"Beginning with a sighting by two gendarmes at Eupen on 29 November 1989, thousands of Belgians reported large, slow triangles with lights. On the night of 30–31 March 1990, after ground and radar reports, two Belgian Air Force F-16s from Beauvechain made nine interception attempts and obtained brief radar locks; the Air Force published its report openly.",2,https://en.wikipedia.org/wiki/Belgian_UFO_wave,,https://domw99.github.io/Gods-Eye-UAPs/case/belgian-wave-1990/,https://domw99.github.io/Gods-Eye-UAPs/#/case/belgian-wave-1990
calvine-1990,Calvine photograph,1990-08-04T21:00:00+01:00,false,1990,"Moors above Calvine, Perthshire",United Kingdom,GB,56.768,-3.958,area,photo-video,unresolved,No accepted explanation,The MoD never explained it; proposed explanations include a rock reflected in water and a hoax. The photographers have never been identified.,photo | official-document,Large diamond hovering; a Harrier jet nearby,Two unidentified walkers,~10 minutes,"Two men walking above Calvine photographed a large, silent diamond-shaped object hovering while a military jet flew past. Their negatives went from the Daily Record to the Ministry of Defence and vanished. A surviving print surfaced in 2022 and was published worldwide.",0,https://en.wikipedia.org/wiki/Calvine_UFO_photograph,https://www.nationalarchives.gov.uk/help-with-your-research/research-guides/ufos/,https://domw99.github.io/Gods-Eye-UAPs/case/calvine-1990/,https://domw99.github.io/Gods-Eye-UAPs/#/case/calvine-1990
montreal-bonaventure-1990,Montreal — lights over the Bonaventure Hotel,1990-11-07T19:20:00-05:00,false,1990,"Hôtel Bonaventure, downtown Montreal, Quebec",Canada,CA,45.4993,-73.5641,site,mass-sighting,unresolved,No accepted explanation,,multiple-witnesses | police-witness,Ring of 8–10 bright lights; a huge round form,"Hotel guests and staff, passers-by, police officers",3 hours,"From 7:20 to 10:20 p.m., people on the rooftop pool deck of the Bonaventure Hotel and in the streets below watched 8 to 10 lights hanging in a circle above them, sending down bright white rays. Some described a huge round object behind the lights. Police officers attended, and the next day La Presse reported the sighting. It drifted slowly north and was never identified.",0,,"https://en.wikipedia.org/wiki/UFO_sightings_in_Canada#1990,_Montreal,_Quebec",https://domw99.github.io/Gods-Eye-UAPs/case/montreal-bonaventure-1990/,https://domw99.github.io/Gods-Eye-UAPs/#/case/montreal-bonaventure-1990
alitalia-lydd-1991,Alitalia MD-80 near miss over Kent,1991-04-21T20:00:00+01:00,true,1991,"Near Lydd, Kent, England",United Kingdom,GB,50.95,0.94,area,aviation,unresolved,No accepted explanation,"The Civil Aviation Authority and the Ministry of Defence looked at missiles, weather balloons and rockets and ruled each one out, then closed the inquiry without an answer. The files were released by the National Archives in October 2008.",pilot-witness | radar | official-document,"Brown, missile-shaped object","Capt. Achille Zaghetti, with 57 people aboard",Seconds,"At about 8 p.m. on April 21, 1991, an Alitalia MD-80 flying from Milan to Heathrow with 57 people aboard was at 22,000 feet over the army ranges at Lydd, on the Kent coast, when Capt. Achille Zaghetti saw a brown, missile-shaped object pass about 1,000 feet above the airliner and shouted “Look out, look out”. The London control centre told him it had an unknown target on radar 10 nautical miles behind him. The Ministry of Defence and the Civil Aviation Authority investigated as an airmiss, ruled out a missile, a weather balloon and a rocket, and closed the case unsolved.",1,,https://www.irishexaminer.com/world/arid-30382660.html | https://www.kentonline.co.uk/kent/news/mod-reveals-kent-x-files-a76947/,https://domw99.github.io/Gods-Eye-UAPs/case/alitalia-lydd-1991/,https://domw99.github.io/Gods-Eye-UAPs/#/case/alitalia-lydd-1991
mexico-city-eclipse-1991,Mexico City eclipse videos,1991-07-11T13:24:00-06:00,false,1991,"Mexico City, Mexico",Mexico,MX,19.4326,-99.1332,city,photo-video,disputed,Explanation proposed but contested,"Astronomers identified the brightest object as Venus (with Mars and Regulus nearby), made visible by the darkness of totality. Reflections in glass, camera artefacts and hoaxes account for others; not every video has been explained.",video | photo | multiple-witnesses,"Metallic disc or bright point, sometimes with a wavy haze",Dozens of video and photo recordings by different people,"Minutes, during totality","Millions in Mexico watched the total solar eclipse of July 11, 1991, with totality in Mexico City at 13:24 and lasting more than six minutes. At least 16 photographers and videographers recorded a bright, disc-like object near the Sun in the sky, some with a wavy trail of haze behind it. The sightings were widely seen on television and the case is a classic in Mexican ufology. Astronomers pointed out that the darkness of totality shows Venus, which stood a few degrees from the star Regulus, and that other planets also come into view, which fits many of the videos but not necessarily the apparent motion some of them show.",0,,https://astronomyufo.com/UFO/mexico.htm,https://domw99.github.io/Gods-Eye-UAPs/case/mexico-city-eclipse-1991/,https://domw99.github.io/Gods-Eye-UAPs/#/case/mexico-city-eclipse-1991
cosford-1993,Cosford incident,1993-03-30T21:00:00+01:00,false,1993,"RAF Cosford and RAF Shawbury, Shropshire",United Kingdom,GB,52.6403,-2.3056,area,military-encounter,disputed,Explanation proposed but contested,"Most of the evening reports matched the re-entry of the rocket body that had launched the Russian satellite Cosmos 2238. The MoD found no threat. Nick Pope, who investigated for the MoD, argued that later reports, including a meteorological officer's at RAF Shawbury, were never explained.",military-witness | police-witness | multiple-witnesses | official-document,Triangular craft; lights in formation,"Police officers, RAF personnel, members of the public",About 5 hours,"Over the night of March 30–31, 1993, police officers, RAF personnel and the public across England and Wales reported lights in formation and a large triangular craft. A patrol at RAF Cosford saw it pass over the base. At RAF Shawbury a meteorological officer described a huge craft moving slowly across the airfield and sweeping a light beam over the ground. The MoD's Nick Pope pressed the case internally, and the files were later released to The National Archives.",0,,https://www.nationalarchives.gov.uk/help-with-your-research/research-guides/ufos/,https://domw99.github.io/Gods-Eye-UAPs/case/cosford-1993/,https://domw99.github.io/Gods-Eye-UAPs/#/case/cosford-1993
air-france-3532-1994,Air France 3532 — radar-visual over Coulommiers,1994-01-28T13:14:00+01:00,false,1994,"Near Coulommiers, Seine-et-Marne, France",France,FR,48.8156,3.0836,area,radar-visual,unresolved,No accepted explanation,"GEIPAN, the French space agency’s UAP office, classes the case as unexplained after investigation. The military radar track is real but does not match the crew’s account closely: the crew saw a stationary object far off to the left, while the radar target was about a mile to the right and moving. Both vanished at the same moment.",pilot-witness | radar | official-document,Huge brown or dark-red disc or bell that seemed to change shape,"Capt. Jean-Charles Duboc, First Officer Valérie Chauffour and a chief steward",About one minute,"At 13:14 on January 28, 1994, the crew of Air France flight 3532, an Airbus A320 from Nice to London, was cruising at about 11,900 metres near Coulommiers, east of Paris, when the chief steward and both pilots saw a huge object, like a brown bell or disc, off to the left. It seemed to change shape, stayed in view for about a minute and then vanished abruptly. Reims air traffic control had no traffic there, but the military radar at Cinq-Mars-la-Pile recorded a track for about 50 seconds that crossed the airliner’s path and disappeared at the same moment the crew lost sight of the object. The radar return and the crew’s description do not agree on distance or side, which is part of why the case remains open.",1,,https://www.cnes-geipan.fr/fr/cas/1994-01-01345 | https://ufologie.patrickgross.org/ufology/af3532rt.htm,https://domw99.github.io/Gods-Eye-UAPs/case/air-france-3532-1994/,https://domw99.github.io/Gods-Eye-UAPs/#/case/air-france-3532-1994
ariel-school-1994,"Ariel School, Ruwa",1994-09-16T10:15:00+02:00,false,1994,"Ariel School, Ruwa, Zimbabwe",Zimbabwe,ZW,-17.86352,31.29114,site,close-encounter,disputed,Explanation proposed but contested,Skeptics suggest mass suggestion after a meteor/re-entry seen across southern Africa two days earlier; many former pupils still stand by their accounts.,multiple-witnesses,Silver craft landing in scrub; small beings,62 pupils aged 5–12,~15 minutes,"During morning break, 62 children said a silver craft landed in bush beside the playground and one or two small figures in black watched them. Their drawings were collected within days, and Harvard psychiatrist John Mack interviewed them.",0,https://en.wikipedia.org/wiki/Ariel_School_UFO_incident,,https://domw99.github.io/Gods-Eye-UAPs/case/ariel-school-1994/,https://domw99.github.io/Gods-Eye-UAPs/#/case/ariel-school-1994
ba5061-manchester-1995,British Airways 5061 near miss over the Pennines,1995-01-06T18:48:00+00:00,false,1995,About 8 nautical miles south-east of Manchester Airport,United Kingdom,GB,53.26,-2.12,area,aviation,unresolved,No accepted explanation,"The Civil Aviation Authority’s Joint Airmiss Working Group could not identify the object and rated the airmiss “unassessable”. No other aircraft or balloon was found, and no radar return was seen.",pilot-witness | official-document,Wedge-shaped object with small white lights and a black stripe,Capt. Roger Wills and First Officer Mark Stuart,About 2 seconds,"At 18:48 on January 6, 1995, British Airways flight 5061, a Boeing 737 from Milan with 60 passengers aboard, was descending through about 4,000 feet over the Pennines toward Manchester when both pilots saw a lighted object pass very close down the right side, going the other way. They described it as wedge-shaped, with small white lights and a black stripe; the first officer ducked as it went by. Nothing showed on radar. The Joint Airmiss Working Group studied the report and, unable to identify the object, called it “unassessable”.",2,,http://ufologie.patrickgross.org/htm/manchester95.htm,https://domw99.github.io/Gods-Eye-UAPs/case/ba5061-manchester-1995/,https://domw99.github.io/Gods-Eye-UAPs/#/case/ba5061-manchester-1995
bariloche-1995,Bariloche — the blackout and Aerolíneas Argentinas 674,1995-07-31T20:15:00-03:00,false,1995,"San Carlos de Bariloche airport, Río Negro, Argentina",Argentina,AR,-41.151,-71.158,site,aviation,unresolved,No accepted explanation,"No explanation was found. Carlos Angueira, president of a local astronomy association, rejected a meteorite or a refraction, saying such things cannot “stop in the middle of the sky”. The case drew new attention in 2026, when it appeared among the Latin American incidents in UAP files released by the Pentagon.",pilot-witness | multiple-witnesses | em-effects,"A light between white and amber, like a star but much larger; later described as green and white, about 30 m across","Capt. Jorge Polanco, his crew and passengers; the tower chief, Daniel García; the crew of a Gendarmería Cheyenne",15–17 minutes,"At about 8:15 p.m. on July 31, 1995, Aerolíneas Argentinas flight 674, a Boeing 727 from Buenos Aires under Capt. Jorge Polanco, was coming in to land at Bariloche when the airport lost power, and then the whole city went dark as the airliner neared the runway, forcing a go-around. A light “between white and amber”, like a star but much larger and brighter, then flew on a parallel course about 100 metres from the plane. When the power came back the 727 climbed to 3,000 metres, descended and landed, and the light left at full speed toward the south-east. The tower chief and the crew of a Gendarmería Cheyenne flying 600 metres higher saw it too, and the tower’s instruments swung from one direction to another for no clear reason. Interviewed in 2026, Polanco said: “It pursued us, accompanied us for 17 minutes.”",1,,https://www.infobae.com/estados-unidos/2026/05/11/nos-persiguio-durante-17-minutos-el-impactante-relato-del-piloto-argentino-que-vio-un-ovni-y-cuyo-caso-fue-desclasificado-por-eeuu/ | https://ufologie.patrickgross.org/press/clarin2aug1995.htm,https://domw99.github.io/Gods-Eye-UAPs/case/bariloche-1995/,https://domw99.github.io/Gods-Eye-UAPs/#/case/bariloche-1995
varginha-1996,"Varginha ""ET""",1996-01-20T15:30:00-02:00,false,1996,"Varginha, Minas Gerais",Brazil,BR,-21.5514,-45.4303,city,close-encounter,explained,Mundane explanation widely accepted or officially assessed,"A Brazilian Army inquiry concluded that the women had seen a local man with a mental disability, known as ""Mudinho"", and that the military movements were routine.",multiple-witnesses | official-document,Crouching humanoid with red eyes,3 young women; later many rumours,Seconds,"Three young women said they saw a strange creature crouched near a wall, with vein-like marks on its skin, three bumps on its head and eyes like ""two red balls"". Rumours followed of military trucks carrying captured beings, bodies at hospitals, a police officer's death and animal deaths at the zoo. It became Brazil's best-known UFO story and a local tourist theme.",0,https://en.wikipedia.org/wiki/Varginha_UFO_incident,,https://domw99.github.io/Gods-Eye-UAPs/case/varginha-1996/,https://domw99.github.io/Gods-Eye-UAPs/#/case/varginha-1996
pretoria-police-chase-1996,Pretoria police helicopter chase,1996-08-28T04:00:00+02:00,false,1996,"Pretoria to Cullinan, Gauteng",South Africa,ZA,-25.6728,28.5208,area,recurring-lights,unresolved,No accepted explanation,,police-witness | video | multiple-witnesses,"Bright, colour-changing light",About 200 police officers; helicopter crew,Hours,"At 4 a.m., Sgt Nico Stander of the Adriaan Vlok police station in Pretoria reported lights in the sky, which were videotaped. Some 200 officers and a Bo-105 police helicopter followed them east. The helicopter gave up at about 10,000 ft over the Cullinan area when it ran low on fuel. The lights were seen again on the nights of August 31 and September 1.",1,,https://en.wikipedia.org/wiki/UFO_sightings_in_South_Africa,https://domw99.github.io/Gods-Eye-UAPs/case/pretoria-police-chase-1996/,https://domw99.github.io/Gods-Eye-UAPs/#/case/pretoria-police-chase-1996
wash-1996,The Wash incident,1996-10-05T04:00:00+01:00,true,1996,"The Wash, Lincolnshire coast",United Kingdom,GB,52.9167,0.25,area,radar-visual,explained,Mundane explanation widely accepted or officially assessed,"The radar returns were at least partly explained as echoes from St Botolph's Church (""the Boston Stump""), and the visual sightings as stars and planets.",police-witness | radar | official-document,"Rotating, multicoloured light",Police officer David Leyland; other witnesses,Hours,"In the early morning a police officer on the Lincolnshire coast reported a rotating, multicoloured object over The Wash. The Claxby air traffic control radar reported a return in the same area. The report went up through RAF Kinloss and MoD Northwood before the conventional explanation was accepted.",0,,https://www.nationalarchives.gov.uk/help-with-your-research/research-guides/ufos/ | https://en.wikipedia.org/wiki/UFO_sightings_in_the_United_Kingdom,https://domw99.github.io/Gods-Eye-UAPs/case/wash-1996/,https://domw99.github.io/Gods-Eye-UAPs/#/case/wash-1996
phoenix-lights-1997,Phoenix Lights,1997-03-13T19:55:00-07:00,false,1997,"Henderson, NV → Phoenix → Tucson, Arizona",United States,US,33.4484,-112.074,city,mass-sighting,explained,Mundane explanation widely accepted or officially assessed,"The ~20:00–20:45 V-formation was traced to A-10 aircraft of Operation Snowbird returning to Davis-Monthan AFB; the ~22:00 row of lights filmed over Phoenix were LUU-2 flares dropped over the Barry Goldwater Range. Some witnesses, including then-governor Fife Symington, reject this.",video | photo | multiple-witnesses,Huge V / carpenter’s square with five lights,Thousands along a 300-mile corridor,~2.5 hours,"A V-shaped formation of lights was reported moving south-east from the Nevada line, over Prescott Valley and Phoenix to Tucson. Later that night a stationary row of amber lights was widely filmed over Phoenix. The event remains one of the most-witnessed UFO events in U.S. history.",2,https://en.wikipedia.org/wiki/Phoenix_Lights,,https://domw99.github.io/Gods-Eye-UAPs/case/phoenix-lights-1997/,https://domw99.github.io/Gods-Eye-UAPs/#/case/phoenix-lights-1997
southern-illinois-2000,Southern Illinois police sightings,2000-01-05T04:00:00-06:00,false,2000,"Highland → Lebanon → Shiloh → Dupo, Illinois",United States,US,38.604,-89.808,area,mass-sighting,disputed,Explanation proposed but contested,The FAA suggested an advertising blimp; the officers’ descriptions of speed and size are hard to reconcile with that.,police-witness | multiple-witnesses,"Huge triangle / ""arrowhead"" with bright lights","5 police officers in 4 towns, a store owner",~30 minutes,"Before dawn, a store owner in Highland and then police officers in Lebanon, Summerfield, Shiloh and Dupo independently reported a large, low triangular object with bright lights moving south-west toward Scott AFB and the Mississippi.",1,https://en.wikipedia.org/wiki/Black_triangle_(UFO),,https://domw99.github.io/Gods-Eye-UAPs/case/southern-illinois-2000/,https://domw99.github.io/Gods-Eye-UAPs/#/case/southern-illinois-2000
campeche-2004,Mexican Air Force FLIR — Campeche,2004-03-05T17:00:00-06:00,false,2004,"Southern Campeche, Mexico",Mexico,MX,18.7,-91.2,area,photo-video,explained,Mundane explanation widely accepted or officially assessed,Most analysts identified the lights as gas flares on Cantarell offshore oil platforms seen over the horizon by the infrared camera.,video | sensor-data | military-witness | official-document,11 bright infrared lights,Mexican Air Force Merlin C-26A crew,~15 minutes,"A Mexican Air Force surveillance aircraft hunting drug flights recorded 11 bright objects on its infrared camera at about 11,500 ft. The Defence Department released the tape on 12 May 2004.",0,https://en.wikipedia.org/wiki/UFO_sightings_in_Mexico,,https://domw99.github.io/Gods-Eye-UAPs/case/campeche-2004/,https://domw99.github.io/Gods-Eye-UAPs/#/case/campeche-2004
tinley-park-2004,Tinley Park lights,2004-08-21T21:30:00-05:00,false,2004,"Tinley Park and Oak Forest, Illinois",United States,US,41.5731,-87.7845,city,recurring-lights,disputed,Explanation proposed but contested,"Commonly attributed to balloons or kites carrying lights or flares, which match the slow drift and the colour. No one has come forward, and the cause has not been confirmed.",video | multiple-witnesses,Three to four red lights in a triangle,Hundreds in the south suburbs of Chicago,"Up to 30 minutes, several nights","On the evening of August 21, 2004, hundreds of people in Chicago's south suburbs watched three large red lights in a triangle drift slowly and silently across the sky. Many filmed them. The lights returned on October 31, 2004 and on several nights in 2005 and 2006, and appeared on national television. They are a prominent ""black triangle"" style case with plenty of video.",0,,https://www.chicagomag.com/chicago-magazine/march-2007/do-you-believe/ | https://patch.com/illinois/tinleypark/ufo-researchers-touch-down-in-tinley-park,https://domw99.github.io/Gods-Eye-UAPs/case/tinley-park-2004/,https://domw99.github.io/Gods-Eye-UAPs/#/case/tinley-park-2004
nimitz-tic-tac-2004,"USS Nimitz ""Tic Tac""",2004-11-14T14:00:00-08:00,false,2004,Pacific Ocean ~100 mi SW of San Diego,International waters (off Baja California),US,31.3,-117.8,area,military-encounter,unresolved,No accepted explanation,The Pentagon released the FLIR1 video in 2020 and describes the object as unidentified. Skeptics argue the FLIR clip shows a distant aircraft; the pilots’ visual account is independent of the video.,video | sensor-data | radar | pilot-witness | military-witness | official-document,"White, smooth 40-ft ""Tic Tac""","4 aircrew (Fravor, Dietrich + WSOs), USS Princeton radar operators",~5 minutes visual; radar over ~2 weeks,"For days the cruiser USS Princeton’s SPY-1 radar tracked objects appearing at about 80,000 ft, dropping rapidly toward the sea and hovering. On 14 November, Cdr. David Fravor and Lt. Cdr. Alex Dietrich were vectored to a contact and saw a white Tic Tac-shaped object above a churning patch of ocean. It mirrored Fravor’s descent, then accelerated away; seconds later Princeton reported it at the pilots’ CAP point ~60 miles away. A later sortie filmed the FLIR1 video.",2,https://en.wikipedia.org/wiki/Pentagon_UFO_videos,https://www.defense.gov/News/Releases/Release/Article/2165713/statement-by-the-department-of-defense-on-the-release-of-historical-navy-videos/,https://domw99.github.io/Gods-Eye-UAPs/case/nimitz-tic-tac-2004/,https://domw99.github.io/Gods-Eye-UAPs/#/case/nimitz-tic-tac-2004
ohare-2006,Chicago O’Hare disc,2006-11-07T16:15:00-06:00,false,2006,"O’Hare International Airport, Gate C-17",United States,US,41.9786,-87.9048,site,aviation,disputed,Explanation proposed but contested,"The FAA called it a ""weather phenomenon"" and did not investigate; conditions suited a hole-punch cloud. Nothing appeared on radar.",pilot-witness | multiple-witnesses | official-document,"Dark grey metallic disc, 6–24 ft",~12 United Airlines employees; people outside the airport,~5 minutes,"A ramp worker pushing back United Flight 446 saw a dark disc hovering low over Gate C-17; pilots, supervisors and mechanics came out to watch. Witnesses said it shot straight up through the overcast, leaving a clear hole in the clouds that closed moments later. The story emerged via a Chicago Tribune FOIA request.",1,https://en.wikipedia.org/wiki/2006_O'Hare_International_Airport_UFO_sighting,,https://domw99.github.io/Gods-Eye-UAPs/case/ohare-2006/,https://domw99.github.io/Gods-Eye-UAPs/#/case/ohare-2006
alderney-2007,Alderney airline sighting,2007-04-23T14:10:00+01:00,false,2007,English Channel near Alderney & Guernsey,Channel Islands,GG,49.7,-2.3667,area,aviation,unresolved,No accepted explanation,Jersey radar showed only a faint primary return; proposed explanations include earthquake lights and sun dogs.,pilot-witness | multiple-witnesses | radar | official-document,Two bright yellow cigar/disc shapes with dark bands,"Aurigny captain Ray Bowyer, passengers, a second pilot",~9 minutes,"Flying an Aurigny Trislander from Southampton to Alderney, Capt. Ray Bowyer saw two very large, brilliant yellow objects apparently stationary over the sea, confirmed by passengers and by the pilot of another aircraft. He filed an official report with the Civil Aviation Authority.",2,https://en.wikipedia.org/wiki/2007_Alderney_UFO_sighting,,https://domw99.github.io/Gods-Eye-UAPs/case/alderney-2007/,https://domw99.github.io/Gods-Eye-UAPs/#/case/alderney-2007
stephenville-2008,"Stephenville, Texas",2008-01-08T18:15:00-06:00,false,2008,"Stephenville / Dublin, Erath County, Texas",United States,US,32.2207,-98.2023,city,mass-sighting,disputed,Explanation proposed but contested,The Air Force said F-16s from the 457th Fighter Squadron were training in the area. A MUFON analysis of FAA radar data claimed an untransponded target heading toward the Crawford ranch; this is not officially confirmed.,radar | multiple-witnesses | police-witness | pilot-witness,"Huge, silent, lit object up to a mile long",~40 residents incl. a pilot and a constable,About 1 hour,"Dozens of people around Stephenville, including a private pilot and a local constable, reported a very large, silent object with bright lights followed by fighter jets. FOIA radar records later analysed by MUFON showed unidentified returns in the area.",1,https://en.wikipedia.org/wiki/Black_triangle_(UFO),,https://domw99.github.io/Gods-Eye-UAPs/case/stephenville-2008/,https://domw99.github.io/Gods-Eye-UAPs/#/case/stephenville-2008
claudio-2008,Cláudio — Military Police report,2008-11-19T22:00:00-02:00,true,2008,"Cláudio, Minas Gerais",Brazil,BR,-20.4436,-44.7672,city,close-encounter,unresolved,No accepted explanation,,police-witness | photo | official-document | multiple-witnesses,Luminous figures; lights in the sky,7 Military Police officers and residents,Night,"Over the night of November 19–20, 2008, officers of the Minas Gerais Military Police said they chased luminous humanoid figures and photographed lights in the sky around the town of Cláudio. Seven officers signed the report, which includes three photographs and a police incident record.",0,,https://en.wikipedia.org/wiki/UFO_sightings_in_Brazil,https://domw99.github.io/Gods-Eye-UAPs/case/claudio-2008/,https://domw99.github.io/Gods-Eye-UAPs/#/case/claudio-2008
morristown-hoax-2009,Morristown lights (admitted hoax),2009-01-05T20:15:00-05:00,false,2009,"Morris County, New Jersey",United States,US,40.7966,-74.4773,city,recurring-lights,explained,Mundane explanation widely accepted or officially assessed,"Hoax. Joe Rudy and Chris Russo tied road flares to helium balloons and released them on five nights, then revealed it on April 1, 2009 with video of the launches. They were fined for disorderly conduct.",video | photo | multiple-witnesses | police-witness,Five red lights in a line and arc,"Dozens of residents, police, Morristown Airport tower staff","About 45 minutes, five nights","Around 8:15 p.m. on January 5, 2009, residents of Hanover Township, Morristown and nearby towns saw five red lights hanging in the sky and called 9-1-1. Tower staff at Morristown Airport also saw them, but radar showed nothing. TV news and UFO groups covered the lights, and they returned on four more nights. The two men who launched the balloons had also given TV interviews posing as witnesses. They called it a social experiment to show how unreliable eyewitness claims can be.",0,https://en.wikipedia.org/wiki/Morristown_UFO_hoax,,https://domw99.github.io/Gods-Eye-UAPs/case/morristown-hoax-2009/,https://domw99.github.io/Gods-Eye-UAPs/#/case/morristown-hoax-2009
norwegian-spiral-2009,Norwegian spiral,2009-12-09T07:50:00+01:00,false,2009,Northern Norway and Sweden (seen from Troms and Finnmark),Norway,NO,69.6517,18.9556,region,photo-video,identified,Object positively identified,"A failed test of a Russian RSM-56 Bulava submarine-launched missile from the White Sea: the third stage malfunctioned, and the spinning missile sprayed fuel in a spiral lit by the Sun. The Russian Defence Ministry confirmed the failure the next day.",photo | video | multiple-witnesses | official-document,Blue beam with an expanding white spiral,Thousands across northern Norway and Sweden,About 10 minutes,"Before sunrise on December 9, 2009, people across northern Norway saw a blue-white light rise from behind the mountains, stop, and begin to spin. A glowing spiral grew outward and dissolved into a black hole-like disc. Photos and video went worldwide within hours. Astrophysicist Jonathan McDowell quickly suggested a failed Russian missile, and Moscow confirmed a Bulava test failure.",1,https://en.wikipedia.org/wiki/2009_Norwegian_spiral_anomaly,,https://domw99.github.io/Gods-Eye-UAPs/case/norwegian-spiral-2009/,https://domw99.github.io/Gods-Eye-UAPs/#/case/norwegian-spiral-2009
xiaoshan-2010,Hangzhou Xiaoshan Airport closure,2010-07-07T20:40:00+08:00,false,2010,Hangzhou Xiaoshan International Airport,China,CN,30.2295,120.4344,site,aviation,disputed,Explanation proposed but contested,"Chinese UFO research groups found no radar images and concluded the object was probably an aircraft, possibly military.",multiple-witnesses | official-document,Bright object over the airport,Airport staff and pilots,~1 hour closure,A bright unidentified object above the airport led authorities to close Xiaoshan and divert flights for about an hour.,0,https://en.wikipedia.org/wiki/UFO_sightings_in_China,,https://domw99.github.io/Gods-Eye-UAPs/case/xiaoshan-2010/,https://domw99.github.io/Gods-Eye-UAPs/#/case/xiaoshan-2010
aguadilla-2013,Aguadilla thermal video (DHS),2013-04-25T21:20:00-04:00,false,2013,"Rafael Hernández Airport, Aguadilla, Puerto Rico",Puerto Rico (U.S.),PR,18.4949,-67.1294,site,photo-video,explained,Mundane explanation widely accepted or officially assessed,"AARO assesses with high confidence the objects showed no anomalous speed or behaviour: a reconstruction of the sensor’s look angle shows two objects travelling near each other in a straight line at wind speed, never entering the water. Its case resolution assesses with moderate confidence that they were a pair of sky lanterns. Some independent analysts still dispute this.",video | sensor-data | official-document,Small hot object; appears to enter and exit the sea,U.S. Customs and Border Protection aircrew; tower controllers,~3 minutes of video,"A Customs and Border Protection DHC-8 recorded a small, hot object crossing the airport and heading out over the ocean, where it appeared to plunge into the water and re-emerge. The leaked video became a staple of UAP analysis; AARO published a 3D reconstruction video in 2025.",1,,https://www.aaro.mil/Portals/136/PDFs/case_resolution_reports/AARO_Puerto_Rico_UAP_Case_Resolution.pdf,https://domw99.github.io/Gods-Eye-UAPs/case/aguadilla-2013/,https://domw99.github.io/Gods-Eye-UAPs/#/case/aguadilla-2013
chile-navy-2014,Chilean Navy helicopter FLIR video,2014-11-11T13:48:00-03:00,false,2014,"Coast between San Antonio and Quinteros, Chile",Chile,CL,-33.19,-71.58,area,military-encounter,disputed,Explanation proposed but contested,Chile’s aerial-phenomena office (CEFAA) left the case open because it could not be certain of the object’s nature. Later analyses by sceptics proposed an aircraft’s contrail and exhaust seen by infrared as the likely cause.,video | sensor-data | military-witness | official-document,"Flat, elongated object with two hot discharges",Navy helicopter crew (pilot and camera operator),More than 10 minutes,"On November 11, 2014 a Chilean Navy helicopter on coastal patrol west of Santiago, at about 4,500 feet, picked up an unknown object on its high-definition infrared camera. The two-man crew also saw it with the naked eye for more than ten minutes. The captain described a flat, elongated object with two thermal discharges that did not line up with its direction of travel, and the video shows what looks like a chemical plume. The Navy’s aerial-phenomena office CEFAA examined it and later released the footage, saying it could not be sure what it was. Sceptics later said the images match the contrail of a distant aircraft.",1,,https://www.twz.com/6852/the-chilean-military-has-no-idea-what-this-flying-object-is,https://domw99.github.io/Gods-Eye-UAPs/case/chile-navy-2014/,https://domw99.github.io/Gods-Eye-UAPs/#/case/chile-navy-2014
gimbal-gofast-2015,USS Theodore Roosevelt — Gimbal & GoFast,2015-01-21T10:00:00-05:00,true,2015,"Atlantic warning areas off Jacksonville, Florida",International waters (U.S. East Coast),US,30.3,-80.2,area,military-encounter,disputed,Explanation proposed but contested,"Both videos were officially released and remain ""unidentified"" per DoD. Analysts such as Mick West argue GoFast shows a slow object (e.g. a balloon) at ~13,000 ft that only looks fast and low because of parallax, and that Gimbal’s rotation is a glare artifact of the ATFLIR pod. AARO later published a case resolution for GoFast worked out from the sensor’s geometry and the winds aloft.",video | sensor-data | radar | pilot-witness | military-witness | official-document,Rotating lozenge (Gimbal); small fast object (GoFast),VFA-11 aircrew; Lt. Ryan Graves’ squadron reported near-daily objects,Seconds of video; months of sightings,"In 2014–2015 F/A-18F crews of the Roosevelt strike group reported frequent unknown objects on their upgraded APG-79 radars off the East Coast. Two ATFLIR clips — ""Gimbal"", with a crew member exclaiming about ""a whole fleet of them"", and ""GoFast"", a small object skimming over the ocean — were released by the Pentagon in April 2020.",0,https://en.wikipedia.org/wiki/Pentagon_UFO_videos,https://www.defense.gov/News/Releases/Release/Article/2165713/statement-by-the-department-of-defense-on-the-release-of-historical-navy-videos/ | https://www.aaro.mil/Portals/136/PDFs/case_resolution_reports/AARO_GoFast_Case_Resolution_Card_Methodology_Final.pdf,https://domw99.github.io/Gods-Eye-UAPs/case/gimbal-gofast-2015/,https://domw99.github.io/Gods-Eye-UAPs/#/case/gimbal-gofast-2015
ireland-pilots-2018,Ireland — airline pilots report fast lights,2018-11-09T06:47:00+00:00,false,2018,"Atlantic off County Kerry, Ireland",Ireland,IE,52,-11.5,area,aviation,disputed,Explanation proposed but contested,"One pilot suggested a meteor or an object in re-entry, and an astronomer at the Armagh Observatory said the lights were most likely meteors. Air traffic control saw nothing on radar and no military exercises were running, so nothing has been confirmed.",pilot-witness | audio,Very bright lights moving at high speed,"Crews of a British Airways and a Virgin Atlantic flight, and others",Seconds,"At about 6:47 on the morning of November 9, 2018 the pilot of a British Airways flight from Montreal to London radioed Shannon air traffic control to ask whether military exercises were under way. A “very bright light” had come up on the left of the aircraft and “rapidly veered to the north”, then disappeared at very high speed. The crew of a Virgin Atlantic flight reported two bright lights that banked to the right and climbed away at what the pilot called “astronomical” speed, “like Mach 2”. Controllers saw nothing on radar, and no military exercises were taking place. The Irish Aviation Authority said it would investigate by confidentially interviewing the pilots. More than one crew reported it, and the story was carried by news outlets around the world.",0,,https://time.com/5453027/ireland-ufo/ | https://www.cbsnews.com/news/pilots-report-seeing-ufo-sky-off-ireland-2018-11-12 | https://www.euronews.com/2018/11/13/ufo-sightings-reported-by-pilots-over-ireland,https://domw99.github.io/Gods-Eye-UAPs/case/ireland-pilots-2018/,https://domw99.github.io/Gods-Eye-UAPs/#/case/ireland-pilots-2018
uss-omaha-russell-2019,"USS Omaha sphere & USS Russell ""pyramids""",2019-07-15T23:00:00-07:00,true,2019,"Off San Diego, California",International waters (off California),US,32.5,-117.6,area,military-encounter,disputed,Explanation proposed but contested,"The Pentagon confirmed the leaked clips were taken by Navy personnel. Analysts attribute the ""pyramids"" to the triangular aperture of a night-vision lens (bokeh) on aircraft/stars, and the Omaha sphere to a distant aircraft or balloon.",video | military-witness | radar | official-document,Spherical object descending into the sea; flashing pyramid shapes,"Crew of USS Omaha, USS Russell and other ships",Several nights in July 2019,"During July 2019, several Navy ships off Southern California reported drone-like objects around them at night. A CIC video from USS Omaha shows a sphere flying over the ocean and apparently descending into the water; night-vision footage from USS Russell shows blinking pyramid-shaped lights. Both leaked in 2021 and were confirmed as authentic Navy footage.",0,https://en.wikipedia.org/wiki/Pentagon_UFO_videos,,https://domw99.github.io/Gods-Eye-UAPs/case/uss-omaha-russell-2019/,https://domw99.github.io/Gods-Eye-UAPs/#/case/uss-omaha-russell-2019
colorado-drones-2019,Colorado and Nebraska drone swarms,2019-12-20T19:00:00-07:00,true,2019,Phillips County and the plains of north-eastern Colorado,United States,US,40.58,-102.3,region,recurring-lights,disputed,Explanation proposed but contested,"State and federal agencies found that most reports were planets, stars, aircraft and hobby drones, and the Colorado Department of Public Safety stood its effort down in January 2020. The large, grid-flying drones of the first reports were never tied to an operator.",video | photo | multiple-witnesses | police-witness | official-document,"Drones with a wingspan of about 6 ft and blinking lights, in groups of six to ten, flying grid patterns","Ranchers, residents and county sheriff’s deputies",About six weeks,"In December 2019, residents and deputies in north-eastern Colorado and western Nebraska began reporting drones with wingspans of about six feet flying in groups of six to ten, at 200 to 500 feet, in grid patterns across the plains, mostly between about 7 and 10 p.m.; one witness counted 19. County sheriffs asked the public for information, and more than 70 local, state and federal agencies met in Brush on January 6, 2020. The FAA said no drone company or test site had authorized flights there, and the Air Force, which had run counter-drone exercises at F. E. Warren AFB, would neither claim nor deny the drones. As the sightings spread, more and more turned out to be planets, stars and airliners, and the state ended its search later that month.",0,https://en.wikipedia.org/wiki/2019%E2%80%9320_Colorado_drone_sightings,https://en.wikipedia.org/wiki/2019%E2%80%9320_Colorado_drone_sightings | https://www.cpr.org/2019/12/31/the-faa-is-now-investigating-colorados-mysterious-drones-and-sen-cory-gardner-has-weighed-in-too/ | https://www.twz.com/34662/faa-documents-offer-unprecedented-look-into-colorado-drone-mystery,https://domw99.github.io/Gods-Eye-UAPs/case/colorado-drones-2019/,https://domw99.github.io/Gods-Eye-UAPs/#/case/colorado-drones-2019
aa2292-2021,American Airlines 2292 — “cruise-missile type of thing”,2021-02-21T12:29:00-07:00,false,2021,"Northeastern New Mexico, at about 36,000 ft",United States,US,36.4,-104,area,aviation,unresolved,No accepted explanation,"No explanation has been given. The FAA said air traffic controllers saw no object on their radar. The Pentagon said the military was not conducting tests in the area that day, and the FBI said it was aware of the report.",pilot-witness | audio,"Long cylinder, “almost like a cruise missile”",The crew of American Airlines Flight 2292,Seconds,"On February 21, 2021, at about 12:29 p.m. local time, the crew of American Airlines Flight 2292, an Airbus A320 flying from Cincinnati to Phoenix at about 36,000 feet over the north-east corner of New Mexico, radioed: “Do you have any targets up here? We just had something go right over the top of us. I hate to say this, but it looked like a long cylindrical object that almost looked like a cruise missile type of thing, moving really fast right over the top of us.” The transmission was recorded by Steve Douglass, a radio listener. American Airlines at first denied that it was authentic, then confirmed that it was from Flight 2292 after talking to the crew. The FAA said controllers saw nothing on radar, and the Pentagon said it had no tests in the area.",0,,https://www.twz.com/39416/american-airlines-confirms-pilot-report-of-bizarre-cylinder-shaped-object-over-new-mexico,https://domw99.github.io/Gods-Eye-UAPs/case/aa2292-2021/,https://domw99.github.io/Gods-Eye-UAPs/#/case/aa2292-2021
western-us-range-2021,Three objects on a Western U.S. military range,2021-06-01T12:00:00-07:00,true,2021,"Military range, Western United States (withheld)",United States,US,38.5,-117,region,photo-video,explained,Mundane explanation widely accepted or officially assessed,AARO matched the three dots to commercial airliners far from the infrared sensor using flight and radar data.,video | sensor-data | radar | official-document,Three small dots on infrared,Range sensor operators,~4 minutes of video,"Shown by AARO at NASA’s UAP Independent Study Team public meeting (May 31, 2023) as an example of a resolved case: three unidentified infrared dots turned out to be three separate commercial aircraft at great distance.",0,https://en.wikipedia.org/wiki/NASA_Unidentified_Anomalous_Phenomena_Independent_Study_Team,https://www.aaro.mil/Portals/136/PDFs/case_resolution_reports/Case_Resolution_of_Western_United_States_Uap_508-02262024.pdf,https://domw99.github.io/Gods-Eye-UAPs/case/western-us-range-2021/,https://domw99.github.io/Gods-Eye-UAPs/#/case/western-us-range-2021
mq9-middle-east-orb-2022,"MQ-9 ""Middle East orb""",2022-07-12T12:00:00+03:00,true,2022,Middle East (exact location withheld),Middle East,XX,33.4,43.8,region,photo-video,unresolved,No accepted explanation,AARO: the object did not show anomalous behaviour but remains unidentified for lack of data.,video | sensor-data | official-document,"Silver, orb-like object",MQ-9 sensor operators,Seconds,"Shown by AARO director Sean Kirkpatrick at the April 19, 2023 Senate Armed Services hearing: an MQ-9 Reaper’s sensor briefly tracks a silver orb crossing its field of view — typical of the many reports AARO receives with minimal data.",0,https://en.wikipedia.org/wiki/All-domain_Anomaly_Resolution_Office,,https://domw99.github.io/Gods-Eye-UAPs/case/mq9-middle-east-orb-2022/,https://domw99.github.io/Gods-Eye-UAPs/#/case/mq9-middle-east-orb-2022
mq9-south-asia-2023,"MQ-9 records object with ""wake"" — South Asia",2023-01-15T12:00:00+05:00,true,2023,South Asia (exact location withheld),South Asia,XX,28,70,region,photo-video,explained,Mundane explanation widely accepted or officially assessed,"AARO resolved the case in February 2024 (“Atmospheric Wakes”): frame-by-frame analysis and flight data showed a commuter aircraft flying near the two MQ-9s, and the apparent wake was the heat signature from its engines.",video | sensor-data | official-document,Object with apparent atmospheric wake,MQ-9 sensor operators,Seconds to ~2 minutes,An MQ-9 filming another MQ-9 caught an object with an apparent wake crossing the frame. AARO showed it at the April 2023 Senate hearing and released both clips.,0,https://en.wikipedia.org/wiki/All-domain_Anomaly_Resolution_Office,https://www.aaro.mil/Portals/136/PDFs/case_resolution_reports/Case_Resolution_of_Atmospheric_Wakes_508-02262024.pdf,https://domw99.github.io/Gods-Eye-UAPs/case/mq9-south-asia-2023/,https://domw99.github.io/Gods-Eye-UAPs/#/case/mq9-south-asia-2023
chinese-balloon-2023,Chinese surveillance balloon,2023-01-28T12:00:00-09:00,true,2023,Aleutians → Montana → Carolina coast,United States / Canada,US,33.57,-78.6,area,object-event,identified,Object positively identified,"A PRC high-altitude surveillance balloon; shot down by an F-22 AIM-9X off Surfside Beach, South Carolina, and recovered by the U.S. Navy.",photo | video | radar | official-document | physical-trace,Large white balloon with solar-array payload,Millions; NORAD tracking,8 days,"A high-altitude balloon from China crossed into U.S. airspace north of the Aleutians, drifted over Canada, passed over Malmstrom AFB in Montana and across the continent before being shot down off South Carolina. The event prompted NORAD to re-tune its radars, which led to the February 10–12 shoot-downs of three smaller unidentified objects.",1,https://en.wikipedia.org/wiki/2023_Chinese_balloon_incident,,https://domw99.github.io/Gods-Eye-UAPs/case/chinese-balloon-2023/,https://domw99.github.io/Gods-Eye-UAPs/#/case/chinese-balloon-2023
north-american-shootdowns-2023,"February 2023 shoot-downs (Alaska, Yukon, Lake Huron)",2023-02-10T13:45:00-09:00,false,2023,Deadhorse AK · Yukon · Lake Huron,United States / Canada,US,45.35,-82.6,area,object-event,unresolved,No accepted explanation,The White House said the three objects were most likely benign commercial or research balloons; none was recovered. An infrared video of the Lake Huron shoot-down was released in 2026 as DOW-UAP-PR071.,radar | video | pilot-witness | official-document,"Small octagonal / cylindrical objects at 20,000–40,000 ft",NORAD; F-22 and F-16 pilots,3 days,"After re-tuning radars following the Chinese balloon, NORAD detected and shot down three small objects in three days: off Deadhorse, Alaska (Feb 10), over central Yukon (Feb 11) and over Lake Huron (Feb 12). The first AIM-9X fired at the Lake Huron object missed. Debris was never recovered.",0,https://en.wikipedia.org/wiki/List_of_high-altitude_object_events_in_2023,,https://domw99.github.io/Gods-Eye-UAPs/case/north-american-shootdowns-2023/,https://domw99.github.io/Gods-Eye-UAPs/#/case/north-american-shootdowns-2023
colorado-springs-2023,Colorado Springs law-enforcement videos,2023-10-01T20:00:00-06:00,true,2023,"Colorado Springs, Colorado",United States,US,38.8339,-104.8214,city,photo-video,unresolved,No accepted explanation,Released by AARO/PURSUE as unresolved reports from a local law-enforcement officer; no determination published.,video | police-witness | official-document,"Silent lights flashing red, blue and green; triangle reports",Local police officer; former DoW employee (FBI interview),Oct 2023 – Jan 2024,"The first local law-enforcement UAP files released by the U.S. government: cell-phone videos an officer submitted to AARO showing silent flashing lights, plus separate FBI interviews and renderings of triangle-shaped UAP seen over Colorado Springs in October 2023.",0,,https://www.dvidshub.net/video/1023412/lle-uap-pr002-unresolved-uap-report-colorado-october-2023 | https://www.denver7.com/news/local-news/new-government-ufo-files-include-colorado-springs-sightings,https://domw99.github.io/Gods-Eye-UAPs/case/colorado-springs-2023/,https://domw99.github.io/Gods-Eye-UAPs/#/case/colorado-springs-2023
imphal-2023,Imphal airport UFO — Rafales scrambled,2023-11-19T14:30:00+05:30,false,2023,"Bir Tikendrajit International Airport, Imphal, Manipur",India,IN,24.76,93.8967,site,military-encounter,unresolved,No accepted explanation,,multiple-witnesses | military-witness | official-document,Small white object,Airport staff and officials,About 3 hours of disruption,"An unidentified object seen near Imphal airport in the afternoon led the authorities to halt flights. Departures were delayed and arrivals diverted for about three hours. The Indian Air Force scrambled two Rafale fighters from a nearby base, which searched the area and found nothing. The object was not seen again.",0,,https://en.wikipedia.org/wiki/UFO_sightings_in_India,https://domw99.github.io/Gods-Eye-UAPs/case/imphal-2023/,https://domw99.github.io/Gods-Eye-UAPs/#/case/imphal-2023
langley-drones-2023,Langley Air Force Base drone incursions,2023-12-06T17:45:00-05:00,true,2023,"Joint Base Langley-Eustis, Hampton, Virginia",United States,US,37.083,-76.36,site,military-encounter,unresolved,No accepted explanation,"The Pentagon confirmed the incursions in October 2024 and said the drones did not appear to show hostile intent, but neither it nor NORAD has said who flew them.",military-witness | official-document,Drones of several sizes; the first reportedly about 20 ft long,Base personnel and U.S. military officials,Seventeen days,"From the evening of December 6, 2023, unauthorized drones flew over Langley Air Force Base, home of F-22 Raptor squadrons, across Hampton Roads from the Navy’s largest base at Norfolk, on and off for 17 days. The Wall Street Journal later reported that they typically arrived 45 minutes to an hour after sunset, that the first was about 20 feet long and flew at 3,000 to 4,000 feet, and that a dozen or more smaller drones followed. The Pentagon confirmed the incursions in October 2024. Gen. Glen VanHerck, who led NORAD at the time, later said the military had warned for years that it was not ready for this threat; he gave no new details about who was operating the drones.",0,,https://www.whro.org/military-veterans/2024-10-15/the-pentagon-confirmed-a-swarm-of-drones-violated-langley-airspace | https://www.twz.com/news-features/former-norad-boss-wasnt-surprised-by-langley-afb-drone-incursions,https://domw99.github.io/Gods-Eye-UAPs/case/langley-drones-2023/,https://domw99.github.io/Gods-Eye-UAPs/#/case/langley-drones-2023
tyndall-tic-tac-2024,"Tyndall ""Tic Tac"" — USCG C-144",2024-04-24T12:00:00-05:00,true,2024,"Southeastern U.S., near Tyndall AFB, Florida",United States,US,30.0696,-85.5754,area,photo-video,unassessed,Released without an official determination,"AARO released the clips in 2026 as uploaded to a classified network, noting many of these records lack a substantiated chain of custody; no determination was made.",video | sensor-data | official-document,"""Tic Tac"" — IR-hot area of contrast",U.S. Coast Guard C-144 sensor operators,~40 s per clip,"Two infrared clips titled ""USCG C-144 Tyndall UAP … TIC TAC IR hot 24 April 2024"", likely from a Coast Guard HC-144 sensor over the Southeastern United States, released in PURSUE Release 02 in response to a House request.",0,,https://www.dvidshub.net/video/1007778/dow-uap-pr066-uscg-c-144-tyndall-uap-1-tic-tac-ir-hot-24-april-2024,https://domw99.github.io/Gods-Eye-UAPs/case/tyndall-tic-tac-2024/,https://domw99.github.io/Gods-Eye-UAPs/#/case/tyndall-tic-tac-2024
new-jersey-drones-2024,New Jersey drone sightings,2024-11-18T19:00:00-05:00,true,2024,"Morris County, New Jersey, and the Northeast",United States,US,40.9387,-74.5725,region,recurring-lights,explained,Mundane explanation widely accepted or officially assessed,"A joint FBI, DHS, FAA and DoD review found a mix of lawful commercial, hobbyist and law-enforcement drones, crewed aircraft and stars, with no threat to national security. In January 2025 the White House said the drones over New Jersey had been authorized by the FAA for research and other purposes.",video | photo | multiple-witnesses | police-witness | official-document,Large lighted drones; many reports were aircraft,"Thousands of residents, police, state officials",About six weeks,"From mid-November 2024, residents in Morris County reported large, lighted drones flying at night, including over Picatinny Arsenal and near the president-elect's golf club in Bedminster. Reports spread across New Jersey and into New York, Pennsylvania and beyond. The FAA placed temporary flight restrictions over dozens of sites. Stewart International Airport briefly closed its runways, and many viral videos turned out to show airliners.",0,https://en.wikipedia.org/wiki/2024_United_States_drone_sightings,,https://domw99.github.io/Gods-Eye-UAPs/case/new-jersey-drones-2024/,https://domw99.github.io/Gods-Eye-UAPs/#/case/new-jersey-drones-2024
uk-airbase-drones-2024,Drones over the U.S. air bases in England,2024-11-20T20:00:00+00:00,true,2024,"RAF Lakenheath, Mildenhall, Feltwell and Fairford, England",United Kingdom,GB,52.409,0.561,area,military-encounter,unresolved,No accepted explanation,"The U.S. Air Force and the Ministry of Defence confirmed the drones, and the Ministry of Defence Police opened an investigation, but the operators were not identified.",military-witness | official-document,Small drones of varying number and type,U.S. Air Force personnel; residents of nearby villages,About a week,"Between November 20 and 26, 2024, small drones were seen over and around four bases in England used by the U.S. Air Force: RAF Lakenheath, home of the 48th Fighter Wing, RAF Mildenhall, RAF Feltwell and RAF Fairford. The Air Force said “small unmanned aerial systems were spotted in the vicinity of and over RAF Lakenheath, RAF Mildenhall and RAF Feltwell between 20 and 22 November”. Air traffic into Mildenhall was disrupted: on November 21 a KC-46 tanker that had brought F-35s across the Atlantic turned back and diverted to Prestwick. British troops with counter-drone equipment were sent to help, and the Ministry of Defence Police opened an inquiry. Similar reports came from U.S. bases in Germany that December.",0,,https://www.airforcetimes.com/news/your-air-force/2024/11/25/drones-spotted-near-3-bases-used-by-us-air-force-in-england/ | https://www.militarytimes.com/news/your-military/2024/11/27/criminal-probe-launched-after-us-air-force-spots-drones-over-uk-bases/ | https://theaviationist.com/2024/11/27/unauthorised-drones-continue-to-plague-u-s-air-force-bases-in-the-uk/ | https://en.wikipedia.org/wiki/2024_drone_sightings#United_Kingdom,https://domw99.github.io/Gods-Eye-UAPs/case/uk-airbase-drones-2024/,https://domw99.github.io/Gods-Eye-UAPs/#/case/uk-airbase-drones-2024
