{"type":"FeatureCollection","features":[{"type":"Feature","id":"nuremberg-1561","geometry":{"type":"Point","coordinates":[11.0767,49.4521]},"properties":{"id":"nuremberg-1561","title":"Celestial phenomenon over Nuremberg","date":"1561-04-14T05:00:00+01:00","timeApproximate":true,"year":1561,"place":"Nuremberg, Holy Roman Empire (Germany)","countryCode":"DE","locationPrecision":"city","category":"historical","status":"explained","evidence":"multiple-witnesses","shape":"Spheres, crosses, tubes and a black spear","summary":"A broadsheet by Hans Glaser describes a dawn \"battle\" in the sky: globes, crosses and cylinders that moved and fought before falling to the ground with smoke. It is a staple of UFO histories and an example of how atmospheric optics were recorded before modern science.","explanation":"Usually interpreted as a spectacular sun-halo display (parhelia, arcs) described in religious terms.","page":"https://domw99.github.io/Gods-Eye-UAPs/case/nuremberg-1561/","globe":"https://domw99.github.io/Gods-Eye-UAPs/#/case/nuremberg-1561"}},{"type":"Feature","id":"basel-1566","geometry":{"type":"Point","coordinates":[7.5906,47.5547]},"properties":{"id":"basel-1566","title":"Celestial phenomenon over Basel","date":"1566-08-07T06:00:00+01:00","timeApproximate":true,"year":1566,"place":"Basel, Swiss Confederacy (Switzerland)","countryCode":"CH","locationPrecision":"city","category":"historical","status":"explained","evidence":"multiple-witnesses","shape":"Many black and fiery spheres","summary":"A broadsheet printed in Basel by Samuel Coccius reported that at sunrise on August 7, 1566 many large black spheres were seen racing toward the Sun and seeming to fight one another, some turning red and fiery before fading. It also described a blood-red Sun on the mornings and evenings of late July. Together with Nuremberg 1561, it is one of the best-known early-modern \"sky battles\".","explanation":"Generally read as atmospheric optics (sun halos, a reddened rising sun) or dust and smoke, described in the religious language of a 16th-century broadsheet.","page":"https://domw99.github.io/Gods-Eye-UAPs/case/basel-1566/","globe":"https://domw99.github.io/Gods-Eye-UAPs/#/case/basel-1566"}},{"type":"Feature","id":"utsuro-bune-1803","geometry":{"type":"Point","coordinates":[140.64,35.97]},"properties":{"id":"utsuro-bune-1803","title":"Utsuro-bune — the \"hollow ship\" of Hitachi","date":"1803-02-22T12:00:00+09:00","timeApproximate":true,"year":1803,"place":"Haratono-hama, Hitachi Province (Ibaraki), Japan","countryCode":"JP","locationPrecision":"area","category":"historical","status":"explained","evidence":"multiple-witnesses","shape":"Round vessel of wood and iron with glass windows","summary":"Several Japanese books of the 1820s–1840s tell how fishermen found a strange round boat washed up on the coast of Hitachi Province in 1803. Inside was a young woman who spoke no known language and clutched a box she would let no one touch. The fishermen pushed the vessel back out to sea. The drawings of the round, windowed ship are often compared with modern \"flying saucers\".","explanation":"Historians treat it as folklore: the story appears in several Edo-period collections with conflicting details, and resembles older legends of exiled women set adrift in boats.","page":"https://domw99.github.io/Gods-Eye-UAPs/case/utsuro-bune-1803/","globe":"https://domw99.github.io/Gods-Eye-UAPs/#/case/utsuro-bune-1803"}},{"type":"Feature","id":"bonilla-zacatecas-1883","geometry":{"type":"Point","coordinates":[-102.5736,22.7736]},"properties":{"id":"bonilla-zacatecas-1883","title":"Bonilla observation — objects crossing the Sun","date":"1883-08-12T08:00:00-06:50","timeApproximate":false,"year":1883,"place":"Zacatecas Astronomical Observatory, Mexico","countryCode":"MX","locationPrecision":"site","category":"photo-video","status":"explained","evidence":"photo","shape":"Hundreds of dark, fuzzy bodies with tails","summary":"On August 12, 1883, José Bonilla, the first director of the Zacatecas observatory, was preparing to observe sunspots when he saw dark objects crossing the face of the Sun. Over two days he counted hundreds of them and took photographs through the telescope. They were published in L'Astronomie in 1886 and are often called the first photographs of unidentified flying objects.","explanation":"Camille Flammarion thought Bonilla had seen birds, insects or dust close to the telescope. A 2011 study at UNAM proposed fragments of a comet passing close to Earth. Either way, nothing suggests craft.","page":"https://domw99.github.io/Gods-Eye-UAPs/case/bonilla-zacatecas-1883/","globe":"https://domw99.github.io/Gods-Eye-UAPs/#/case/bonilla-zacatecas-1883"}},{"type":"Feature","id":"mystery-airships-1896","geometry":{"type":"Point","coordinates":[-95.9375,41.2586]},"properties":{"id":"mystery-airships-1896","title":"Mystery airship wave","date":"1896-11-17T18:00:00-08:00","timeApproximate":true,"year":1896,"place":"California to the Midwest and Texas, United States","countryCode":"US","locationPrecision":"region","category":"historical","status":"explained","evidence":"multiple-witnesses","shape":"Cigar-shaped \"airship\" with lights and wings or propellers","summary":"In November 1896 people in Sacramento and then San Francisco and Oakland reported a lighted airship moving across the night sky. In early 1897 reports spread east through Nebraska, Kansas, Iowa, Illinois and Texas, often with tall tales of inventors and crews. The line on the map joins the main clusters of reports in date order. It is a wave of sightings, not one object.","explanation":"No powered airship capable of such flights existed. Reports are attributed to newspaper hoaxes (some papers invented stories outright), bright planets such as Venus, hot-air \"fire balloons\" and pranks.","page":"https://domw99.github.io/Gods-Eye-UAPs/case/mystery-airships-1896/","globe":"https://domw99.github.io/Gods-Eye-UAPs/#/case/mystery-airships-1896"}},{"type":"Feature","id":"mystery-airships-1896/wave","geometry":{"type":"LineString","coordinates":[[-121.4944,38.5817,457],[-122.2712,37.8044,457],[-98.3899,40.5861,457],[-95.6752,39.0473,457],[-95.9375,41.2586,457],[-94.5786,39.0997,457],[-87.6298,41.8781,457],[-97.5042,33.0506,457]]},"properties":{"case":"mystery-airships-1896","title":"Mystery airship wave","track":"wave","label":"Clusters of reports (date order)","kind":"uap","basis":"witness-reports","seconds":[0,345600,6566400,11318400,11404800,11750400,12355200,12996000]}},{"type":"Feature","id":"aurora-texas-1897","geometry":{"type":"Point","coordinates":[-97.5042,33.0506]},"properties":{"id":"aurora-texas-1897","title":"Aurora, Texas airship \"crash\"","date":"1897-04-17T06:00:00-06:00","timeApproximate":false,"year":1897,"place":"Aurora, Wise County, Texas","countryCode":"US","locationPrecision":"city","category":"object-event","status":"explained","evidence":"multiple-witnesses, physical-trace","shape":"Airship","summary":"On April 19, 1897 the Dallas Morning News printed a report from Aurora. It said an airship had struck Judge J. S. Proctor's windmill around 6 a.m. and exploded, and that the pilot, \"not an inhabitant of this world\", had been buried in the town cemetery. It came at the very end of the 1896–97 airship wave and has been re-investigated many times since the 1970s.","explanation":"Widely regarded as a newspaper hoax written to draw attention to a town in decline. Later digs, metal samples and a search of the cemetery found nothing unusual.","page":"https://domw99.github.io/Gods-Eye-UAPs/case/aurora-texas-1897/","globe":"https://domw99.github.io/Gods-Eye-UAPs/#/case/aurora-texas-1897"}},{"type":"Feature","id":"great-meteor-procession-1913","geometry":{"type":"Point","coordinates":[-79.3832,43.6532]},"properties":{"id":"great-meteor-procession-1913","title":"Great Meteor Procession","date":"1913-02-09T21:05:00-05:00","timeApproximate":true,"year":1913,"place":"Toronto, Ontario, on a path from Saskatchewan to Bermuda","countryCode":"CA","locationPrecision":"region","category":"object-event","status":"explained","evidence":"multiple-witnesses","shape":"A procession of 40 to 60 slow fireballs in groups, with a bright tail-less body at the rear","summary":"At about 9 p.m. on February 9, 1913, people across Canada and the northeastern United States saw between 40 and 60 bright, slow fireballs cross the sky from horizon to horizon on practically the same path. They came in groups, threw out sparks and were followed by a clear, tail-less light “like a big star”; some witnesses heard rumbling. The same procession was reported from Bermuda and from ships as far south as Brazil, a ground track of more than 11,000 km. Much of the populous Northeast was under cloud, so most of the reports came from rural Canada. From the sound reports William Pickering put the meteors at about 56 km up. O’Keefe later named them the Cyrillids, after the feast day of St. Cyril of Alexandria, February 9.","explanation":"The astronomer Clarence Chant collected more than a hundred reports and found they all lay along one great-circle arc, with no radiant. He concluded the fireballs were the pieces of a small, short-lived natural satellite of the Earth, breaking up as it grazed the atmosphere. Later studies by John O’Keefe and others agreed.","page":"https://domw99.github.io/Gods-Eye-UAPs/case/great-meteor-procession-1913/","globe":"https://domw99.github.io/Gods-Eye-UAPs/#/case/great-meteor-procession-1913"}},{"type":"Feature","id":"great-meteor-procession-1913/procession","geometry":{"type":"LineString","coordinates":[[-105.8,50.4,56693],[-88.5,47,56083],[-80,43.4,55992],[-77.4,41.9,55778],[-64.78,32.3,54864]]},"properties":{"case":"great-meteor-procession-1913","title":"Great Meteor Procession","track":"procession","label":"Meteor procession (approximate)","kind":"meteor","basis":"approximate","seconds":[0,170,270,310,505]}},{"type":"Feature","id":"brown-mountain-lights","geometry":{"type":"Point","coordinates":[-81.78,35.94]},"properties":{"id":"brown-mountain-lights","title":"Brown Mountain lights","date":"1913-09-13T21:00:00-05:00","timeApproximate":true,"year":1913,"place":"Brown Mountain, Pisgah National Forest, North Carolina","countryCode":"US","locationPrecision":"area","category":"recurring-lights","status":"explained","evidence":"multiple-witnesses, official-document","shape":"Lights rising above the ridge","summary":"In 1913 the Charlotte Observer reported lights rising over Brown Mountain in the Blue Ridge, during the years when electric lighting and railways were reaching the area. Two U.S. Geological Survey investigations followed. Legends of lights \"seen by the Cherokee\" were added later. The lights are still watched from roadside overlooks.","explanation":"In 1922, U.S. Geological Survey geologist George R. Mansfield used maps and an alidade to show the lights were train headlights, car headlights and brush fires in the valleys beyond the ridge. A 1913 USGS look had already pointed to locomotive headlights.","page":"https://domw99.github.io/Gods-Eye-UAPs/case/brown-mountain-lights/","globe":"https://domw99.github.io/Gods-Eye-UAPs/#/case/brown-mountain-lights"}},{"type":"Feature","id":"battle-of-los-angeles-1942","geometry":{"type":"Point","coordinates":[-118.4912,34.0195]},"properties":{"id":"battle-of-los-angeles-1942","title":"Battle of Los Angeles","date":"1942-02-25T02:15:00-07:00","timeApproximate":false,"year":1942,"place":"Los Angeles, California","countryCode":"US","locationPrecision":"city","category":"military-encounter","status":"explained","evidence":"photo, military-witness, multiple-witnesses, official-document","shape":"Unidentified targets / searchlight cone","summary":"Less than three months after Pearl Harbor, radar and observers reported an unidentified target approaching Los Angeles. Anti-aircraft batteries fired more than 1,400 shells into the night sky while searchlights converged over Santa Monica and Culver City. No aircraft was downed and no bombs fell; falling shrapnel and heart attacks caused deaths on the ground.","explanation":"The Navy attributed the alarm to \"war nerves\" after a Japanese submarine shelled the Ellwood oil field the night before; a weather balloon is thought to have started the barrage. The famous Los Angeles Times photo was heavily retouched.","page":"https://domw99.github.io/Gods-Eye-UAPs/case/battle-of-los-angeles-1942/","globe":"https://domw99.github.io/Gods-Eye-UAPs/#/case/battle-of-los-angeles-1942"}},{"type":"Feature","id":"battle-of-los-angeles-1942/target","geometry":{"type":"LineString","coordinates":[[-120.45,33.95,3658],[-118.75,34,3658],[-118.4,34.02,3048],[-118.15,33.8,2743]]},"properties":{"case":"battle-of-los-angeles-1942","title":"Battle of Los Angeles","track":"target","label":"Reported target","kind":"uap","basis":"approximate","seconds":[0,3300,3600,7200]}},{"type":"Feature","id":"foo-fighters-1944","geometry":{"type":"Point","coordinates":[7.75,48.58]},"properties":{"id":"foo-fighters-1944","title":"Foo fighters — 415th Night Fighter Squadron","date":"1944-11-23T22:00:00+01:00","timeApproximate":true,"year":1944,"place":"Rhine valley near Strasbourg","countryCode":"FR","locationPrecision":"region","category":"military-encounter","status":"unresolved","evidence":"pilot-witness, military-witness, official-document","shape":"Balls of orange or red light pacing aircraft","summary":"Crews of the U.S. 415th Night Fighter Squadron repeatedly reported glowing balls of light that followed their Beaufighters over the Rhine. They called them \"foo fighters\"; similar reports came from Allied and Axis crews in Europe and the Pacific.","explanation":"Proposed explanations include St. Elmo’s fire, ball lightning, flares and misidentified aircraft; none fits all reports.","page":"https://domw99.github.io/Gods-Eye-UAPs/case/foo-fighters-1944/","globe":"https://domw99.github.io/Gods-Eye-UAPs/#/case/foo-fighters-1944"}},{"type":"Feature","id":"angelholm-1946","geometry":{"type":"Point","coordinates":[12.8191,56.2329]},"properties":{"id":"angelholm-1946","title":"Ängelholm landing report","date":"1946-05-18T23:00:00+01:00","timeApproximate":true,"year":1946,"place":"Kronoskogen, Ängelholm, Sweden","countryCode":"SE","locationPrecision":"site","category":"landing-trace","status":"disputed","evidence":"physical-trace","shape":"Disc landed in a forest clearing","summary":"Businessman Gösta Carlsson said that in May 1946, during the Swedish ghost-rocket summer, he came upon a disc-shaped craft standing in a clearing in the Kronoskogen forest and was warned off by its occupants. In 1972 he built a small memorial at the spot, marking where he said the craft had stood. It is now a local landmark.","explanation":"There is only one witness, and his account grew over the years. The traces he pointed to were never independently documented, and the story is not corroborated.","page":"https://domw99.github.io/Gods-Eye-UAPs/case/angelholm-1946/","globe":"https://domw99.github.io/Gods-Eye-UAPs/#/case/angelholm-1946"}},{"type":"Feature","id":"ghost-rockets-1946","geometry":{"type":"Point","coordinates":[22.73,66.12]},"properties":{"id":"ghost-rockets-1946","title":"Ghost rockets — Lake Kölmjärv","date":"1946-07-19T11:45:00+01:00","timeApproximate":false,"year":1946,"place":"Lake Kölmjärv, Norrbotten, Sweden","countryCode":"SE","locationPrecision":"area","category":"object-event","status":"unresolved","evidence":"radar, multiple-witnesses, official-document, physical-trace","shape":"Rocket- or cigar-shaped objects","summary":"During 1946 Scandinavian observers logged about 2,000 sightings of rocket-like objects. On 19 July a farmer watched one plunge into Lake Kölmjärv; the Swedish Army searched the lake for two weeks and found only a fresh crater in the lakebed.","explanation":"Swedish, British and U.S. investigators found no Soviet rockets; many of ~2,000 reports were meteors, but around 200 radar returns and several crashes into lakes were never explained.","page":"https://domw99.github.io/Gods-Eye-UAPs/case/ghost-rockets-1946/","globe":"https://domw99.github.io/Gods-Eye-UAPs/#/case/ghost-rockets-1946"}},{"type":"Feature","id":"maury-island-1947","geometry":{"type":"Point","coordinates":[-122.45,47.36]},"properties":{"id":"maury-island-1947","title":"Maury Island incident","date":"1947-06-21T14:00:00-08:00","timeApproximate":true,"year":1947,"place":"Maury Island, Puget Sound, Washington","countryCode":"US","locationPrecision":"area","category":"close-encounter","status":"explained","evidence":"physical-trace, photo","shape":"Six doughnut-shaped craft, one said to be damaged","summary":"A harbour patrolman, Harold Dahl, said six large doughnut-shaped craft circled above his boat off Maury Island in the afternoon of June 21, 1947, three days before Kenneth Arnold’s famous sighting. One craft was said to be damaged and to shed hot metallic slag that burned his son and killed the dog. Dahl’s employer, Fred Crisman, backed the story, and the case was investigated by Kenneth Arnold and by two Army Air Forces intelligence officers. It is remembered as one of the first reported UFO hoaxes, and for the first story of a “man in black” silencing a witness.","explanation":"Investigators judged it a hoax: the “debris” was ordinary slag and rock, and the photographs showed nothing. The two men involved later gave conflicting accounts.","page":"https://domw99.github.io/Gods-Eye-UAPs/case/maury-island-1947/","globe":"https://domw99.github.io/Gods-Eye-UAPs/#/case/maury-island-1947"}},{"type":"Feature","id":"kenneth-arnold-1947","geometry":{"type":"Point","coordinates":[-121.7603,46.8523]},"properties":{"id":"kenneth-arnold-1947","title":"Kenneth Arnold — \"flying saucers\" over Mount Rainier","date":"1947-06-24T14:59:00-08:00","timeApproximate":false,"year":1947,"place":"Mount Rainier, Washington","countryCode":"US","locationPrecision":"area","category":"aviation","status":"disputed","evidence":"pilot-witness, official-document","shape":"Nine thin, crescent / convex objects in echelon","summary":"Private pilot Kenneth Arnold, searching for a crashed Marine C-46 in his CallAir A-2, saw nine bright objects in a chain flying south past Mount Rainier. He timed them from Rainier to Mount Adams — roughly 50 miles — in 1 minute 42 seconds, implying well over 1,200 mph. The press coverage coined \"flying saucer\" and began the modern UFO era.","explanation":"Project Blue Book listed the sighting as a mirage. Other proposals include a fireball, pelicans and reflections; none has been widely accepted.","page":"https://domw99.github.io/Gods-Eye-UAPs/case/kenneth-arnold-1947/","globe":"https://domw99.github.io/Gods-Eye-UAPs/#/case/kenneth-arnold-1947"}},{"type":"Feature","id":"kenneth-arnold-1947/objects","geometry":{"type":"LineString","coordinates":[[-121.86,47.05,2896],[-121.76,46.8523,2896],[-121.62,46.53,2896],[-121.4909,46.2024,2896]]},"properties":{"case":"kenneth-arnold-1947","title":"Kenneth Arnold — \"flying saucers\" over Mount Rainier","track":"objects","label":"Nine objects (Arnold)","kind":"uap","basis":"witness-reports","seconds":[0,30,81,132]}},{"type":"Feature","id":"kenneth-arnold-1947/arnold","geometry":{"type":"LineString","coordinates":[[-122.1818,46.7176,2804],[-122.13,46.71,2804],[-122.11,46.66,2804]]},"properties":{"case":"kenneth-arnold-1947","title":"Kenneth Arnold — \"flying saucers\" over Mount Rainier","track":"arnold","label":"Arnold — CallAir A-2","kind":"aircraft","basis":"witness-reports","seconds":[0,60,132]}},{"type":"Feature","id":"rhodes-phoenix-1947","geometry":{"type":"Point","coordinates":[-112.0519,33.4988]},"properties":{"id":"rhodes-phoenix-1947","title":"Rhodes photographs — Phoenix","date":"1947-07-07T19:00:00-07:00","timeApproximate":true,"year":1947,"place":"Phoenix, Arizona","countryCode":"US","locationPrecision":"site","category":"photo-video","status":"explained","evidence":"photo, official-document","shape":"Heel-shaped disc with a hole in the centre","summary":"Amateur astronomer and inventor William Rhodes said he heard a \"whoosh\" like a jet, grabbed his camera and took two photographs of a heel-shaped object circling over his home. The Arizona Republic printed them on July 9, 1947. The FBI and Army counter-intelligence took the negatives, and the case became \"Incident 40\" in the Air Force files, one of the first UFO photographs to be studied officially.","explanation":"The Air Force file records that Dr. Irving Langmuir, told a thunderstorm had just passed, judged the object to be paper carried up by the wind; photographers it consulted doubted the pictures. A historian has since argued they were faked.","page":"https://domw99.github.io/Gods-Eye-UAPs/case/rhodes-phoenix-1947/","globe":"https://domw99.github.io/Gods-Eye-UAPs/#/case/rhodes-phoenix-1947"}},{"type":"Feature","id":"rhodes-phoenix-1947/object","geometry":{"type":"LineString","coordinates":[[-112.09,33.53,1524],[-112.05,33.5,610],[-112,33.46,2438]]},"properties":{"case":"rhodes-phoenix-1947","title":"Rhodes photographs — Phoenix","track":"object","label":"Object (Rhodes)","kind":"uap","basis":"witness-reports","seconds":[0,30,60]}},{"type":"Feature","id":"roswell-1947","geometry":{"type":"Point","coordinates":[-105.3142,33.9503]},"properties":{"id":"roswell-1947","title":"Roswell debris recovery","date":"1947-07-08T12:00:00-07:00","timeApproximate":true,"year":1947,"place":"Foster homestead near Corona, New Mexico","countryCode":"US","locationPrecision":"site","category":"object-event","status":"explained","evidence":"official-document, photo, military-witness, physical-trace","shape":"Debris of foil, rubber, sticks and tape","summary":"Rancher W. W. \"Mac\" Brazel found a field of debris on the Foster ranch. On July 8, 1947, Roswell Army Air Field announced it had recovered a \"flying disc\"; within a day the Army re-described it as a weather balloon. Interest revived in the late 1970s, and the Air Force published two reports concluding the debris came from Project Mogul.","explanation":"The U.S. Air Force reports of 1994–1997 identified the debris as a Project Mogul balloon train (NYU Flight 4) launched from Alamogordo Army Air Field to listen for Soviet nuclear tests, and later \"alien body\" stories as conflations with 1950s dummy drops.","page":"https://domw99.github.io/Gods-Eye-UAPs/case/roswell-1947/","globe":"https://domw99.github.io/Gods-Eye-UAPs/#/case/roswell-1947"}},{"type":"Feature","id":"roswell-1947/mogul","geometry":{"type":"LineString","coordinates":[[-106.1066,32.8525,1219],[-105.95,33.3,15240],[-105.55,33.75,12192],[-105.3142,33.9503,1829]]},"properties":{"case":"roswell-1947","title":"Roswell debris recovery","track":"mogul","label":"Mogul Flight 4 (USAF reconstruction)","kind":"balloon","basis":"official-report","seconds":[0,10800,21600,32400]}},{"type":"Feature","id":"mantell-1948","geometry":{"type":"Point","coordinates":[-85.9721,37.9067]},"properties":{"id":"mantell-1948","title":"Mantell UFO incident","date":"1948-01-07T13:15:00-06:00","timeApproximate":false,"year":1948,"place":"Godman Field, Fort Knox, Kentucky","countryCode":"US","locationPrecision":"area","category":"military-encounter","status":"explained","evidence":"military-witness, multiple-witnesses, official-document","shape":"Large bright object, \"ice-cream cone\" / metallic","summary":"Kentucky Highway Patrol reports of a large circular object near Maysville reached Godman Field, where tower staff saw it too. A flight of four Kentucky Air National Guard P-51 Mustangs was asked to investigate. Capt. Thomas Mantell kept climbing after his wingmen levelled off, blacked out without oxygen and died when his P-51 crashed on a farm south of Franklin.","explanation":"Project Blue Book (Ruppelt) concluded Mantell was most likely chasing a classified Navy Skyhook balloon, probably launched from Clinton County AFB, Ohio. Mantell climbed above 25,000 ft without oxygen and lost consciousness.","page":"https://domw99.github.io/Gods-Eye-UAPs/case/mantell-1948/","globe":"https://domw99.github.io/Gods-Eye-UAPs/#/case/mantell-1948"}},{"type":"Feature","id":"mantell-1948/balloon","geometry":{"type":"LineString","coordinates":[[-83.7444,38.6412,18288],[-85.8,37.95,18288],[-86.2,37.4,18288],[-86.6,36.75,18288]]},"properties":{"case":"mantell-1948","title":"Mantell UFO incident","track":"balloon","label":"Object (probable Skyhook balloon)","kind":"balloon","basis":"reconstruction","seconds":[0,1800,5400,9000]}},{"type":"Feature","id":"mantell-1948/mantell","geometry":{"type":"LineString","coordinates":[[-85.9721,37.9067,4572],[-86.25,37.4,6858],[-86.45,36.95,7620],[-86.5578,36.6678,218]]},"properties":{"case":"mantell-1948","title":"Mantell UFO incident","track":"mantell","label":"Capt. Mantell — P-51D","kind":"aircraft","basis":"reconstruction","seconds":[5400,6300,7200,7500]}},{"type":"Feature","id":"chiles-whitted-1948","geometry":{"type":"Point","coordinates":[-86.3,32.3668]},"properties":{"id":"chiles-whitted-1948","title":"Chiles–Whitted encounter","date":"1948-07-24T02:45:00-06:00","timeApproximate":false,"year":1948,"place":"Near Montgomery, Alabama","countryCode":"US","locationPrecision":"area","category":"aviation","status":"explained","evidence":"pilot-witness, official-document","shape":"Wingless cigar with two rows of glowing \"windows\"","summary":"Eastern Air Lines captain Clarence Chiles and co-pilot John Whitted, flying a DC-3 at about 5,000 ft, saw a glowing torpedo-shaped object rush past their right side and pull up into the clouds. Project Sign took the report so seriously it contributed to the \"Estimate of the Situation\", which General Vandenberg rejected.","explanation":"Project Blue Book formally attributed the sighting to a bright meteor (bolide) in 1959.","page":"https://domw99.github.io/Gods-Eye-UAPs/case/chiles-whitted-1948/","globe":"https://domw99.github.io/Gods-Eye-UAPs/#/case/chiles-whitted-1948"}},{"type":"Feature","id":"chiles-whitted-1948/object","geometry":{"type":"LineString","coordinates":[[-86.02,32.52,1829],[-86.285,32.375,1615],[-86.5,32.26,2743]]},"properties":{"case":"chiles-whitted-1948","title":"Chiles–Whitted encounter","track":"object","label":"Glowing object","kind":"uap","basis":"witness-reports","seconds":[0,6,13]}},{"type":"Feature","id":"chiles-whitted-1948/dc3","geometry":{"type":"LineString","coordinates":[[-86.3039,32.3674,1524],[-86.3,32.37,1524],[-86.2954,32.373,1524]]},"properties":{"case":"chiles-whitted-1948","title":"Chiles–Whitted encounter","track":"dc3","label":"Eastern Air Lines DC-3","kind":"aircraft","basis":"approximate","seconds":[0,6,13]}},{"type":"Feature","id":"gorman-dogfight-1948","geometry":{"type":"Point","coordinates":[-96.8158,46.9207]},"properties":{"id":"gorman-dogfight-1948","title":"Gorman dogfight","date":"1948-10-01T21:07:00-06:00","timeApproximate":false,"year":1948,"place":"Fargo, North Dakota","countryCode":"US","locationPrecision":"city","category":"military-encounter","status":"explained","evidence":"pilot-witness, multiple-witnesses, official-document","shape":"Small blinking ball of light","summary":"North Dakota Air National Guard pilot George Gorman stayed aloft in his P-51 after his flight landed and saw a blinking light that no traffic accounted for. He chased it through turns and steep climbs over Hector Airport until he lost it about 25 miles south-west of Fargo. Tower controllers and a Piper Cub crew also watched the light.","explanation":"The Air Force concluded in 1949 that Gorman had chased a lighted weather balloon.","page":"https://domw99.github.io/Gods-Eye-UAPs/case/gorman-dogfight-1948/","globe":"https://domw99.github.io/Gods-Eye-UAPs/#/case/gorman-dogfight-1948"}},{"type":"Feature","id":"gorman-dogfight-1948/light","geometry":{"type":"LineString","coordinates":[[-96.85,46.9,1524],[-96.81,46.92,2134],[-96.82,46.9,4877],[-97.15,46.72,4267],[-97.3,46.85,5182]]},"properties":{"case":"gorman-dogfight-1948","title":"Gorman dogfight","track":"light","label":"Light","kind":"uap","basis":"witness-reports","seconds":[0,180,480,1080,1200]}},{"type":"Feature","id":"gorman-dogfight-1948/gorman","geometry":{"type":"LineString","coordinates":[[-96.78,46.88,1372],[-96.83,46.91,1524],[-96.82,46.9,4267],[-97.12,46.72,4267]]},"properties":{"case":"gorman-dogfight-1948","title":"Gorman dogfight","track":"gorman","label":"Lt. Gorman — P-51","kind":"aircraft","basis":"witness-reports","seconds":[0,180,480,1080]}},{"type":"Feature","id":"tombaugh-1949","geometry":{"type":"Point","coordinates":[-106.7637,32.3199]},"properties":{"id":"tombaugh-1949","title":"Clyde Tombaugh’s Las Cruces sighting","date":"1949-08-20T23:00:00-07:00","timeApproximate":true,"year":1949,"place":"Las Cruces, New Mexico","countryCode":"US","locationPrecision":"city","category":"historical","status":"disputed","evidence":"multiple-witnesses","shape":"Six to eight faint, bluish-green rectangles of light in a geometrical group","summary":"On the night of August 20, 1949, Clyde Tombaugh, who had found Pluto nineteen years earlier and was then working on missile tracking at White Sands, was sitting in his back yard in Las Cruces with his wife and mother-in-law. He saw a group of six to eight faint, bluish-green rectangles of light, in a fixed arrangement, pass overhead from the north-west and fade as they went toward the south-eastern horizon. “I was so unprepared for such a strange sight that I was really petrified with astonishment,” he wrote. He is probably the most eminent astronomer to have reported a UFO, and he went on to support the scientific study of them, while saying he could not take interstellar visitors seriously.","explanation":"Tombaugh never said it was a spacecraft. At the time he wrote that he doubted it was a reflection of anything on the ground, as nothing like it had appeared before or since. Later he thought the most likely cause was a reflection from an inversion layer, given how faint the lights were and how they faded as they moved away from the zenith.","page":"https://domw99.github.io/Gods-Eye-UAPs/case/tombaugh-1949/","globe":"https://domw99.github.io/Gods-Eye-UAPs/#/case/tombaugh-1949"}},{"type":"Feature","id":"mcminnville-1950","geometry":{"type":"Point","coordinates":[-123.33439,45.10072]},"properties":{"id":"mcminnville-1950","title":"McMinnville (Trent) photographs","date":"1950-05-11T19:45:00-08:00","timeApproximate":false,"year":1950,"place":"Trent farm near Sheridan / McMinnville, Oregon","countryCode":"US","locationPrecision":"site","category":"photo-video","status":"disputed","evidence":"photo, official-document","shape":"Metallic disc with a raised \"mast\"","summary":"Evelyn Trent saw a metallic disc moving slowly over the farm; her husband Paul took two photographs with a box camera. The images ran in LIFE magazine and became among the most analysed UFO photos ever taken.","explanation":"The Condon Committee called it one of the few cases where the evidence was consistent with the witnesses’ account; skeptics (Sheaffer, Maccabee critics, later photogrammetry) argue it was a small model hung from overhead wires.","page":"https://domw99.github.io/Gods-Eye-UAPs/case/mcminnville-1950/","globe":"https://domw99.github.io/Gods-Eye-UAPs/#/case/mcminnville-1950"}},{"type":"Feature","id":"mcminnville-1950/disc","geometry":{"type":"LineString","coordinates":[[-123.3365,45.1015,30],[-123.3346,45.1009,27],[-123.3395,45.1005,37]]},"properties":{"case":"mcminnville-1950","title":"McMinnville (Trent) photographs","track":"disc","label":"Disc","kind":"uap","basis":"witness-reports","seconds":[0,30,70]}},{"type":"Feature","id":"mariana-film-1950","geometry":{"type":"Point","coordinates":[-111.3008,47.5053]},"properties":{"id":"mariana-film-1950","title":"Mariana film, Great Falls","date":"1950-08-15T11:25:00-07:00","timeApproximate":false,"year":1950,"place":"Great Falls, Montana","countryCode":"US","locationPrecision":"city","category":"photo-video","status":"disputed","evidence":"film, official-document","shape":"Two bright spinning discs","summary":"Great Falls Electrics baseball manager Nicholas Mariana filmed two bright objects crossing the sky with his 16 mm camera. The Air Force returned the film with frames missing; the case was studied by Project Blue Book, the Robertson Panel and the Condon Committee.","explanation":"The Air Force suggested reflections from two F-94 jets landing nearby; later analyses dispute the geometry.","page":"https://domw99.github.io/Gods-Eye-UAPs/case/mariana-film-1950/","globe":"https://domw99.github.io/Gods-Eye-UAPs/#/case/mariana-film-1950"}},{"type":"Feature","id":"mariana-film-1950/objects","geometry":{"type":"LineString","coordinates":[[-111.35,47.53,2438],[-111.29,47.5,2134],[-111.2,47.48,1829]]},"properties":{"case":"mariana-film-1950","title":"Mariana film, Great Falls","track":"objects","label":"Two objects","kind":"uap","basis":"witness-reports","seconds":[0,8,16]}},{"type":"Feature","id":"navy-r5d-atlantic-1951","geometry":{"type":"Point","coordinates":[-50.05,49.8333]},"properties":{"id":"navy-r5d-atlantic-1951","title":"U.S. Navy R5D — object over the North Atlantic","date":"1951-02-10T00:55:00-03:30","timeApproximate":false,"year":1951,"place":"North Atlantic, east of Newfoundland","countryCode":"CA","locationPrecision":"area","category":"aviation","status":"disputed","evidence":"pilot-witness, military-witness, official-document","shape":"Huge yellowish glow, semicircular","summary":"A U.S. Navy R5D transport flying toward Newfoundland at about 10,000 ft saw a yellowish glow, like a fire, ahead and below. It rushed toward the aircraft and grew very large and bright, with a semicircular shape. Then it turned 180° and vanished over the horizon at great speed. The Air Force logged the report at 49°50′N 50°03′W. Crew member Lt. Graham Bethune later described it publicly.","explanation":"The Blue Book record card gives its consulting astronomer's view that the crew saw an astronomical display. The crew said it was a solid object that came up to meet them.","page":"https://domw99.github.io/Gods-Eye-UAPs/case/navy-r5d-atlantic-1951/","globe":"https://domw99.github.io/Gods-Eye-UAPs/#/case/navy-r5d-atlantic-1951"}},{"type":"Feature","id":"navy-r5d-atlantic-1951/r5d","geometry":{"type":"LineString","coordinates":[[-49.62,50.05,3048],[-50.05,49.8333,3048],[-50.47,49.62,3048]]},"properties":{"case":"navy-r5d-atlantic-1951","title":"U.S. Navy R5D — object over the North Atlantic","track":"r5d","label":"Navy R5D","kind":"aircraft","basis":"official-report","seconds":[0,240,480]}},{"type":"Feature","id":"navy-r5d-atlantic-1951/object","geometry":{"type":"LineString","coordinates":[[-50.8,49.45,0],[-50.12,49.8,2743],[-50.08,49.82,3048],[-51.5,49.1,6096]]},"properties":{"case":"navy-r5d-atlantic-1951","title":"U.S. Navy R5D — object over the North Atlantic","track":"object","label":"Glowing object","kind":"uap","basis":"witness-reports","seconds":[0,240,300,420]}},{"type":"Feature","id":"lubbock-lights-1951","geometry":{"type":"Point","coordinates":[-101.8552,33.5779]},"properties":{"id":"lubbock-lights-1951","title":"Lubbock Lights","date":"1951-08-30T23:30:00-06:00","timeApproximate":false,"year":1951,"place":"Lubbock, Texas","countryCode":"US","locationPrecision":"city","category":"photo-video","status":"disputed","evidence":"photo, multiple-witnesses, official-document","shape":"V / arc formation of 15–30 bluish lights","summary":"Starting on 25 August 1951, three Texas Tech professors saw arcs of faint lights sweep silently overhead several times. On 30–31 August, 18-year-old Carl Hart Jr. photographed a V-shaped formation of lights from his backyard.","explanation":"Project Blue Book’s Edward Ruppelt concluded the lights were probably plovers reflecting street lights; the photos themselves were never shown to be faked.","page":"https://domw99.github.io/Gods-Eye-UAPs/case/lubbock-lights-1951/","globe":"https://domw99.github.io/Gods-Eye-UAPs/#/case/lubbock-lights-1951"}},{"type":"Feature","id":"fort-monmouth-1951","geometry":{"type":"Point","coordinates":[-74.045,40.314]},"properties":{"id":"fort-monmouth-1951","title":"Fort Monmouth radar and T-33 sighting","date":"1951-09-10T11:10:00-04:00","timeApproximate":false,"year":1951,"place":"Fort Monmouth and the Jersey Shore, New Jersey","countryCode":"US","locationPrecision":"area","category":"radar-visual","status":"explained","evidence":"radar, pilot-witness, military-witness, official-document","shape":"Fast radar target; silver disc seen from a T-33","summary":"During a demonstration at the Army Signal Corps radar school at Fort Monmouth, an operator picked up a low target moving too fast for the automatic tracking. Minutes later, the crew of an Air Force T-33 over Point Pleasant reported a silver disc below them and dived after it. More radar targets followed the next day. The case alarmed the Pentagon and led the Air Force to reorganise Project Grudge, which became Project Blue Book.","explanation":"Blue Book's record card: \"Extensive investigation revealed that the target on 10 Sept was caused by a balloon. Targets on 11 September were attributed to anomalous propagation.\"","page":"https://domw99.github.io/Gods-Eye-UAPs/case/fort-monmouth-1951/","globe":"https://domw99.github.io/Gods-Eye-UAPs/#/case/fort-monmouth-1951"}},{"type":"Feature","id":"fort-monmouth-1951/radar-target","geometry":{"type":"LineString","coordinates":[[-73.98,40.45,1524],[-74.045,40.314,1524],[-74.1,40.12,1524]]},"properties":{"case":"fort-monmouth-1951","title":"Fort Monmouth radar and T-33 sighting","track":"radar-target","label":"Radar target, Sep 10","kind":"uap","basis":"radar","seconds":[0,20,40]}},{"type":"Feature","id":"fort-monmouth-1951/t33","geometry":{"type":"LineString","coordinates":[[-74.2,40.3,6096],[-74.08,40.09,6096],[-73.95,40,3658]]},"properties":{"case":"fort-monmouth-1951","title":"Fort Monmouth radar and T-33 sighting","track":"t33","label":"Air Force T-33","kind":"aircraft","basis":"approximate","seconds":[1380,1500,1620]}},{"type":"Feature","id":"wonsan-sunchon-1952","geometry":{"type":"Point","coordinates":[127.4439,39.1528]},"properties":{"id":"wonsan-sunchon-1952","title":"Wonsan and Sunchon B-29 sightings","date":"1952-01-29T00:00:00+09:00","timeApproximate":true,"year":1952,"place":"Wonsan and Sunchon, North Korea","countryCode":"KP","locationPrecision":"city","category":"military-encounter","status":"unresolved","evidence":"military-witness, pilot-witness","shape":"Orange sphere or disc, with occasional blue flames","summary":"Around midnight on the night of January 29, 1952, during the Korean War, the rear gunner and the central fire-control gunner of a B-29 Superfortress at 20,000 feet over Wonsan saw an orange, globe-shaped light about three feet across that stayed near the bomber for five minutes or more. A second B-29 from a different squadron, hundreds of miles away at Sunchon, reported a lighted orange sphere that followed it for about a minute on the way back to base. The two reports were made independently by trained aircrew over hostile territory, and the story was widely published in February 1952. Air Force UFO experts have argued that the wide publicity it received helped feed the 1952 wave, which ended over Washington, D.C.","explanation":"No explanation was ever settled. Air Force Lt. Gen. Otto Weyland said that “we can’t say there’s nothing to it” but that without more data a conclusive answer could not be expected, and he doubted that jet aircraft were responsible.","page":"https://domw99.github.io/Gods-Eye-UAPs/case/wonsan-sunchon-1952/","globe":"https://domw99.github.io/Gods-Eye-UAPs/#/case/wonsan-sunchon-1952"}},{"type":"Feature","id":"tremonton-1952","geometry":{"type":"Point","coordinates":[-112.1655,41.8127]},"properties":{"id":"tremonton-1952","title":"Tremonton, Utah film","date":"1952-07-02T11:10:00-07:00","timeApproximate":false,"year":1952,"place":"Near Tremonton, Utah","countryCode":"US","locationPrecision":"area","category":"photo-video","status":"disputed","evidence":"film, military-witness, official-document","shape":"About a dozen bright objects milling in the sky","summary":"Driving about seven miles north of Tremonton, Navy photographer Delbert Newhouse stopped and filmed a group of bright objects with his Bell & Howell 16 mm camera. The Navy’s Photographic Interpretation Laboratory spent over 1,000 man-hours on it and ruled out aircraft and birds; the Robertson Panel disagreed.","explanation":"Navy photo analysts could not identify the objects; the 1953 Robertson Panel suggested seagulls reflecting sunlight. The film was re-released in 2026 as PURSUE record DOW-UAP-PR159.","page":"https://domw99.github.io/Gods-Eye-UAPs/case/tremonton-1952/","globe":"https://domw99.github.io/Gods-Eye-UAPs/#/case/tremonton-1952"}},{"type":"Feature","id":"nash-fortenberry-1952","geometry":{"type":"Point","coordinates":[-76.35,37.05]},"properties":{"id":"nash-fortenberry-1952","title":"Nash–Fortenberry sighting","date":"1952-07-14T20:12:00-04:00","timeApproximate":false,"year":1952,"place":"Chesapeake Bay near Newport News, Virginia","countryCode":"US","locationPrecision":"area","category":"aviation","status":"unresolved","evidence":"pilot-witness, multiple-witnesses, official-document","shape":"Eight glowing red-orange discs in echelon","summary":"Pan American pilots William Nash and William Fortenberry, flying a DC-4 at 8,000 ft toward Norfolk, saw eight glowing discs race in formation below them, flip on edge and reverse direction, then climb west out of sight. Blue Book classified the case as unknown.","explanation":"Listed as \"unknown\" by Project Blue Book. Menzel suggested haze-distorted ground lights or fireflies; others a mirage of Venus.","page":"https://domw99.github.io/Gods-Eye-UAPs/case/nash-fortenberry-1952/","globe":"https://domw99.github.io/Gods-Eye-UAPs/#/case/nash-fortenberry-1952"}},{"type":"Feature","id":"nash-fortenberry-1952/discs","geometry":{"type":"LineString","coordinates":[[-76.43,36.98,610],[-76.34,37.02,610],[-76.6,37.08,1829],[-76.95,37.15,3658]]},"properties":{"case":"nash-fortenberry-1952","title":"Nash–Fortenberry sighting","track":"discs","label":"Eight discs","kind":"uap","basis":"witness-reports","seconds":[0,5,9,12]}},{"type":"Feature","id":"nash-fortenberry-1952/dc4","geometry":{"type":"LineString","coordinates":[[-76.3,37.3,2438],[-76.3011,37.29,2438]]},"properties":{"case":"nash-fortenberry-1952","title":"Nash–Fortenberry sighting","track":"dc4","label":"Pan Am DC-4","kind":"aircraft","basis":"approximate","seconds":[0,12]}},{"type":"Feature","id":"washington-dc-1952","geometry":{"type":"Point","coordinates":[-77.0365,38.8977]},"properties":{"id":"washington-dc-1952","title":"Washington, D.C. radar-visual sightings","date":"1952-07-19T23:40:00-04:00","timeApproximate":false,"year":1952,"place":"Washington, D.C.","countryCode":"US","locationPrecision":"city","category":"radar-visual","status":"disputed","evidence":"radar, pilot-witness, military-witness, multiple-witnesses, official-document, photo","shape":"Radar blips; orange-red lights","summary":"On consecutive Saturday nights, controllers at Washington National Airport and Andrews AFB tracked unknown targets over the capital — including the prohibited airspace over the White House and Capitol — while airline pilots saw lights where radar showed them. F-94 jets scrambled from New Castle AFB, Delaware; one pilot said lights surrounded his aircraft. The Pentagon held its largest press conference since WWII.","explanation":"The Air Force attributed the radar returns to temperature inversions; radar controllers involved rejected that explanation. The widely published \"Capitol UFO\" photo shows lens flares.","page":"https://domw99.github.io/Gods-Eye-UAPs/case/washington-dc-1952/","globe":"https://domw99.github.io/Gods-Eye-UAPs/#/case/washington-dc-1952"}},{"type":"Feature","id":"washington-dc-1952/targets","geometry":{"type":"LineString","coordinates":[[-77.12,38.68,1524],[-77.05,38.8,1219],[-77.0365,38.8977,914],[-77.0091,38.8899,914],[-76.867,38.8108,1219]]},"properties":{"case":"washington-dc-1952","title":"Washington, D.C. radar-visual sightings","track":"targets","label":"Radar targets","kind":"uap","basis":"radar","seconds":[0,1200,2400,3000,4200]}},{"type":"Feature","id":"washington-dc-1952/f94","geometry":{"type":"LineString","coordinates":[[-75.6065,39.6787,21],[-76.4,39.25,7620],[-77.02,38.88,6096],[-76.9,38.8,6096]]},"properties":{"case":"washington-dc-1952","title":"Washington, D.C. radar-visual sightings","track":"f94","label":"F-94 interceptors","kind":"aircraft","basis":"official-report","seconds":[11400,12300,13200,15000]}},{"type":"Feature","id":"flatwoods-1952","geometry":{"type":"Point","coordinates":[-80.6508,38.7231]},"properties":{"id":"flatwoods-1952","title":"Flatwoods \"monster\"","date":"1952-09-12T19:15:00-05:00","timeApproximate":false,"year":1952,"place":"Flatwoods, Braxton County, West Virginia","countryCode":"US","locationPrecision":"city","category":"close-encounter","status":"explained","evidence":"multiple-witnesses, medical","shape":"Bright light; tall figure with a spade-shaped hood","summary":"Just after 7 p.m. three boys saw a bright light cross the sky and come down on the Fisher farm. They climbed the hill with Kathleen May, National Guardsman Eugene Lemon and two other boys. At the top they saw a pulsing red light, and in Lemon's flashlight beam a tall figure with a glowing face and a spade-shaped hood. It hissed, and they fled. Several later felt sick. A bright meteor was reported over Maryland, Pennsylvania and West Virginia that same evening.","explanation":"Investigator Joe Nickell concluded the light was a meteor seen over three states that evening, the pulsing red glow an aircraft beacon, and the \"monster\" a barn owl on a branch, magnified by fear. The witnesses' nausea fits fright and the smoke of the fire.","page":"https://domw99.github.io/Gods-Eye-UAPs/case/flatwoods-1952/","globe":"https://domw99.github.io/Gods-Eye-UAPs/#/case/flatwoods-1952"}},{"type":"Feature","id":"flatwoods-1952/meteor","geometry":{"type":"LineString","coordinates":[[-79.9,39.3,18288],[-80.6508,38.7231,457]]},"properties":{"case":"flatwoods-1952","title":"Flatwoods \"monster\"","track":"meteor","label":"Light in the sky","kind":"meteor","basis":"witness-reports","seconds":[0,8]}},{"type":"Feature","id":"topcliffe-mainbrace-1952","geometry":{"type":"Point","coordinates":[-1.3822,54.2056]},"properties":{"id":"topcliffe-mainbrace-1952","title":"RAF Topcliffe disc — Exercise Mainbrace","date":"1952-09-19T10:53:00+01:00","timeApproximate":false,"year":1952,"place":"RAF Topcliffe / Dishforth, North Yorkshire","countryCode":"GB","locationPrecision":"site","category":"military-encounter","status":"unresolved","evidence":"military-witness, multiple-witnesses, official-document","shape":"Silver disc, rotating","summary":"During NATO's Exercise Mainbrace, RAF aircrew at Topcliffe watched a silver, disc-shaped object following a Meteor jet as it came down to land at nearby Dishforth. The object descended, swinging \"like a pendulum\", hovered and rotated. It then shot away westward at high speed. The report made front pages and was raised in Parliament years later.","explanation":null,"page":"https://domw99.github.io/Gods-Eye-UAPs/case/topcliffe-mainbrace-1952/","globe":"https://domw99.github.io/Gods-Eye-UAPs/#/case/topcliffe-mainbrace-1952"}},{"type":"Feature","id":"topcliffe-mainbrace-1952/meteor","geometry":{"type":"LineString","coordinates":[[-1.2,54.33,1524],[-1.4203,54.1372,122]]},"properties":{"case":"topcliffe-mainbrace-1952","title":"RAF Topcliffe disc — Exercise Mainbrace","track":"meteor","label":"RAF Meteor","kind":"aircraft","basis":"witness-reports","seconds":[0,180]}},{"type":"Feature","id":"topcliffe-mainbrace-1952/disc","geometry":{"type":"LineString","coordinates":[[-1.16,54.3,3048],[-1.3,54.2,2134],[-1.3,54.2,2134],[-2.4,54.22,4572]]},"properties":{"case":"topcliffe-mainbrace-1952","title":"RAF Topcliffe disc — Exercise Mainbrace","track":"disc","label":"Silver disc","kind":"uap","basis":"witness-reports","seconds":[0,90,110,150]}},{"type":"Feature","id":"oloron-angel-hair-1952","geometry":{"type":"Point","coordinates":[-0.6056,43.1947]},"properties":{"id":"oloron-angel-hair-1952","title":"Oloron-Sainte-Marie \"angel hair\"","date":"1952-10-17T12:50:00+01:00","timeApproximate":false,"year":1952,"place":"Oloron-Sainte-Marie, Pyrénées-Atlantiques","countryCode":"FR","locationPrecision":"city","category":"mass-sighting","status":"disputed","evidence":"multiple-witnesses, physical-trace","shape":"White cylinder with a train of smaller \"saucers\" in pairs","summary":"Around midday, residents of Oloron-Sainte-Marie saw a cottony white cylinder tilted at 45°, drifting slowly across a nearly cloudless sky. Around it were about thirty smaller objects moving in zig-zagging pairs. Long white filaments (\"angel hair\") fell from them onto roofs, trees and wires, then turned to jelly and vanished. A similar event followed at Gaillac ten days later.","explanation":"Most researchers attribute \"angel hair\" falls to silk from migrating ballooning spiders, common in autumn. The Oloron filaments dissolved and no sample was analysed.","page":"https://domw99.github.io/Gods-Eye-UAPs/case/oloron-angel-hair-1952/","globe":"https://domw99.github.io/Gods-Eye-UAPs/#/case/oloron-angel-hair-1952"}},{"type":"Feature","id":"little-rissington-1952","geometry":{"type":"Point","coordinates":[-1.7,51.8667]},"properties":{"id":"little-rissington-1952","title":"Little Rissington Meteor encounter","date":"1952-10-21T14:00:00+01:00","timeApproximate":true,"year":1952,"place":"Over Gloucestershire from RAF Little Rissington","countryCode":"GB","locationPrecision":"area","category":"radar-visual","status":"unresolved","evidence":"pilot-witness, military-witness, radar, official-document","shape":"Three white, perfectly circular discs","summary":"An instructor from the Central Flying School and a Royal Navy trainee broke through cloud at 12,000 ft in a Meteor T.7 and saw three white, circular objects far above, which they first took for parachutes. They climbed toward 35,000 ft, but the objects crossed their path from left to right and disappeared in a fraction of a second. Radar at Gloucester reported three objects, two Meteor F.8s were scrambled, and Southern Sector radar logged targets heading east at great speed.","explanation":null,"page":"https://domw99.github.io/Gods-Eye-UAPs/case/little-rissington-1952/","globe":"https://domw99.github.io/Gods-Eye-UAPs/#/case/little-rissington-1952"}},{"type":"Feature","id":"little-rissington-1952/meteor","geometry":{"type":"LineString","coordinates":[[-1.7,51.8667,213],[-1.95,51.95,3658],[-2.1,52,9144]]},"properties":{"case":"little-rissington-1952","title":"Little Rissington Meteor encounter","track":"meteor","label":"Meteor T.7 (Swiney/Crofts)","kind":"aircraft","basis":"witness-reports","seconds":[0,300,720]}},{"type":"Feature","id":"little-rissington-1952/objects","geometry":{"type":"LineString","coordinates":[[-2.35,51.98,10668],[-1.7,51.92,10668],[-0.2,51.8,10668]]},"properties":{"case":"little-rissington-1952","title":"Little Rissington Meteor encounter","track":"objects","label":"Three discs","kind":"uap","basis":"radar","seconds":[300,720,1200]}},{"type":"Feature","id":"west-malling-1953","geometry":{"type":"Point","coordinates":[0.4025,51.2711]},"properties":{"id":"west-malling-1953","title":"West Malling Vampire sighting","date":"1953-11-03T10:00:00+00:00","timeApproximate":true,"year":1953,"place":"Over RAF West Malling, Kent","countryCode":"GB","locationPrecision":"area","category":"aviation","status":"disputed","evidence":"pilot-witness, military-witness, official-document","shape":"Bright object","summary":"Two RAF aircrew flying a de Havilland Vampire over West Malling reported an unidentified object. The report reached the House of Commons, where the Air Minister called it a weather balloon. Another MP raised it again the next day.","explanation":"In Parliament, the Secretary of State for Air said the object was \"a weather balloon\". The crew did not accept this.","page":"https://domw99.github.io/Gods-Eye-UAPs/case/west-malling-1953/","globe":"https://domw99.github.io/Gods-Eye-UAPs/#/case/west-malling-1953"}},{"type":"Feature","id":"kinross-moncla-1953","geometry":{"type":"Point","coordinates":[-86.95,47.85]},"properties":{"id":"kinross-moncla-1953","title":"Kinross F-89 disappearance over Lake Superior","date":"1953-11-23T18:22:00-05:00","timeApproximate":false,"year":1953,"place":"Lake Superior, off the Keweenaw Peninsula, Michigan","countryCode":"US","locationPrecision":"area","category":"military-encounter","status":"unresolved","evidence":"radar, military-witness, official-document","shape":"Unidentified radar target","summary":"Air defense radar picked up an unidentified target over the restricted airspace near the Soo Locks. An F-89C Scorpion was scrambled from Kinross AFB, flown by 1st Lt. Felix Moncla with radar operator 2nd Lt. Robert Wilson. Ground controllers watched the fighter close on the target over Lake Superior at about 8,000 ft, until the two returns merged into one. The F-89 never answered again, and neither the aircraft nor its crew was ever found.","explanation":"The Air Force said the target was a Royal Canadian Air Force C-47 flying off course and that the F-89 probably crashed after the pilot became disoriented (vertigo). The RCAF denied any intercept took place, and no wreckage of the F-89 has ever been found.","page":"https://domw99.github.io/Gods-Eye-UAPs/case/kinross-moncla-1953/","globe":"https://domw99.github.io/Gods-Eye-UAPs/#/case/kinross-moncla-1953"}},{"type":"Feature","id":"kinross-moncla-1953/f89","geometry":{"type":"LineString","coordinates":[[-84.4725,46.2508,244],[-85.7,46.9,9144],[-86.6,47.6,2438],[-86.95,47.85,2438]]},"properties":{"case":"kinross-moncla-1953","title":"Kinross F-89 disappearance over Lake Superior","track":"f89","label":"F-89C Scorpion (Moncla/Wilson)","kind":"aircraft","basis":"official-report","seconds":[0,720,1560,1800]}},{"type":"Feature","id":"kinross-moncla-1953/target","geometry":{"type":"LineString","coordinates":[[-86,47.3,2438],[-86.95,47.85,2438]]},"properties":{"case":"kinross-moncla-1953","title":"Kinross F-89 disappearance over Lake Superior","track":"target","label":"Unidentified target","kind":"uap","basis":"approximate","seconds":[0,1800]}},{"type":"Feature","id":"boac-stratocruiser-1954","geometry":{"type":"Point","coordinates":[-66.1,50.45]},"properties":{"id":"boac-stratocruiser-1954","title":"BOAC Stratocruiser paced by seven objects","date":"1954-06-29T21:05:00-04:00","timeApproximate":false,"year":1954,"place":"Gulf of St. Lawrence, near Sept-Îles, Quebec","countryCode":"CA","locationPrecision":"area","category":"aviation","status":"unresolved","evidence":"pilot-witness, multiple-witnesses, official-document","shape":"One large dark object and six smaller ones","summary":"BOAC Flight 510-196, a Boeing Stratocruiser from New York to London via Goose Bay, was cruising at 19,000 ft when the crew saw a large dark object and six smaller ones keeping pace a few miles off the port side. They held station for 18 minutes as the crew and passengers watched. Goose Bay sent up a USAF F-94. As it approached, the small objects seemed to merge into the large one, which shrank and disappeared. Captain Howard was interviewed on the BBC days later.","explanation":"Suggested explanations include a mirage or other optical effect in the evening sky; none has been generally accepted.","page":"https://domw99.github.io/Gods-Eye-UAPs/case/boac-stratocruiser-1954/","globe":"https://domw99.github.io/Gods-Eye-UAPs/#/case/boac-stratocruiser-1954"}},{"type":"Feature","id":"boac-stratocruiser-1954/boac","geometry":{"type":"LineString","coordinates":[[-66.9,50,5791],[-65.3,50.9,5791],[-60.4167,53.3167,61]]},"properties":{"case":"boac-stratocruiser-1954","title":"BOAC Stratocruiser paced by seven objects","track":"boac","label":"BOAC Stratocruiser G-ALSC","kind":"aircraft","basis":"flight-plan","seconds":[0,1080,4500]}},{"type":"Feature","id":"boac-stratocruiser-1954/objects","geometry":{"type":"LineString","coordinates":[[-66.98,50.04,5791],[-65.38,50.94,5791]]},"properties":{"case":"boac-stratocruiser-1954","title":"BOAC Stratocruiser paced by seven objects","track":"objects","label":"Seven objects","kind":"uap","basis":"witness-reports","seconds":[0,1080]}},{"type":"Feature","id":"quarouble-1954","geometry":{"type":"Point","coordinates":[3.5589,50.3883]},"properties":{"id":"quarouble-1954","title":"Quarouble railway encounter — Marius Dewilde","date":"1954-09-10T22:30:00+01:00","timeApproximate":false,"year":1954,"place":"Quarouble, near Valenciennes, Nord, France","countryCode":"FR","locationPrecision":"site","category":"landing-trace","status":"unresolved","evidence":"physical-trace","shape":"Dark mass on the railway with two or more small figures","summary":"On the night of September 10, 1954, Marius Dewilde, living beside a level crossing on the Saint-Amand–Blanc-Misseron line, went into his yard after his dog barked. He saw a dark mass on the tracks and two small figures, about a metre tall with large heads like glass helmets, heading for it. When he approached, a bright light left him unable to move; the object rose and vanished to the west. Air police inspectors found symmetrical dents in the wooden sleepers at five places and displaced ballast, and one of them said the marks might fit landing struts. It became one of the best-known cases of the 1954 wave of sightings in France.","explanation":"The marks on the sleepers were real, and an investigator thought they could be landing struts. But there was one witness, who had suffered a head injury the year before and later had nervous disorders, and the air police and gendarmes found no footprints or other proof.","page":"https://domw99.github.io/Gods-Eye-UAPs/case/quarouble-1954/","globe":"https://domw99.github.io/Gods-Eye-UAPs/#/case/quarouble-1954"}},{"type":"Feature","id":"salandin-1954","geometry":{"type":"Point","coordinates":[0.7077,51.5459]},"properties":{"id":"salandin-1954","title":"Salandin near-miss over Southend","date":"1954-10-14T16:30:00+00:00","timeApproximate":false,"year":1954,"place":"Over Southend-on-Sea, Essex","countryCode":"GB","locationPrecision":"area","category":"aviation","status":"unresolved","evidence":"pilot-witness, military-witness","shape":"Two circular objects, one silver and one gold","summary":"Flt Lt James Salandin of the Royal Auxiliary Air Force was climbing through 16,000 ft over Southend in a Meteor F.8 from North Weald when two circular objects, one silver and one gold, came toward him. The silver one came head-on, filling his windscreen, and he only narrowly avoided a collision. He reported it on landing.","explanation":null,"page":"https://domw99.github.io/Gods-Eye-UAPs/case/salandin-1954/","globe":"https://domw99.github.io/Gods-Eye-UAPs/#/case/salandin-1954"}},{"type":"Feature","id":"salandin-1954/meteor","geometry":{"type":"LineString","coordinates":[[0.1542,51.7217,91],[0.7077,51.5459,4877],[0.9,51.5,4877]]},"properties":{"case":"salandin-1954","title":"Salandin near-miss over Southend","track":"meteor","label":"Meteor F.8 (Salandin)","kind":"aircraft","basis":"witness-reports","seconds":[0,360,420]}},{"type":"Feature","id":"salandin-1954/object","geometry":{"type":"LineString","coordinates":[[1.2,51.45,4877],[0.72,51.54,4877],[0.4,51.6,6096]]},"properties":{"case":"salandin-1954","title":"Salandin near-miss over Southend","track":"object","label":"Silver object (head-on)","kind":"uap","basis":"witness-reports","seconds":[330,360,375]}},{"type":"Feature","id":"florence-stadium-1954","geometry":{"type":"Point","coordinates":[11.2822,43.7808]},"properties":{"id":"florence-stadium-1954","title":"Florence stadium sighting","date":"1954-10-27T14:20:00+01:00","timeApproximate":false,"year":1954,"place":"Stadio Comunale (Artemio Franchi), Florence","countryCode":"IT","locationPrecision":"site","category":"mass-sighting","status":"disputed","evidence":"multiple-witnesses, physical-trace","shape":"Egg- or cigar-shaped objects; falling silvery filaments","summary":"During a match between Fiorentina and Pistoiese, the crowd and players stopped to stare at objects crossing the sky over the stadium. Witnesses described slow-moving \"eggs\" or fast \"cigars\" that stopped dead. Silvery filaments drifted down onto the ground and dissolved when touched. The same day two shining objects were reported over Venice, and sightings followed across Tuscany.","explanation":"Proposed explanations include migrating spiders' silk (angel hair) catching the sunlight. A sample analysed by University of Florence chemists was reported to contain boron, silicon, calcium and magnesium, which does not fit spider silk. The sample was not preserved.","page":"https://domw99.github.io/Gods-Eye-UAPs/case/florence-stadium-1954/","globe":"https://domw99.github.io/Gods-Eye-UAPs/#/case/florence-stadium-1954"}},{"type":"Feature","id":"kelly-hopkinsville-1955","geometry":{"type":"Point","coordinates":[-87.4769,36.9706]},"properties":{"id":"kelly-hopkinsville-1955","title":"Kelly–Hopkinsville encounter","date":"1955-08-21T19:00:00-06:00","timeApproximate":false,"year":1955,"place":"Sutton farm, Kelly, Kentucky","countryCode":"US","locationPrecision":"site","category":"close-encounter","status":"explained","evidence":"multiple-witnesses","shape":"Light in the sky; small, glowing \"goblins\"","summary":"Around 7 p.m. Billy Ray Taylor said he saw a bright light land in a gully behind the Sutton farmhouse. Over the next hours the family reported small, silvery creatures with large eyes and ears approaching the house, and they fired guns at them repeatedly. At about 11 p.m. they drove to the Hopkinsville police. Officers found bullet holes but nothing else. The family said the creatures came back after the police left.","explanation":"Project Blue Book listed the case as a hoax. Investigators have since suggested great horned owls, which defend their nests aggressively at night and have eyes that shine in torchlight, seen by frightened people after a meteor passed overhead.","page":"https://domw99.github.io/Gods-Eye-UAPs/case/kelly-hopkinsville-1955/","globe":"https://domw99.github.io/Gods-Eye-UAPs/#/case/kelly-hopkinsville-1955"}},{"type":"Feature","id":"kelly-hopkinsville-1955/drive","geometry":{"type":"LineString","coordinates":[[-87.4769,36.9706,183],[-87.4886,36.8656,171]]},"properties":{"case":"kelly-hopkinsville-1955","title":"Kelly–Hopkinsville encounter","track":"drive","label":"Family drives for help","kind":"vehicle","basis":"approximate","seconds":[14400,15300]}},{"type":"Feature","id":"lakenheath-bentwaters-1956","geometry":{"type":"Point","coordinates":[0.561,52.4093]},"properties":{"id":"lakenheath-bentwaters-1956","title":"Lakenheath–Bentwaters radar-visual case","date":"1956-08-13T21:30:00+01:00","timeApproximate":false,"year":1956,"place":"RAF Bentwaters & RAF Lakenheath, Suffolk","countryCode":"GB","locationPrecision":"area","category":"radar-visual","status":"unresolved","evidence":"radar, pilot-witness, military-witness, official-document","shape":"Fast radar targets; luminous objects","summary":"Radar at USAF-run RAF Bentwaters tracked targets at thousands of miles per hour coming in from the sea. Lakenheath’s ground personnel then saw luminous objects, and RAF de Havilland Venom night fighters were scrambled. One pilot reported locking on before the target appeared behind him; radar showed it following the fighter.","explanation":"The Condon Report judged \"the probability that at least one genuine UFO was involved appears to be fairly high\"; others propose anomalous radar propagation, meteors and stars.","page":"https://domw99.github.io/Gods-Eye-UAPs/case/lakenheath-bentwaters-1956/","globe":"https://domw99.github.io/Gods-Eye-UAPs/#/case/lakenheath-bentwaters-1956"}},{"type":"Feature","id":"lakenheath-bentwaters-1956/fast-target","geometry":{"type":"LineString","coordinates":[[2.1,52.1,1524],[1.4347,52.1275,1524],[0.9,52.15,1524]]},"properties":{"case":"lakenheath-bentwaters-1956","title":"Lakenheath–Bentwaters radar-visual case","track":"fast-target","label":"Fast radar target","kind":"uap","basis":"radar","seconds":[0,20,40]}},{"type":"Feature","id":"lakenheath-bentwaters-1956/venom","geometry":{"type":"LineString","coordinates":[[0.1817,52.2808,0],[0.45,52.38,3658],[0.6,52.42,3658],[0.3,52.35,3048]]},"properties":{"case":"lakenheath-bentwaters-1956","title":"Lakenheath–Bentwaters radar-visual case","track":"venom","label":"RAF Venom night fighter","kind":"aircraft","basis":"official-report","seconds":[9000,9480,9720,10320]}},{"type":"Feature","id":"west-freugh-1957","geometry":{"type":"Point","coordinates":[-4.9478,54.8475]},"properties":{"id":"west-freugh-1957","title":"West Freugh radar incident","date":"1957-04-04T10:30:00+00:00","timeApproximate":true,"year":1957,"place":"RAF West Freugh, near Stranraer, Scotland","countryCode":"GB","locationPrecision":"area","category":"radar-visual","status":"unresolved","evidence":"radar, military-witness, official-document","shape":"Radar echo \"as large as a ship\"","summary":"Radar at West Freugh tracked a very large target hanging almost stationary at about 50,000 ft over the Irish Sea for ten minutes. It then rose vertically to about 70,000 ft and moved off. A second radar at Ardwell tracked it too. Operators said it made a turn no aircraft could make and gave an echo bigger than a normal aircraft, like a ship.","explanation":null,"page":"https://domw99.github.io/Gods-Eye-UAPs/case/west-freugh-1957/","globe":"https://domw99.github.io/Gods-Eye-UAPs/#/case/west-freugh-1957"}},{"type":"Feature","id":"west-freugh-1957/target","geometry":{"type":"LineString","coordinates":[[-5.12,54.8,15240],[-5.12,54.8,15240],[-5.08,54.81,21336],[-4.55,54.95,18288],[-4.2,55.3,18288]]},"properties":{"case":"west-freugh-1957","title":"West Freugh radar incident","track":"target","label":"Radar target","kind":"uap","basis":"radar","seconds":[0,600,780,1200,1680]}},{"type":"Feature","id":"milton-torres-1957","geometry":{"type":"Point","coordinates":[1,52.3]},"properties":{"id":"milton-torres-1957","title":"Milton Torres — ordered to fire on a UFO","date":"1957-05-20T20:30:00+01:00","timeApproximate":true,"year":1957,"place":"Over East Anglia, from RAF Manston","countryCode":"GB","locationPrecision":"area","category":"military-encounter","status":"disputed","evidence":"radar, pilot-witness, military-witness, official-document","shape":"Radar return the size of an aircraft carrier","summary":"Lt Milton Torres, a USAF F-86D pilot at RAF Manston, was scrambled after ground radar tracked a large target over East Anglia. He was ordered to fire a full salvo of 24 rockets at it and got a radar lock at 32,000 ft. He said the return was as big as an aircraft carrier. Before he could fire, it accelerated off his scope at an estimated Mach 10 or more. He said a man in civilian clothes later warned him not to talk. His account was published in the UK National Archives UFO files in 2008.","explanation":"One suggestion is that the target was a radar-spoofing test by U.S. electronic-warfare units (Project Palladium). This has not been confirmed, and the MoD found no record of the incident.","page":"https://domw99.github.io/Gods-Eye-UAPs/case/milton-torres-1957/","globe":"https://domw99.github.io/Gods-Eye-UAPs/#/case/milton-torres-1957"}},{"type":"Feature","id":"milton-torres-1957/f86","geometry":{"type":"LineString","coordinates":[[1.35,51.348,46],[1.25,51.9,9754],[1.02,52.28,9754],[0.96,52.36,9754]]},"properties":{"case":"milton-torres-1957","title":"Milton Torres — ordered to fire on a UFO","track":"f86","label":"F-86D Sabre (Torres)","kind":"aircraft","basis":"witness-reports","seconds":[0,480,840,900]}},{"type":"Feature","id":"milton-torres-1957/target","geometry":{"type":"LineString","coordinates":[[0.9,52.45,9754],[-1.5,52.8,12192]]},"properties":{"case":"milton-torres-1957","title":"Milton Torres — ordered to fire on a UFO","track":"target","label":"Radar target","kind":"uap","basis":"witness-reports","seconds":[840,900]}},{"type":"Feature","id":"marfa-lights","geometry":{"type":"Point","coordinates":[-103.8903,30.2968]},"properties":{"id":"marfa-lights","title":"Marfa lights","date":"1957-07-01T21:30:00-06:00","timeApproximate":true,"year":1957,"place":"Mitchell Flat, east of Marfa, Texas","countryCode":"US","locationPrecision":"area","category":"recurring-lights","status":"explained","evidence":"video, photo, multiple-witnesses","shape":"Glowing orbs that split, merge and drift","summary":"Lights seen on the desert toward the Chinati Mountains, south-west of the Marfa Lights Viewing Area on U.S. 90, are said to bob, split, merge and change colour. Local lore traces them to a cowhand in 1883, but the first published account is a 1957 Coronet magazine article. The town now promotes them to tourists.","explanation":"Observers from the University of Texas at Dallas (2004) and a study over 2000–2008 concluded that most lights are car headlights on U.S. 67, distorted by layers of warm and cool desert air, along with ranch lights and campfires.","page":"https://domw99.github.io/Gods-Eye-UAPs/case/marfa-lights/","globe":"https://domw99.github.io/Gods-Eye-UAPs/#/case/marfa-lights"}},{"type":"Feature","id":"rb-47-1957","geometry":{"type":"Point","coordinates":[-96.908,32.652]},"properties":{"id":"rb-47-1957","title":"RB-47 radar–ECM–visual encounter","date":"1957-07-17T04:00:00-06:00","timeApproximate":false,"year":1957,"place":"Gulf Coast to Oklahoma","countryCode":"US","locationPrecision":"area","category":"radar-visual","status":"unresolved","evidence":"radar, sensor-data, military-witness, pilot-witness","shape":"Intense white / red light; 2.8–3 GHz radar-like signal","summary":"An RB-47H electronic-reconnaissance jet of the 55th Strategic Reconnaissance Wing was paced across Mississippi, Louisiana and Texas by a source seen visually by the pilots, detected by the ECM operators’ direction-finding gear, and painted by ground radar at the same position. The source blinked off on all three channels at once, then reappeared.","explanation":"Condon Report Case 5 concluded the crew’s recollections were \"not adequate to allow identification\"; skeptics have proposed a mix of airliner lights and ground radar. Physicist James McDonald considered it among the strongest cases.","page":"https://domw99.github.io/Gods-Eye-UAPs/case/rb-47-1957/","globe":"https://domw99.github.io/Gods-Eye-UAPs/#/case/rb-47-1957"}},{"type":"Feature","id":"rb-47-1957/rb47","geometry":{"type":"LineString","coordinates":[[-89.1,30.1,10516],[-91.721,32.163,10516],[-96.908,32.652,10516],[-98.113,32.808,10516],[-97.52,35.47,10516]]},"properties":{"case":"rb-47-1957","title":"RB-47 radar–ECM–visual encounter","track":"rb47","label":"RB-47H","kind":"aircraft","basis":"reconstruction","seconds":[0,600,2340,3300,6000]}},{"type":"Feature","id":"rb-47-1957/object","geometry":{"type":"LineString","coordinates":[[-91.6,32.2,10363],[-96.7,32.6,8992],[-97.4,32.7,8992],[-97.6,32.75,4572],[-97.7,33.4,6096]]},"properties":{"case":"rb-47-1957","title":"RB-47 radar–ECM–visual encounter","track":"object","label":"Unknown (visual/ECM/radar)","kind":"uap","basis":"reconstruction","seconds":[600,2340,3120,3240,4200]}},{"type":"Feature","id":"ubatuba-1957","geometry":{"type":"Point","coordinates":[-45.0838,-23.4336]},"properties":{"id":"ubatuba-1957","title":"Ubatuba magnesium fragments","date":"1957-09-14T12:00:00-03:00","timeApproximate":true,"year":1957,"place":"Ubatuba, São Paulo, Brazil","countryCode":"BR","locationPrecision":"city","category":"landing-trace","status":"disputed","evidence":"physical-trace, official-document","shape":"Disc that exploded over the sea (as told)","summary":"On September 14, 1957 the Rio de Janeiro columnist Ibrahim Sued printed a letter, with three small pieces of white metal, from a reader who said he had watched a disc explode over the sea near Ubatuba and had picked up fragments. A laboratory of Brazil’s Ministry of Agriculture and a second spectrographic analysis found the metal to be extremely pure magnesium. Ufologists, among them James Harder, argued that purity that high was hard to make at the time; later analyses of the isotopes gave normal Earth ratios, and the origin of the pieces remains unproven.","explanation":"The fragments are real and were analysed, but the story of their origin rests on a letter from an unnamed reader. Later isotope analyses found ordinary terrestrial magnesium, and sceptics regard the tale as a hoax.","page":"https://domw99.github.io/Gods-Eye-UAPs/case/ubatuba-1957/","globe":"https://domw99.github.io/Gods-Eye-UAPs/#/case/ubatuba-1957"}},{"type":"Feature","id":"vilas-boas-1957","geometry":{"type":"Point","coordinates":[-49.7739,-19.8628]},"properties":{"id":"vilas-boas-1957","title":"Antônio Vilas-Boas abduction claim","date":"1957-10-16T01:00:00-03:00","timeApproximate":true,"year":1957,"place":"São Francisco de Sales, Minas Gerais, Brazil","countryCode":"BR","locationPrecision":"city","category":"close-encounter","status":"disputed","evidence":"medical","shape":"Circular or egg-shaped craft with a rotating cupola","summary":"Antônio Vilas-Boas, a farmer working at night in a field, said that on the night of October 15–16, 1957 a circular craft landed near him and that five-foot beings in grey coveralls seized him, took him aboard, took blood from his chin and exposed him to an unknown gas. He also described a sexual encounter with a female being, and said the whole episode lasted about four hours. In February 1958 Dr. Olavo Fontes of Brazil’s National School of Medicine examined him and concluded he had been exposed to a large dose of radiation, with mild radiation sickness: pains, nausea, headaches, loss of appetite and skin lesions that appeared over the following months. It is often cited as one of the earliest well-known abduction stories, and it is widely doubted.","explanation":"It is one account by one man, first told months afterwards. The researcher Peter Rogerson doubts it, noting that a similar story ran in the magazine O Cruzeiro in November 1957, before Vilas-Boas first reported his, and arguing that he may have borrowed details from it and from the contactee George Adamski.","page":"https://domw99.github.io/Gods-Eye-UAPs/case/vilas-boas-1957/","globe":"https://domw99.github.io/Gods-Eye-UAPs/#/case/vilas-boas-1957"}},{"type":"Feature","id":"levelland-1957","geometry":{"type":"Point","coordinates":[-102.378,33.5873]},"properties":{"id":"levelland-1957","title":"Levelland vehicle-stopping reports","date":"1957-11-02T22:50:00-06:00","timeApproximate":false,"year":1957,"place":"Levelland, Texas","countryCode":"US","locationPrecision":"city","category":"close-encounter","status":"disputed","evidence":"police-witness, multiple-witnesses, em-effects, official-document","shape":"Glowing egg-shaped object, 100–200 ft","summary":"Over roughly three hours, motorists on several highways around Levelland independently reported a glowing, egg-shaped object on or over the road; each said their engine and headlights died until it left. Sheriff Weir Clem and Fire Chief Ray Jones saw lights as well.","explanation":"Project Blue Book attributed the reports to ball lightning / an electrical storm; weather records showed drizzle but little lightning.","page":"https://domw99.github.io/Gods-Eye-UAPs/case/levelland-1957/","globe":"https://domw99.github.io/Gods-Eye-UAPs/#/case/levelland-1957"}},{"type":"Feature","id":"white-sands-patrols-1957","geometry":{"type":"Point","coordinates":[-106.4753,33.6773]},"properties":{"id":"white-sands-patrols-1957","title":"White Sands military police patrols","date":"1957-11-03T02:30:00-07:00","timeApproximate":false,"year":1957,"place":"White Sands Proving Ground (up-range), New Mexico","countryCode":"US","locationPrecision":"area","category":"military-encounter","status":"explained","evidence":"military-witness, official-document","shape":"Reddish-orange, egg-shaped light","summary":"Hours after the Soviet Union launched Sputnik 2, and on the same night as the Levelland sightings in Texas, two Army MP patrols in jeeps reported lights up-range. At about 2:30 a.m. the first saw a brilliant, reddish-orange egg-shaped light hover for about three minutes, then descend and disappear. That evening a second patrol saw a glowing object that climbed until it looked like a star. The reports reached the newspapers during the November 1957 wave. Air Force investigators found the young soldiers had talked over their sightings before reporting them.","explanation":"Project Blue Book concluded the first patrol saw the half-full Moon through broken cloud, with the drifting cloud creating the apparent motion, and the second saw Venus, then near its greatest brilliance.","page":"https://domw99.github.io/Gods-Eye-UAPs/case/white-sands-patrols-1957/","globe":"https://domw99.github.io/Gods-Eye-UAPs/#/case/white-sands-patrols-1957"}},{"type":"Feature","id":"itaipu-fort-1957","geometry":{"type":"Point","coordinates":[-46.41,-24.018]},"properties":{"id":"itaipu-fort-1957","title":"Fort Itaipu sentries burned","date":"1957-11-04T02:00:00-03:00","timeApproximate":false,"year":1957,"place":"Fort Itaipu, Praia Grande, São Paulo","countryCode":"BR","locationPrecision":"site","category":"military-encounter","status":"unresolved","evidence":"military-witness, medical, em-effects","shape":"Bright orange light descending from the sky","summary":"In the early hours, the day after Sputnik 2, two sentries at the coastal Fort Itaipu saw a bright orange light descend and stop above the fort. They said a wave of intense heat followed and both collapsed with burns. The fort's electricity failed, including the emergency circuits. Brazilian military investigators interviewed the soldiers, and American officials were reported to have joined them.","explanation":null,"page":"https://domw99.github.io/Gods-Eye-UAPs/case/itaipu-fort-1957/","globe":"https://domw99.github.io/Gods-Eye-UAPs/#/case/itaipu-fort-1957"}},{"type":"Feature","id":"kirtland-1957","geometry":{"type":"Point","coordinates":[-106.61,35.045]},"properties":{"id":"kirtland-1957","title":"Kirtland Air Force Base tower sighting","date":"1957-11-04T22:45:00-07:00","timeApproximate":false,"year":1957,"place":"Kirtland Air Force Base, New Mexico","countryCode":"US","locationPrecision":"site","category":"radar-visual","status":"explained","evidence":"radar, official-document","shape":"Egg-shaped object, 15–20 ft tall, with a single white light at its base","summary":"At about 10:45 p.m. on November 4, 1957, in the week of the Levelland sightings, two Civil Aeronautics Administration controllers in the tower at Kirtland AFB saw a white light cross the airfield eastward. A dark object then came down steeply near the end of runway 26 and crossed the field a few tens of feet up. Through binoculars it looked egg-shaped, 15 to 20 feet tall, with one white light at its base. It hovered within 3,000 feet of the tower for up to a minute, moved east to the base boundary and climbed fast into the overcast. Albuquerque Radar Approach Control tracked a target that turned south, circled near the low-frequency range station, hovered over the outer marker, then followed a departing C-46 for about 14 miles before returning to the marker and fading. Radar contact lasted about 20 minutes.","explanation":"Capt. Shere of Ent AFB, who interviewed the controllers for Project Blue Book, found nothing a small private aircraft could not do and concluded that was what they saw; the radar returns matched a small plane. The Condon Report agreed, suggesting a pilot who had strayed onto the military field by mistake. The physicist James McDonald, who later spoke to the controllers, said they found the explanation amusing.","page":"https://domw99.github.io/Gods-Eye-UAPs/case/kirtland-1957/","globe":"https://domw99.github.io/Gods-Eye-UAPs/#/case/kirtland-1957"}},{"type":"Feature","id":"kirtland-1957/object","geometry":{"type":"LineString","coordinates":[[-106.635,35.045,1829],[-106.615,35.043,1646],[-106.606,35.046,1646],[-106.606,35.046,1646],[-106.56,35.045,1661],[-106.53,35.04,2743],[-106.55,34.98,2743],[-106.615,34.97,2134],[-106.65,34.8,2134],[-106.615,34.97,2134]]},"properties":{"case":"kirtland-1957","title":"Kirtland Air Force Base tower sighting","track":"object","label":"Object, then radar target (approximate)","kind":"uap","basis":"approximate","seconds":[0,50,90,150,200,300,600,900,1200,1500]}},{"type":"Feature","id":"trindade-1958","geometry":{"type":"Point","coordinates":[-29.3222,-20.5139]},"properties":{"id":"trindade-1958","title":"Trindade Island photographs","date":"1958-01-16T12:15:00-02:00","timeApproximate":false,"year":1958,"place":"Trindade Island, South Atlantic","countryCode":"BR","locationPrecision":"site","category":"photo-video","status":"disputed","evidence":"photo, military-witness, official-document","shape":"Saturn-like disc with a ring","summary":"As the Navy survey ship Almirante Saldanha prepared to leave Trindade during the International Geophysical Year, people on deck saw a ringed disc approach from the east, pass over Desejado Peak, turn sharply and leave to the north-west. Photographer Almiro Baraúna took four frames; President Kubitschek allowed their release.","explanation":"The Brazilian Navy examined the negatives and did not declare a hoax; skeptics argue photographer Almiro Baraúna faked them.","page":"https://domw99.github.io/Gods-Eye-UAPs/case/trindade-1958/","globe":"https://domw99.github.io/Gods-Eye-UAPs/#/case/trindade-1958"}},{"type":"Feature","id":"trindade-1958/disc","geometry":{"type":"LineString","coordinates":[[-29.2,-20.52,914],[-29.318,-20.512,610],[-29.4,-20.45,914]]},"properties":{"case":"trindade-1958","title":"Trindade Island photographs","track":"disc","label":"Ringed disc","kind":"uap","basis":"witness-reports","seconds":[0,12,20]}},{"type":"Feature","id":"boianai-1959","geometry":{"type":"Point","coordinates":[149.8833,-10.0167]},"properties":{"id":"boianai-1959","title":"Father Gill’s sightings at Boianai","date":"1959-06-26T18:45:00+10:00","timeApproximate":false,"year":1959,"place":"Boianai Mission, Papua (Papua New Guinea)","countryCode":"PG","locationPrecision":"site","category":"close-encounter","status":"unresolved","evidence":"multiple-witnesses","shape":"Disc with figures on top; bright lights","summary":"On the evening of June 26, 1959 the Anglican missionary William Booth Gill saw a bright white light to the north-west of the Boianai Mission. About 38 other people, mostly staff and villagers of the mission, joined him as a large disc appeared above the station, with four figures seen moving on top of it. Gill waved and, he said, the figures waved back. The sightings continued the next night. Gill wrote a report signed by 25 witnesses, and the case was studied by the Royal Australian Air Force and by J. Allen Hynek, who counted it among the best close encounters of the third kind of its time.","explanation":"Sceptics, among them Donald Menzel, identified the first bright light as Venus and later lights as other celestial objects. Several witnesses and Gill’s own written report, signed by 25 of them, describe more than a distant light.","page":"https://domw99.github.io/Gods-Eye-UAPs/case/boianai-1959/","globe":"https://domw99.github.io/Gods-Eye-UAPs/#/case/boianai-1959"}},{"type":"Feature","id":"red-bluff-1960","geometry":{"type":"Point","coordinates":[-122.2381,40.1767]},"properties":{"id":"red-bluff-1960","title":"Red Bluff — California Highway Patrol sighting","date":"1960-08-13T23:50:00-07:00","timeApproximate":false,"year":1960,"place":"Red Bluff area, Tehama County, California","countryCode":"US","locationPrecision":"area","category":"recurring-lights","status":"explained","evidence":"police-witness, multiple-witnesses, official-document, em-effects","shape":"Football-shaped object with red lights at each end","summary":"Two California Highway Patrol officers thought they were about to see an airliner crash when a large object dropped toward the road ahead of them. At about 100–200 ft it stopped, reversed and climbed. They watched it for more than two hours as it moved about the sky, swept a red beam over the area and caused radio interference. Deputies at the Tehama County sheriff's office also saw lights. Similar reports came from across northern California that week.","explanation":"The Air Force concluded the Red Bluff sightings were due to atmospheric refraction, most probably of the planet Mars rising, with a strong temperature inversion and a layer of forest-fire smoke adding to the effect.","page":"https://domw99.github.io/Gods-Eye-UAPs/case/red-bluff-1960/","globe":"https://domw99.github.io/Gods-Eye-UAPs/#/case/red-bluff-1960"}},{"type":"Feature","id":"hill-abduction-1961","geometry":{"type":"Point","coordinates":[-71.6639,43.9086]},"properties":{"id":"hill-abduction-1961","title":"Betty and Barney Hill","date":"1961-09-19T22:30:00-04:00","timeApproximate":false,"year":1961,"place":"U.S. Route 3, Franconia Notch to Indian Head, New Hampshire","countryCode":"US","locationPrecision":"area","category":"close-encounter","status":"disputed","evidence":"multiple-witnesses, official-document","shape":"Pancake-shaped craft with windows and lights","summary":"Driving home to Portsmouth from Montreal, the Hills saw a light moving near the Moon south of Lancaster. It followed them through Franconia Notch, passing near the Cannon Mountain tramway. South of Indian Head it came down to about 100 ft over the road, and Barney saw figures at the windows through binoculars. They reached home around dawn, about two hours later than expected. Under hypnosis in 1964 both described being taken aboard, in the first widely publicised \"alien abduction\".","explanation":"The Air Force file notes that Jupiter was low in the south-west and would have set about when the object disappeared, and that there was a strong temperature inversion. The abduction story emerged only under hypnosis in 1964. The psychiatrist, Dr. Benjamin Simon, believed it was a fantasy that grew out of Betty's dreams.","page":"https://domw99.github.io/Gods-Eye-UAPs/case/hill-abduction-1961/","globe":"https://domw99.github.io/Gods-Eye-UAPs/#/case/hill-abduction-1961"}},{"type":"Feature","id":"hill-abduction-1961/car","geometry":{"type":"LineString","coordinates":[[-71.5692,44.4889,274],[-71.5389,44.2722,451],[-71.689,44.156,594],[-71.6639,43.9086,335],[-70.7825,43.0581,18]]},"properties":{"case":"hill-abduction-1961","title":"Betty and Barney Hill","track":"car","label":"The Hills' 1957 Chevrolet","kind":"vehicle","basis":"witness-reports","seconds":[0,1200,2700,4200,23400]}},{"type":"Feature","id":"hill-abduction-1961/craft","geometry":{"type":"LineString","coordinates":[[-71.72,44.33,2743],[-71.64,44.22,1219],[-71.7,44.16,1372],[-71.664,43.905,366]]},"properties":{"case":"hill-abduction-1961","title":"Betty and Barney Hill","track":"craft","label":"Craft (Hills)","kind":"uap","basis":"witness-reports","seconds":[0,1200,2700,4200]}},{"type":"Feature","id":"bahia-blanca-1962","geometry":{"type":"Point","coordinates":[-62.2724,-38.7196]},"properties":{"id":"bahia-blanca-1962","title":"Bahía Blanca and Espora air base sightings","date":"1962-05-11T20:00:00-03:00","timeApproximate":true,"year":1962,"place":"Bahía Blanca and Espora Naval Air Base","countryCode":"AR","locationPrecision":"area","category":"photo-video","status":"unresolved","evidence":"photo, military-witness, multiple-witnesses","shape":"Lighted \"railroad car\"; ball of light","summary":"In May 1962 objects were reported at the Espora naval air base on May 11 and 18. On May 12, three truck drivers on Route 35 said an illuminated object like a railway carriage rose from a field, crossed the road at about 4 m and split in two. On May 21, La Nueva Provincia photographer Miguel Tohmé photographed an object over the city, and the photo made the front page. Sightings at the Puerto Belgrano naval base followed.","explanation":null,"page":"https://domw99.github.io/Gods-Eye-UAPs/case/bahia-blanca-1962/","globe":"https://domw99.github.io/Gods-Eye-UAPs/#/case/bahia-blanca-1962"}},{"type":"Feature","id":"socorro-zamora-1964","geometry":{"type":"Point","coordinates":[-106.8978,34.0425]},"properties":{"id":"socorro-zamora-1964","title":"Socorro landing (Lonnie Zamora)","date":"1964-04-24T17:45:00-07:00","timeApproximate":false,"year":1964,"place":"Socorro, New Mexico","countryCode":"US","locationPrecision":"site","category":"landing-trace","status":"unresolved","evidence":"police-witness, physical-trace, official-document","shape":"Shiny egg / \"O\" shape on legs; red insignia","summary":"Chasing a speeder south of Socorro, Sgt. Lonnie Zamora heard a roar and saw flame, drove toward it and saw a whitish oval object in a gully with two small figures in white beside it. The object rose on a blue-orange flame and left. Investigators found scorched brush and four depressions.","explanation":"Project Blue Book listed the case as \"unknown\" — one of its best-known. Proposed explanations include a lunar-lander test and a student hoax; none is confirmed.","page":"https://domw99.github.io/Gods-Eye-UAPs/case/socorro-zamora-1964/","globe":"https://domw99.github.io/Gods-Eye-UAPs/#/case/socorro-zamora-1964"}},{"type":"Feature","id":"socorro-zamora-1964/object","geometry":{"type":"LineString","coordinates":[[-106.8978,34.0425,1408],[-106.9,34.042,1414],[-106.93,34.035,1433],[-107.03,34.01,1829]]},"properties":{"case":"socorro-zamora-1964","title":"Socorro landing (Lonnie Zamora)","track":"object","label":"Object (Zamora)","kind":"uap","basis":"witness-reports","seconds":[0,5,30,70]}},{"type":"Feature","id":"big-sur-atlas-1964","geometry":{"type":"Point","coordinates":[-121.62,36.18]},"properties":{"id":"big-sur-atlas-1964","title":"Big Sur — Atlas \"Buzzing Bee\" film","date":"1964-09-15T12:00:00-07:00","timeApproximate":true,"year":1964,"place":"Anderson Peak, Big Sur, and Vandenberg AFB, California","countryCode":"US","locationPrecision":"area","category":"military-encounter","status":"explained","evidence":"film, military-witness","shape":"Object circling a missile warhead","summary":"In 1964 an Air Force team on Anderson Peak used a telescope borrowed from Boston University to film Atlas missile launches from Vandenberg. In 1982, Robert Jacobs, the officer in charge on the mountain, said the film of one launch, nicknamed \"Buzzing Bee\", showed an object fly around the warhead and hit it with beams of light, and that the film had been confiscated. The project engineer said it showed decoy deployment.","explanation":"Project engineer Kingston George wrote in 1993 that the film showed the re-entry vehicle releasing decoy warheads and chaff, a classified technology at the time, which Jacobs was not cleared to know about.","page":"https://domw99.github.io/Gods-Eye-UAPs/case/big-sur-atlas-1964/","globe":"https://domw99.github.io/Gods-Eye-UAPs/#/case/big-sur-atlas-1964"}},{"type":"Feature","id":"big-sur-atlas-1964/atlas","geometry":{"type":"LineString","coordinates":[[-120.5202,34.7513,166],[-121.4,34.85,76200],[-123.6,35,243840],[-127.5,34.6,274320]]},"properties":{"case":"big-sur-atlas-1964","title":"Big Sur — Atlas \"Buzzing Bee\" film","track":"atlas","label":"Atlas missile","kind":"rocket","basis":"approximate","seconds":[0,150,400,700]}},{"type":"Feature","id":"valensole-1965","geometry":{"type":"Point","coordinates":[5.9833,43.8376]},"properties":{"id":"valensole-1965","title":"Valensole landing","date":"1965-07-01T05:45:00+01:00","timeApproximate":false,"year":1965,"place":"Lavender field, Valensole, Alpes-de-Haute-Provence","countryCode":"FR","locationPrecision":"area","category":"landing-trace","status":"unresolved","evidence":"physical-trace, official-document","shape":"Egg-shaped craft on legs; two small beings","summary":"Lavender farmer Maurice Masse said he found a rugby-ball-shaped craft on six legs in his field and two small beings beside it; one pointed a tube at him and he was paralysed. The craft left marks in the soil where lavender failed to grow for years.","explanation":"Investigated by the Gendarmerie; the ground marks and the effect on lavender plants were documented but never explained.","page":"https://domw99.github.io/Gods-Eye-UAPs/case/valensole-1965/","globe":"https://domw99.github.io/Gods-Eye-UAPs/#/case/valensole-1965"}},{"type":"Feature","id":"antarctica-1965","geometry":{"type":"Point","coordinates":[-60.7,-62.975]},"properties":{"id":"antarctica-1965","title":"Deception Island — the Antarctic sightings","date":"1965-07-03T19:42:00-04:00","timeApproximate":false,"year":1965,"place":"Argentine station, Deception Island, South Shetland Islands","countryCode":"AQ","locationPrecision":"site","category":"mass-sighting","status":"unresolved","evidence":"military-witness, multiple-witnesses, official-document, em-effects","shape":"Lens-shaped object, mostly red and green, changing to yellow, blue, white and orange","summary":"Over two winter nights in July 1965, the staff of three stations on Deception Island and of the Argentine station on Laurie Island, in the South Orkneys, reported a coloured, manoeuvring light. On July 2 five British observers saw a green and red light zig-zag, hover and speed up. On the evening of July 3, nine Chilean observers watched a light change colour and leave a steam-like trail, and at 19:42 seventeen people at the Argentine station, three Chilean visitors among them, watched a lens-shaped object. In a statement on July 6, the Argentine Navy described “a giant, lens-shaped flying object, solid in appearance, mostly red and green in color”, moving on a zig-zag course toward the east with changes of speed and direction, without sound, 10 to 15 km away. On Laurie Island, two variometers registered “sudden and strong disturbances of the magnetic field” during a 15-second sighting.","explanation":"The Argentine Navy said in an official statement that its observers had seen a solid, lens-shaped flying object, and Lt. Daniel Perisse, at the Argentine station, said a weather balloon, a plane or a star had been ruled out. No explanation was ever published, and the photographs said to have been taken have not been released.","page":"https://domw99.github.io/Gods-Eye-UAPs/case/antarctica-1965/","globe":"https://domw99.github.io/Gods-Eye-UAPs/#/case/antarctica-1965"}},{"type":"Feature","id":"antarctica-1965/object","geometry":{"type":"LineString","coordinates":[[-60.79,-62.875,7010],[-60.62,-62.87,7620],[-60.5,-62.9,7315],[-60.42,-62.86,7620],[-60.33,-62.89,7925]]},"properties":{"case":"antarctica-1965","title":"Deception Island — the Antarctic sightings","track":"object","label":"Object seen from the Argentine station (approximate)","kind":"uap","basis":"approximate","seconds":[0,300,600,900,1080]}},{"type":"Feature","id":"buenos-aires-meteors-1965","geometry":{"type":"Point","coordinates":[-58.3816,-34.6037]},"properties":{"id":"buenos-aires-meteors-1965","title":"Buenos Aires — Meteors scrambled","date":"1965-07-16T18:00:00-04:00","timeApproximate":true,"year":1965,"place":"Buenos Aires","countryCode":"AR","locationPrecision":"city","category":"military-encounter","status":"unresolved","evidence":"photo, multiple-witnesses, military-witness","shape":"Two bright discs","summary":"Two bright discs hung motionless over Buenos Aires for about ten minutes, then flew off at high speed. With calls pouring in, the Seventh Air Brigade scrambled three Gloster Meteor jets from Morón air base, which found nothing.","explanation":null,"page":"https://domw99.github.io/Gods-Eye-UAPs/case/buenos-aires-meteors-1965/","globe":"https://domw99.github.io/Gods-Eye-UAPs/#/case/buenos-aires-meteors-1965"}},{"type":"Feature","id":"buenos-aires-meteors-1965/meteors","geometry":{"type":"LineString","coordinates":[[-58.6428,-34.6764,27],[-58.4,-34.6,6096],[-58.3,-34.5,7620]]},"properties":{"case":"buenos-aires-meteors-1965","title":"Buenos Aires — Meteors scrambled","track":"meteors","label":"Three Gloster Meteors","kind":"aircraft","basis":"approximate","seconds":[0,480,1200]}},{"type":"Feature","id":"heflin-santa-ana-1965","geometry":{"type":"Point","coordinates":[-117.79,33.72]},"properties":{"id":"heflin-santa-ana-1965","title":"Heflin Polaroids — Santa Ana","date":"1965-08-03T12:30:00-07:00","timeApproximate":false,"year":1965,"place":"Myford Road near Santa Ana, California","countryCode":"US","locationPrecision":"area","category":"photo-video","status":"disputed","evidence":"photo, official-document","shape":"Hat-shaped disc; a smoke ring","summary":"Orange County highway traffic investigator Rex Heflin was photographing road signs from his work van when he saw a hat-shaped object cross the road ahead. He took three Polaroid pictures through the windshield and side window, then a fourth of a smoke ring it seemed to leave behind. The photos were printed in the Santa Ana Register and studied by the Air Force and the Condon Committee.","explanation":"Project Blue Book classed the photographs as a hoax. Analysts argued the \"UFO\" was a small object hung or thrown near the van. Supporters point out that Heflin's originals were never shown to be faked.","page":"https://domw99.github.io/Gods-Eye-UAPs/case/heflin-santa-ana-1965/","globe":"https://domw99.github.io/Gods-Eye-UAPs/#/case/heflin-santa-ana-1965"}},{"type":"Feature","id":"exeter-1965","geometry":{"type":"Point","coordinates":[-70.956371,42.946917]},"properties":{"id":"exeter-1965","title":"Incident at Exeter","date":"1965-09-03T02:00:00-04:00","timeApproximate":false,"year":1965,"place":"Kensington, near Exeter, New Hampshire","countryCode":"US","locationPrecision":"site","category":"close-encounter","status":"disputed","evidence":"police-witness, multiple-witnesses, official-document","shape":"Row of five pulsing red lights","summary":"Hitchhiker Norman Muscarello saw five pulsing red lights hover over a field on Route 150 and rushed to the Exeter police station. Returning with Officer Eugene Bertrand, both — and then Officer David Hunt — watched the lights rise from behind trees and move over the field.","explanation":"The Air Force first blamed a military exercise and twinkling stars, then changed the case to \"unidentified\". A 2011 Skeptical Inquirer analysis proposed a KC-97 refuelling tanker.","page":"https://domw99.github.io/Gods-Eye-UAPs/case/exeter-1965/","globe":"https://domw99.github.io/Gods-Eye-UAPs/#/case/exeter-1965"}},{"type":"Feature","id":"exeter-1965/lights","geometry":{"type":"LineString","coordinates":[[-70.955,42.9455,46],[-70.9564,42.9469,37],[-70.945,42.94,122]]},"properties":{"case":"exeter-1965","title":"Incident at Exeter","track":"lights","label":"Red lights","kind":"uap","basis":"witness-reports","seconds":[0,60,180]}},{"type":"Feature","id":"kecksburg-1965","geometry":{"type":"Point","coordinates":[-79.462,40.1848]},"properties":{"id":"kecksburg-1965","title":"Kecksburg fireball","date":"1965-12-09T16:45:00-05:00","timeApproximate":false,"year":1965,"place":"Kecksburg, Pennsylvania","countryCode":"US","locationPrecision":"area","category":"object-event","status":"disputed","evidence":"multiple-witnesses, photo, official-document","shape":"Fireball; later claims of an acorn-shaped object","summary":"A brilliant fireball crossed the sky over the Detroit–Windsor area and was reported from Ontario to Pennsylvania. Residents of Kecksburg said something fell into the woods; state police and military personnel searched and reported finding nothing.","explanation":"Astronomers identified a bright bolide seen from six states and Ontario; no object was found at Kecksburg. Claims of a recovered acorn-shaped craft are unsupported, and the Soviet Kosmos 96 re-entry was ruled out by timing.","page":"https://domw99.github.io/Gods-Eye-UAPs/case/kecksburg-1965/","globe":"https://domw99.github.io/Gods-Eye-UAPs/#/case/kecksburg-1965"}},{"type":"Feature","id":"kecksburg-1965/fireball","geometry":{"type":"LineString","coordinates":[[-83.4,42.6,76200],[-81.9,41.7,45720],[-80.1,40.5,12192],[-79.462,40.1848,357]]},"properties":{"case":"kecksburg-1965","title":"Kecksburg fireball","track":"fireball","label":"Fireball (reported path)","kind":"meteor","basis":"witness-reports","seconds":[0,12,25,30]}},{"type":"Feature","id":"tully-1966","geometry":{"type":"Point","coordinates":[145.93,-17.93]},"properties":{"id":"tully-1966","title":"Tully \"saucer nest\"","date":"1966-01-19T09:00:00+10:00","timeApproximate":false,"year":1966,"place":"Horseshoe Lagoon near Tully, Queensland","countryCode":"AU","locationPrecision":"area","category":"landing-trace","status":"disputed","evidence":"physical-trace, police-witness","shape":"Grey saucer rising from the lagoon","summary":"George Pedley heard a hissing sound and saw a saucer-shaped object rise from a lagoon and climb away. In its place was a floating circle of flattened, clockwise-swirled reeds about 9 m across — the original \"saucer nest\".","explanation":"Police and the RAAF suggested a willy-willy (whirlwind) flattened the reeds; others considered it unexplained.","page":"https://domw99.github.io/Gods-Eye-UAPs/case/tully-1966/","globe":"https://domw99.github.io/Gods-Eye-UAPs/#/case/tully-1966"}},{"type":"Feature","id":"michigan-swamp-gas-1966","geometry":{"type":"Point","coordinates":[-83.8886,42.3383]},"properties":{"id":"michigan-swamp-gas-1966","title":"Michigan \"swamp gas\" sightings","date":"1966-03-20T20:30:00-05:00","timeApproximate":false,"year":1966,"place":"Dexter and Hillsdale, Michigan","countryCode":"US","locationPrecision":"area","category":"mass-sighting","status":"explained","evidence":"police-witness, multiple-witnesses, photo, official-document","shape":"Football-shaped object with lights; glowing lights over a swamp","summary":"On March 20, 1966, Frank Mannor and his son near Dexter said they walked toward a glowing, football-shaped object hovering over a swamp. About a dozen police officers reported lights. The next night 87 women at Hillsdale College watched a light hover over the campus arboretum for hours. Congressman Gerald Ford called for hearings, which led to the Condon Committee.","explanation":"J. Allen Hynek, the Air Force's scientific consultant, suggested that burning marsh gas might explain some of the lights over the swamps, and Blue Book filed the flap as \"marsh gas\". The explanation was widely ridiculed. Hynek later said he regretted how it was presented.","page":"https://domw99.github.io/Gods-Eye-UAPs/case/michigan-swamp-gas-1966/","globe":"https://domw99.github.io/Gods-Eye-UAPs/#/case/michigan-swamp-gas-1966"}},{"type":"Feature","id":"westall-1966","geometry":{"type":"Point","coordinates":[145.1339,-37.9411]},"properties":{"id":"westall-1966","title":"Westall school sighting","date":"1966-04-06T11:00:00+10:00","timeApproximate":false,"year":1966,"place":"Westall High School, Clayton South, Melbourne","countryCode":"AU","locationPrecision":"site","category":"mass-sighting","status":"disputed","evidence":"multiple-witnesses, physical-trace","shape":"Silvery disc; descended into a paddock","summary":"Students and staff watched a silvery disc descend behind trees into a paddock known as The Grange, then rise and leave while light aircraft circled. Several students said they saw a flattened circle in the grass.","explanation":"Researchers have proposed a stray HIBAL cosmic-ray research balloon launched from Mildura, trailed by light aircraft.","page":"https://domw99.github.io/Gods-Eye-UAPs/case/westall-1966/","globe":"https://domw99.github.io/Gods-Eye-UAPs/#/case/westall-1966"}},{"type":"Feature","id":"westall-1966/object","geometry":{"type":"LineString","coordinates":[[145.14,-37.935,457],[145.132,-37.944,15],[145.132,-37.944,15],[145.08,-37.9,762]]},"properties":{"case":"westall-1966","title":"Westall school sighting","track":"object","label":"Disc","kind":"uap","basis":"witness-reports","seconds":[0,300,720,1200]}},{"type":"Feature","id":"portage-county-1966","geometry":{"type":"Point","coordinates":[-81.242,41.1575]},"properties":{"id":"portage-county-1966","title":"Portage County police chase","date":"1966-04-17T05:00:00-05:00","timeApproximate":false,"year":1966,"place":"Ravenna, Ohio → Conway, Pennsylvania","countryCode":"US","locationPrecision":"area","category":"close-encounter","status":"disputed","evidence":"police-witness, multiple-witnesses, official-document, audio","shape":"Bright disc-shaped light, \"as big as a house\"","summary":"Portage County sheriff’s deputies Dale Spaur and Wilbur Neff, checking an abandoned car on Route 224, saw a brilliantly lit object rise from the woods. Told by radio to follow it, they chased it east at up to 100 mph for about 85 miles into Pennsylvania, joined by officers from East Palestine and Conway, PA, who also saw it before it shot straight up.","explanation":"Project Blue Book (Maj. Hector Quintanilla) concluded the officers first saw the Echo satellite and then Venus; the officers and Rep. William Stanton rejected this.","page":"https://domw99.github.io/Gods-Eye-UAPs/case/portage-county-1966/","globe":"https://domw99.github.io/Gods-Eye-UAPs/#/case/portage-county-1966"}},{"type":"Feature","id":"portage-county-1966/object","geometry":{"type":"LineString","coordinates":[[-81.25,41.1,91],[-81.03,41.06,305],[-80.8,40.95,305],[-80.54,40.836,305],[-80.3,40.7,366],[-80.24,40.66,457],[-80.24,40.66,9144]]},"properties":{"case":"portage-county-1966","title":"Portage County police chase","track":"object","label":"Object","kind":"uap","basis":"witness-reports","seconds":[0,600,1320,2100,3120,3480,3660]}},{"type":"Feature","id":"portage-county-1966/cruiser","geometry":{"type":"LineString","coordinates":[[-81.26,41.1,335],[-81.05,41.05,335],[-80.82,40.94,335],[-80.55,40.83,305],[-80.31,40.7,274],[-80.24,40.66,244]]},"properties":{"case":"portage-county-1966","title":"Portage County police chase","track":"cruiser","label":"Portage County cruiser","kind":"vehicle","basis":"witness-reports","seconds":[0,600,1320,2100,3120,3480]}},{"type":"Feature","id":"paulding-light","geometry":{"type":"Point","coordinates":[-89.17875,46.35222]},"properties":{"id":"paulding-light","title":"Paulding Light","date":"1966-07-01T22:30:00-05:00","timeApproximate":true,"year":1966,"place":"Robbins Pond Road, near Paulding, Michigan","countryCode":"US","locationPrecision":"site","category":"recurring-lights","status":"explained","evidence":"multiple-witnesses, photo","shape":"A light that brightens, dims, changes colour and seems to sway","summary":"From the end of Robbins Pond Road in Michigan’s Upper Peninsula, visitors look north along a power-line cut and see a light rise, brighten, change colour and seem to sway before going out. Teenagers first reported it in 1966, and legends grew around it, the best known being the lantern of a railway brakeman killed on the line. In 2010 a group of Michigan Tech students set up a telescope at the spot and could make out pairs of headlights, then recreated the light on cue with a car on U.S. 45, the highway that crosses the line of sight about 4.5 miles away.","explanation":"In May 2010 students from the optics society (SPIE) chapter at Michigan Technological University watched the light through a telescope, saw that it was a pair of car headlights, and recreated it on cue by having one of them drive U.S. 45, about 4.5 miles away, with his hazard lights on.","page":"https://domw99.github.io/Gods-Eye-UAPs/case/paulding-light/","globe":"https://domw99.github.io/Gods-Eye-UAPs/#/case/paulding-light"}},{"type":"Feature","id":"malmstrom-echo-flight-1967","geometry":{"type":"Point","coordinates":[-109.3492,47.4836]},"properties":{"id":"malmstrom-echo-flight-1967","title":"Malmstrom AFB Echo Flight shutdown","date":"1967-03-16T08:45:00-07:00","timeApproximate":false,"year":1967,"place":"Echo Flight, Malmstrom AFB missile field, Montana","countryCode":"US","locationPrecision":"area","category":"military-encounter","status":"explained","evidence":"military-witness, official-document","shape":"Reported glowing red object (1990s testimony)","summary":"All ten Minuteman I missiles of Echo Flight dropped off strategic alert almost simultaneously. Decades later, former missile officers said guards had reported a glowing red object hovering at the gate. The Air Force’s contemporaneous report found no UFO involvement.","explanation":"The 1967 Air Force report found no UFO link and rumours \"disproven\". A 2025 Pentagon report stated the shutdown was caused by a classified electromagnetic-pulse test. Later accounts by former officers (Robert Salas) described a red glowing object over the gate.","page":"https://domw99.github.io/Gods-Eye-UAPs/case/malmstrom-echo-flight-1967/","globe":"https://domw99.github.io/Gods-Eye-UAPs/#/case/malmstrom-echo-flight-1967"}},{"type":"Feature","id":"falcon-lake-1967","geometry":{"type":"Point","coordinates":[-95.25,49.7]},"properties":{"id":"falcon-lake-1967","title":"Falcon Lake incident","date":"1967-05-20T12:15:00-05:00","timeApproximate":false,"year":1967,"place":"Falcon Lake, Whiteshell Provincial Park, Manitoba","countryCode":"CA","locationPrecision":"area","category":"landing-trace","status":"disputed","evidence":"medical, physical-trace, official-document","shape":"Two glowing oval objects; one landed","summary":"Amateur prospector Stefan Michalak said two glowing craft descended near him; one landed on a rock outcrop. When he touched it, a blast of hot gas from a grid-like vent burned his chest. CBC has called it Canada’s best-documented UFO case.","explanation":"RCMP, RCAF and the Condon Committee could not explain it; some soil samples were mildly radioactive, possibly from radium paint. Later marks on Michalak’s body were judged self-inflicted.","page":"https://domw99.github.io/Gods-Eye-UAPs/case/falcon-lake-1967/","globe":"https://domw99.github.io/Gods-Eye-UAPs/#/case/falcon-lake-1967"}},{"type":"Feature","id":"cussac-1967","geometry":{"type":"Point","coordinates":[2.9333,44.9847]},"properties":{"id":"cussac-1967","title":"Cussac — two children and four small black beings","date":"1967-08-29T17:00:00+01:00","timeApproximate":true,"year":1967,"place":"Cussac, Cantal, Auvergne, France","countryCode":"FR","locationPrecision":"site","category":"close-encounter","status":"unresolved","evidence":"physical-trace, official-document","shape":"Round craft about 4.6 m across, with four small black beings","summary":"On August 29, 1967 a 13-year-old boy, François, and his 9-year-old sister, Anne-Marie, told the local police that while watching cows in a field at Cussac they had seen four small black beings, about 120 cm tall, with a shiny, silk-like look. The beings seemed to rise in the air and enter a round craft about 4.6 metres across that hovered over the field. The police noted a smell of sulphur and dried grass at the spot the craft was said to have left. The file is one of those that the French government put online in March 2007, and one of the children was later said to have suffered lasting health effects.","explanation":"No explanation has been agreed. The two children, aged 13 and 9, gave the same account to the police, and the police recorded a smell of sulphur and dried grass where the sphere was said to have stood. There were no other witnesses.","page":"https://domw99.github.io/Gods-Eye-UAPs/case/cussac-1967/","globe":"https://domw99.github.io/Gods-Eye-UAPs/#/case/cussac-1967"}},{"type":"Feature","id":"shag-harbour-1967","geometry":{"type":"Point","coordinates":[-65.7,43.5]},"properties":{"id":"shag-harbour-1967","title":"Shag Harbour crash-landing","date":"1967-10-04T23:20:00-03:00","timeApproximate":false,"year":1967,"place":"Shag Harbour, Nova Scotia","countryCode":"CA","locationPrecision":"area","category":"object-event","status":"unresolved","evidence":"police-witness, multiple-witnesses, official-document, physical-trace","shape":"Row of 4 orange lights; object floating on the sea","summary":"Residents and three RCMP officers watched orange lights descend at an angle and hit the water off Shag Harbour. Rescue boats found a patch of yellow foam but no aircraft; no plane was missing. Earlier that evening an Air Canada crew and a fishing boat’s radar also reported unusual objects.","explanation":"The RCMP, Canadian Coast Guard and Navy divers found no aircraft; the Condon Committee listed it as unexplained. No debris was recovered beyond a yellowish foam on the water.","page":"https://domw99.github.io/Gods-Eye-UAPs/case/shag-harbour-1967/","globe":"https://domw99.github.io/Gods-Eye-UAPs/#/case/shag-harbour-1967"}},{"type":"Feature","id":"shag-harbour-1967/lights","geometry":{"type":"LineString","coordinates":[[-65.55,43.62,914],[-65.64,43.55,244],[-65.7,43.5,0]]},"properties":{"case":"shag-harbour-1967","title":"Shag Harbour crash-landing","track":"lights","label":"Lights (descending)","kind":"uap","basis":"witness-reports","seconds":[0,40,70]}},{"type":"Feature","id":"devon-flying-cross-1967","geometry":{"type":"Point","coordinates":[-4.2,50.8167]},"properties":{"id":"devon-flying-cross-1967","title":"Devon \"flying cross\" police chase","date":"1967-10-24T04:00:00+01:00","timeApproximate":false,"year":1967,"place":"A3072, Holsworthy to Hatherleigh, Devon","countryCode":"GB","locationPrecision":"area","category":"recurring-lights","status":"explained","evidence":"police-witness, multiple-witnesses, official-document","shape":"Star-spangled cross of light","summary":"Two police constables driving from Holsworthy to Hatherleigh saw a bright, cross-shaped light at treetop height. They followed it for about 14 miles, at up to 80 mph, and said it was like \"looking through wet glass\". A second object joined it at 04:23. A Land Rover driver saw it too. It faded at about 5 a.m. The case was raised in Parliament during the autumn 1967 \"flying cross\" wave.","explanation":"The Ministry attributed it to the planet Venus, as it did several similar sightings that month.","page":"https://domw99.github.io/Gods-Eye-UAPs/case/devon-flying-cross-1967/","globe":"https://domw99.github.io/Gods-Eye-UAPs/#/case/devon-flying-cross-1967"}},{"type":"Feature","id":"devon-flying-cross-1967/police","geometry":{"type":"LineString","coordinates":[[-4.353,50.8105,171],[-4.2,50.817,158],[-4.072,50.821,137]]},"properties":{"case":"devon-flying-cross-1967","title":"Devon \"flying cross\" police chase","track":"police","label":"Police car (Willey/Waycott)","kind":"vehicle","basis":"witness-reports","seconds":[0,600,1200]}},{"type":"Feature","id":"devon-flying-cross-1967/cross","geometry":{"type":"LineString","coordinates":[[-4.33,50.813,213],[-4.18,50.82,213],[-4.05,50.825,274]]},"properties":{"case":"devon-flying-cross-1967","title":"Devon \"flying cross\" police chase","track":"cross","label":"Flying cross (as perceived)","kind":"uap","basis":"witness-reports","seconds":[0,600,1380]}},{"type":"Feature","id":"minot-afb-1968","geometry":{"type":"Point","coordinates":[-101.3581,48.4158]},"properties":{"id":"minot-afb-1968","title":"Minot AFB — B-52 radar and missile-field sightings","date":"1968-10-24T02:30:00-05:00","timeApproximate":false,"year":1968,"place":"Minot AFB and missile field, North Dakota","countryCode":"US","locationPrecision":"area","category":"military-encounter","status":"disputed","evidence":"radar, military-witness, pilot-witness, photo, official-document, em-effects","shape":"Large glowing orange object","summary":"Before dawn, maintenance and security teams at several Minuteman sites reported a large glowing object. A B-52 returning to Minot was asked to look for it. Its radar navigator painted a target that stayed about a mile off the bomber, and radarscope photographs were taken. The UHF radio dropped out when the object was closest. After landing, the crew described a bright light near the ground. Blue Book closed it within weeks. It is one of the best-documented military cases in the files.","explanation":"Blue Book's conclusion: ground sightings were probably the B-52 and the star Sirius; the radar contact and the B-52's temporary loss of UHF radio were \"possibly plasma\", similar to ball lightning; the crew's sighting could have been the star Vega or a light on the ground.","page":"https://domw99.github.io/Gods-Eye-UAPs/case/minot-afb-1968/","globe":"https://domw99.github.io/Gods-Eye-UAPs/#/case/minot-afb-1968"}},{"type":"Feature","id":"minot-afb-1968/b52","geometry":{"type":"LineString","coordinates":[[-102.05,48.85,6096],[-101.85,48.72,3658],[-101.64,48.6,1829],[-101.3581,48.4158,518]]},"properties":{"case":"minot-afb-1968","title":"Minot AFB — B-52 radar and missile-field sightings","track":"b52","label":"B-52H from Minot","kind":"aircraft","basis":"approximate","seconds":[3600,4200,4680,5700]}},{"type":"Feature","id":"minot-afb-1968/object","geometry":{"type":"LineString","coordinates":[[-101.87,48.735,3658],[-101.66,48.615,1829],[-101.62,48.55,690]]},"properties":{"case":"minot-afb-1968","title":"Minot AFB — B-52 radar and missile-field sightings","track":"object","label":"Radar target","kind":"uap","basis":"radar","seconds":[4200,4680,5400]}},{"type":"Feature","id":"fort-beaufort-1971","geometry":{"type":"Point","coordinates":[26.6353,-32.7789]},"properties":{"id":"fort-beaufort-1971","title":"Fort Beaufort — police fire at an object","date":"1971-06-26T07:00:00+02:00","timeApproximate":true,"year":1971,"place":"Braeside farm near Fort Beaufort, Eastern Cape","countryCode":"ZA","locationPrecision":"area","category":"close-encounter","status":"unresolved","evidence":"police-witness, multiple-witnesses","shape":"Fireball that changed colour","summary":"Farmer Bennie Smit said he, his workers and local police fired shots at a fireball-like object that changed colour as it hovered among the trees on his farm. The story went around the world. Rumours said the army investigated the site but no records were produced. The town's \"UFO Bar\" and hotel clippings kept the story alive.","explanation":null,"page":"https://domw99.github.io/Gods-Eye-UAPs/case/fort-beaufort-1971/","globe":"https://domw99.github.io/Gods-Eye-UAPs/#/case/fort-beaufort-1971"}},{"type":"Feature","id":"lake-cote-1971","geometry":{"type":"Point","coordinates":[-84.9097,10.5806]},"properties":{"id":"lake-cote-1971","title":"Lake Cote aerial survey photograph","date":"1971-09-04T08:25:00-06:00","timeApproximate":false,"year":1971,"place":"Laguna de Cote, Costa Rica","countryCode":"CR","locationPrecision":"site","category":"photo-video","status":"unresolved","evidence":"photo, official-document","shape":"Metallic disc over the lake","summary":"An Instituto Geográfico Nacional aerial-survey camera flying at about 10,000 ft photographed Lake Cote for mapping. One frame shows a disc-like object over the water that the crew never saw; the adjacent frames do not show it.","explanation":"Taken by the government’s Instituto Geográfico Nacional mapping aircraft; the object was not noticed at the time. Analyses have not produced an accepted identification.","page":"https://domw99.github.io/Gods-Eye-UAPs/case/lake-cote-1971/","globe":"https://domw99.github.io/Gods-Eye-UAPs/#/case/lake-cote-1971"}},{"type":"Feature","id":"delphos-1971","geometry":{"type":"Point","coordinates":[-97.7706,39.2686]},"properties":{"id":"delphos-1971","title":"Delphos ring","date":"1971-11-02T19:00:00-06:00","timeApproximate":false,"year":1971,"place":"Delphos, Kansas","countryCode":"US","locationPrecision":"city","category":"landing-trace","status":"unresolved","evidence":"physical-trace, multiple-witnesses","shape":"Mushroom-shaped, with multicoloured lights","summary":"While doing evening chores on his family’s farm near Delphos, 16-year-old Ronnie Johnson saw a mushroom-shaped object, lit in many colours, hovering about 25 yards away. His parents came out to a glowing ring on the ground where it had been. It was still visible the next day. Investigators found that the soil in the ring was dry beside damp ground and would not let water through, and that it held more calcium and soluble salts and was more acidic, with a white deposit of calcium oxalate. Both calcium oxalate and oxalic acid irritate skin and eyes, and Ronnie’s parents said touching the ring numbed their fingers. It is one of the classic UFO “landing trace” cases.","explanation":"No official body reached a conclusion. The soil results are the main physical evidence; sceptics note that the account rests on one family, and that fungi can leave rings of altered, water-repelling soil.","page":"https://domw99.github.io/Gods-Eye-UAPs/case/delphos-1971/","globe":"https://domw99.github.io/Gods-Eye-UAPs/#/case/delphos-1971"}},{"type":"Feature","id":"pascagoula-1973","geometry":{"type":"Point","coordinates":[-88.5644,30.37]},"properties":{"id":"pascagoula-1973","title":"Pascagoula encounter","date":"1973-10-11T21:00:00-05:00","timeApproximate":true,"year":1973,"place":"Pascagoula River, Pascagoula, Mississippi","countryCode":"US","locationPrecision":"area","category":"close-encounter","status":"unresolved","evidence":"multiple-witnesses, audio","shape":"Oval object with flashing blue lights","summary":"Charles Hickson and his young colleague Calvin Parker said that while fishing from a pier on the west bank of the Pascagoula River they heard a whirring noise, saw two flashing blue lights and an oval object about 30–40 feet across, and were taken aboard by three creatures with claw-like hands, examined and returned. They went to the Jackson County sheriff’s office around 11 p.m. Officers who suspected a prank left the two alone in a room with a hidden recorder; the men’s talk matched their story. The case set off a wave of 1973 reports along the Gulf Coast and made Hickson a long-time public speaker; Parker published his own account in 2018.","explanation":"No physical evidence was found beyond the two men’s testimony. Sceptics see a hoax or a hallucination; the witnesses stuck to their story, including when they were secretly recorded at the sheriff’s office.","page":"https://domw99.github.io/Gods-Eye-UAPs/case/pascagoula-1973/","globe":"https://domw99.github.io/Gods-Eye-UAPs/#/case/pascagoula-1973"}},{"type":"Feature","id":"coyne-1973","geometry":{"type":"Point","coordinates":[-82.42,40.73]},"properties":{"id":"coyne-1973","title":"Coyne helicopter incident","date":"1973-10-18T22:30:00-04:00","timeApproximate":false,"year":1973,"place":"Near Mansfield, Ohio","countryCode":"US","locationPrecision":"area","category":"military-encounter","status":"disputed","evidence":"military-witness, pilot-witness, multiple-witnesses, em-effects, official-document","shape":"Grey cigar-shaped body, red nose light, white tail light, green beam","summary":"An Army Reserve Bell UH-1H (tail number 68-15444) on its way from Columbus to Cleveland was cruising at 2,500 feet near Mansfield when the crew saw a red light closing on the helicopter from the east. Capt. Lawrence Coyne took the controls and began an emergency descent, expecting a collision. They then saw a cigar-shaped grey object hover over the helicopter, with a red light at the nose, a white light at the tail and a green beam that lit the cockpit. After it left, the crew found the helicopter at about 3,500 feet in a climb of 1,000 feet a minute, with the collective still fully down, and the compass spinning. The Army Reserve’s report is among the best-known official records of an aircrew encounter.","explanation":"The sceptic Philip Klass argued that the crew first saw a bright fireball of the Orionid meteor shower and then misjudged what followed. Investigators for CUFOS and others reject this: by their timeline the object was in view for several minutes, and a family on the ground reported lights too.","page":"https://domw99.github.io/Gods-Eye-UAPs/case/coyne-1973/","globe":"https://domw99.github.io/Gods-Eye-UAPs/#/case/coyne-1973"}},{"type":"Feature","id":"coyne-1973/uh1h","geometry":{"type":"LineString","coordinates":[[-82.8917,39.998,248],[-82.7,40.4,762],[-82.4,40.74,762],[-82.39,40.75,518],[-82.38,40.76,1158],[-81.6833,41.5175,177]]},"properties":{"case":"coyne-1973","title":"Coyne helicopter incident","track":"uh1h","label":"Army Reserve UH-1H","kind":"aircraft","basis":"flight-plan","seconds":[0,840,2100,2160,2250,4800]}},{"type":"Feature","id":"coyne-1973/object","geometry":{"type":"LineString","coordinates":[[-82.2,40.72,792],[-82.4,40.74,884],[-82.62,40.78,1067]]},"properties":{"case":"coyne-1973","title":"Coyne helicopter incident","track":"object","label":"Object (approximate)","kind":"uap","basis":"approximate","seconds":[2080,2130,2220]}},{"type":"Feature","id":"berwyn-1974","geometry":{"type":"Point","coordinates":[-3.3808,52.8806]},"properties":{"id":"berwyn-1974","title":"Berwyn Mountains \"crash\"","date":"1974-01-23T20:38:00+00:00","timeApproximate":false,"year":1974,"place":"Cadair Berwyn, North Wales","countryCode":"GB","locationPrecision":"area","category":"object-event","status":"explained","evidence":"multiple-witnesses, sensor-data","shape":"Glowing light on the hillside","summary":"At 20:38 a loud bang and tremor shook villages around the Berwyn Mountains, and people saw lights on the hillside. A local nurse drove up and described a glowing sphere. Police searched and found nothing. The event was later retold as a UFO crash with a secret military recovery, sometimes called \"the Welsh Roswell\". Seismographs recorded an earthquake, and meteor observers logged a fireball at the same moment.","explanation":"A small earthquake shook the area at the same moment that a bright fireball was seen across northern England and Wales. The lights on the hillside were most likely poachers' lamps. Investigators found no crash and no recovery.","page":"https://domw99.github.io/Gods-Eye-UAPs/case/berwyn-1974/","globe":"https://domw99.github.io/Gods-Eye-UAPs/#/case/berwyn-1974"}},{"type":"Feature","id":"coyame-1974","geometry":{"type":"Point","coordinates":[-105.0972,29.4614]},"properties":{"id":"coyame-1974","title":"Coyame “crash” — Chihuahua","date":"1974-08-25T22:00:00-07:00","timeApproximate":true,"year":1974,"place":"Coyame, Chihuahua, Mexico","countryCode":"MX","locationPrecision":"area","category":"object-event","status":"disputed","evidence":"multiple-witnesses","shape":"Disc-shaped object (as told)","summary":"According to ufologists, residents near Coyame, in the Chihuahuan desert, reported a mid-air collision between a UFO and a small aeroplane on August 25, 1974, followed by a military recovery and a cover-up. The best-known version says U.S. air-defence radar followed a fast, high object from the Gulf of Mexico until it vanished near Coyame, and that a light aircraft that had left El Paso collided with it. Historians point instead to the real 1974 crash and recovery of a Cessna that had been carrying drugs, which they believe gave rise to the story. It is sometimes called Mexico’s Roswell. The case is listed because it is so often cited, not because the account is documented.","explanation":"Historians say the reports were most likely prompted by the crash and military recovery of a Cessna used for drug smuggling. The radar story that circulates in UFO literature is known only from later retellings.","page":"https://domw99.github.io/Gods-Eye-UAPs/case/coyame-1974/","globe":"https://domw99.github.io/Gods-Eye-UAPs/#/case/coyame-1974"}},{"type":"Feature","id":"langenburg-1974","geometry":{"type":"Point","coordinates":[-101.7,50.8333]},"properties":{"id":"langenburg-1974","title":"Langenburg rings","date":"1974-09-01T10:30:00-06:00","timeApproximate":false,"year":1974,"place":"Langenburg, Saskatchewan","countryCode":"CA","locationPrecision":"area","category":"landing-trace","status":"unresolved","evidence":"physical-trace, official-document, em-effects","shape":"Five domed discs","summary":"Farmer Edwin Fuhr was swathing a rapeseed field when he saw five metallic, dome-shaped objects spinning just above the ground near a slough. He sat frozen for about 15 minutes until they rose silently in formation and left, trailing grey vapour. He said his swather would not restart. The RCMP found five rings of flattened, swirled crop matching his description, with no tracks leading in.","explanation":null,"page":"https://domw99.github.io/Gods-Eye-UAPs/case/langenburg-1974/","globe":"https://domw99.github.io/Gods-Eye-UAPs/#/case/langenburg-1974"}},{"type":"Feature","id":"loring-1975","geometry":{"type":"Point","coordinates":[-67.89,46.95]},"properties":{"id":"loring-1975","title":"Loring Air Force Base intrusions","date":"1975-10-27T19:45:00-05:00","timeApproximate":false,"year":1975,"place":"Loring Air Force Base, Limestone, Maine","countryCode":"US","locationPrecision":"site","category":"military-encounter","status":"unresolved","evidence":"military-witness, multiple-witnesses, official-document","shape":"Low aircraft with a red light and a white strobe","summary":"On the evening of October 27, 1975 a security patrol at Loring Air Force Base, a Strategic Air Command base that held nuclear weapons, saw an aircraft with a red light and a white strobe approaching the north perimeter at about 300 feet. The base was put on alert and a ground sweep began. Over the next 40 minutes the object came within 300 yards of the restricted weapons storage area at about 150 feet, moving in ways described as helicopter-like, and no one could get a fix on it before it left toward Grand Falls, New Brunswick. Similar reports came from the base, and from other bases, for more than a week; Air Force messages about them were released under the Freedom of Information Act.","explanation":"The Air Force never identified the object; its messages from the base describe an unidentified, helicopter-like aircraft that evaded the ground sweep. No conventional aircraft was found.","page":"https://domw99.github.io/Gods-Eye-UAPs/case/loring-1975/","globe":"https://domw99.github.io/Gods-Eye-UAPs/#/case/loring-1975"}},{"type":"Feature","id":"loring-1975/intruder","geometry":{"type":"LineString","coordinates":[[-67.96,47,319],[-67.91,46.97,273],[-67.87,46.94,273],[-67.76,47.03,319]]},"properties":{"case":"loring-1975","title":"Loring Air Force Base intrusions","track":"intruder","label":"Object (approximate)","kind":"uap","basis":"approximate","seconds":[0,900,1800,2400]}},{"type":"Feature","id":"wurtsmith-1975","geometry":{"type":"Point","coordinates":[-83.3801,44.4513]},"properties":{"id":"wurtsmith-1975","title":"Wurtsmith Air Force Base and the KC-135 chase","date":"1975-10-30T22:10:00-05:00","timeApproximate":false,"year":1975,"place":"Wurtsmith Air Force Base, Oscoda, Michigan","countryCode":"US","locationPrecision":"site","category":"military-encounter","status":"unresolved","evidence":"military-witness, pilot-witness, radar, official-document","shape":"One white light pointing down and two red lights at the rear","summary":"At about 10:10 p.m. on October 30, 1975, guards at Wurtsmith, a Strategic Air Command base on Lake Huron, saw an object with a white light pointing downward and two red lights at the rear. Minutes later security police reported an “unidentified helicopter” hovering low over the weapons storage area, and the base radar approach control picked up a target about 35 miles to the south-east. A KC-135 tanker flying nearby was asked to look. Its six-man crew, among them Maj. Frederick Pappas, saw lights and painted the object on their radar for about ten seconds, and followed it at about 2,000 feet north over Lake Huron and then south toward Saginaw Bay; each time they closed in it sped away, and Capt. Myron Taylor put its final speed at about 1,000 knots. Low on fuel, they broke off. The NORAD log recorded that the tanker “made both visual sighting and radar skin paint” and that contact was lost 25 nautical miles south-east over Lake Huron.","explanation":"The NORAD log called it a helicopter over the weapons storage area, but no helicopter was identified, and the tanker crew described an object that pulled away each time they closed on it. It is one of a series of intrusions at northern Strategic Air Command bases that autumn, including Loring and Malmstrom.","page":"https://domw99.github.io/Gods-Eye-UAPs/case/wurtsmith-1975/","globe":"https://domw99.github.io/Gods-Eye-UAPs/#/case/wurtsmith-1975"}},{"type":"Feature","id":"wurtsmith-1975/object","geometry":{"type":"LineString","coordinates":[[-83.37,44.47,305],[-83.405,44.475,183],[-83.405,44.475,183],[-82.88,44.09,610],[-82.95,44.65,610],[-83.55,43.95,610]]},"properties":{"case":"wurtsmith-1975","title":"Wurtsmith Air Force Base and the KC-135 chase","track":"object","label":"Object (approximate)","kind":"uap","basis":"approximate","seconds":[0,240,900,1200,2100,3000]}},{"type":"Feature","id":"wurtsmith-1975/tanker","geometry":{"type":"LineString","coordinates":[[-83.38,44.45,610],[-82.95,44.15,610],[-82.97,44.6,610],[-83.5,44,610],[-83.38,44.45,610]]},"properties":{"case":"wurtsmith-1975","title":"Wurtsmith Air Force Base and the KC-135 chase","track":"tanker","label":"KC-135 tanker (approximate)","kind":"aircraft","basis":"approximate","seconds":[1080,1500,2220,3060,3600]}},{"type":"Feature","id":"travis-walton-1975","geometry":{"type":"Point","coordinates":[-110.564,34.413]},"properties":{"id":"travis-walton-1975","title":"Travis Walton disappearance","date":"1975-11-05T18:10:00-07:00","timeApproximate":false,"year":1975,"place":"Apache–Sitgreaves National Forest near Heber, Arizona","countryCode":"US","locationPrecision":"area","category":"close-encounter","status":"disputed","evidence":"multiple-witnesses","shape":"Glowing disc hovering over a clearing","summary":"A seven-man logging crew led by Mike Rogers was driving out of the forest after sunset when they saw a glowing disc over a clearing. Travis Walton got out and walked toward it, and the crew said a beam of light knocked him to the ground. They drove off in panic. When they came back he was gone. Police searched for five days. Walton then called his sister from a phone booth in Heber, saying he had been taken aboard. His story became the 1993 film Fire in the Sky.","explanation":"The crew passed some polygraph tests and Walton failed one. Philip Klass and Michael Shermer argued it was a hoax, with a motive: the crew was behind on a Forest Service contract, and an \"act of God\" could excuse the penalty. Walton maintains it happened.","page":"https://domw99.github.io/Gods-Eye-UAPs/case/travis-walton-1975/","globe":"https://domw99.github.io/Gods-Eye-UAPs/#/case/travis-walton-1975"}},{"type":"Feature","id":"canary-islands-1976","geometry":{"type":"Point","coordinates":[-15.6,28.1]},"properties":{"id":"canary-islands-1976","title":"Canary Islands sphere","date":"1976-06-22T21:27:00+00:00","timeApproximate":false,"year":1976,"place":"Canary Islands (Gran Canaria, Tenerife, Fuerteventura)","countryCode":"ES","locationPrecision":"region","category":"mass-sighting","status":"disputed","evidence":"photo, military-witness, multiple-witnesses, official-document","shape":"Light rising from the sea, then a huge glowing sphere","summary":"The crew of the corvette Atrevida saw a light rise from the sea, then a vast, luminous sphere spread out in the sky. Hundreds of people across Tenerife, La Palma, La Gomera and Gran Canaria saw it. A doctor near Gáldar said he saw two tall figures inside a transparent sphere. The Spanish Air Force investigation was leaked in 1977 and officially declassified in 1994.","explanation":"Spanish researcher Ricardo Campo matched the 1976 sighting, and similar Canary Islands events of the period, to U.S. Navy submarine-launched Poseidon missile tests in the Atlantic, whose exhaust clouds glow in sunlight at high altitude. The Spanish Air Force report left it unexplained.","page":"https://domw99.github.io/Gods-Eye-UAPs/case/canary-islands-1976/","globe":"https://domw99.github.io/Gods-Eye-UAPs/#/case/canary-islands-1976"}},{"type":"Feature","id":"tehran-1976","geometry":{"type":"Point","coordinates":[51.45,35.8]},"properties":{"id":"tehran-1976","title":"Tehran F-4 Phantom intercepts","date":"1976-09-19T00:30:00+03:30","timeApproximate":false,"year":1976,"place":"Tehran, Iran","countryCode":"IR","locationPrecision":"area","category":"military-encounter","status":"unresolved","evidence":"radar, pilot-witness, military-witness, official-document, em-effects","shape":"Brilliant flashing lights; object released a smaller one","summary":"After civilian reports of a bright object over Tehran’s Shemiran district, the Imperial Iranian Air Force scrambled two F-4 Phantoms from Shahrokhi AB. Both crews said their instruments and communications failed near the object; the second pilot, Maj. Parviz Jafari, reported a radar lock and that his weapons panel died as a smaller object came toward him.","explanation":"A U.S. Defense Intelligence Agency report called it \"an outstanding report\" meeting all criteria for a valid study. Skeptic Philip Klass proposed Jupiter plus coincidental equipment failures.","page":"https://domw99.github.io/Gods-Eye-UAPs/case/tehran-1976/","globe":"https://domw99.github.io/Gods-Eye-UAPs/#/case/tehran-1976"}},{"type":"Feature","id":"tehran-1976/f4-1","geometry":{"type":"LineString","coordinates":[[48.6534,35.2117,1692],[50.2,35.55,7620],[50.95,35.72,7620],[48.6534,35.2117,1692]]},"properties":{"case":"tehran-1976","title":"Tehran F-4 Phantom intercepts","track":"f4-1","label":"F-4 #1 (Nazeri)","kind":"aircraft","basis":"official-report","seconds":[3600,4320,4560,5700]}},{"type":"Feature","id":"tehran-1976/f4-2","geometry":{"type":"LineString","coordinates":[[48.6534,35.2117,1692],[50.4,35.6,7925],[51.1,35.75,7925],[51.3,35.68,6096],[51.3134,35.6892,1186]]},"properties":{"case":"tehran-1976","title":"Tehran F-4 Phantom intercepts","track":"f4-2","label":"F-4 #2 (Jafari)","kind":"aircraft","basis":"official-report","seconds":[4200,4860,5040,5400,6600]}},{"type":"Feature","id":"tehran-1976/object","geometry":{"type":"LineString","coordinates":[[51.45,35.8,6096],[51.4,35.82,6096],[51.35,35.9,6096],[51.1,35.95,4572]]},"properties":{"case":"tehran-1976","title":"Tehran F-4 Phantom intercepts","track":"object","label":"Primary object","kind":"uap","basis":"witness-reports","seconds":[0,4560,5040,6000]}},{"type":"Feature","id":"talavera-1976","geometry":{"type":"Point","coordinates":[-6.8214,38.8913]},"properties":{"id":"talavera-1976","title":"Talavera la Real air base sentries","date":"1976-11-12T01:45:00+01:00","timeApproximate":false,"year":1976,"place":"Talavera la Real Air Base, Badajoz","countryCode":"ES","locationPrecision":"site","category":"close-encounter","status":"unresolved","evidence":"military-witness, official-document","shape":"Intense light; tall luminous figure","summary":"Two soldiers on night patrol at Talavera la Real air base heard a sound like radio interference that became a piercing whistle. When it stopped they saw an intense light in the sky for about 15 seconds. With a third guard and a guard dog they searched the perimeter. The dog came back cowering, and they said they saw a tall, glowing figure and fired their rifles at it before it vanished. The Spanish Air Force investigated and later released its file.","explanation":null,"page":"https://domw99.github.io/Gods-Eye-UAPs/case/talavera-1976/","globe":"https://domw99.github.io/Gods-Eye-UAPs/#/case/talavera-1976"}},{"type":"Feature","id":"broad-haven-1977","geometry":{"type":"Point","coordinates":[-5.1,51.7833]},"properties":{"id":"broad-haven-1977","title":"Broad Haven schoolchildren — the Welsh Triangle","date":"1977-02-04T12:30:00+00:00","timeApproximate":true,"year":1977,"place":"Broad Haven, Pembrokeshire, Wales","countryCode":"GB","locationPrecision":"site","category":"close-encounter","status":"disputed","evidence":"multiple-witnesses, official-document","shape":"Yellow cigar-shaped craft; later an “upside-down saucer”","summary":"At lunchtime on February 4, 1977 a group of 14 children at Broad Haven Primary School reported a yellow, cigar-shaped craft that landed in a field beyond the school grounds, and a silver creature with pointed ears. The headmaster had them draw what they saw, and the drawings agreed closely. On February 17 teachers and others said they saw the same craft, and on April 19 the owner of the Haven Fort Hotel in nearby Little Haven reported an “upside-down saucer” and two figures in a field. The wave of sightings in the area became known as the Dyfed or Welsh Triangle. A Ministry of Defence investigator found nothing to show a landing. The events were revisited in a 2023 Netflix documentary and a 2024 BBC series.","explanation":"A Ministry of Defence investigator found no physical evidence that anything had landed and suggested that “a local prankster” might have been responsible. The children’s drawings agreed closely, which is why the case is still told.","page":"https://domw99.github.io/Gods-Eye-UAPs/case/broad-haven-1977/","globe":"https://domw99.github.io/Gods-Eye-UAPs/#/case/broad-haven-1977"}},{"type":"Feature","id":"petrozavodsk-1977","geometry":{"type":"Point","coordinates":[34.3469,61.7849]},"properties":{"id":"petrozavodsk-1977","title":"Petrozavodsk phenomenon","date":"1977-09-20T04:00:00+03:00","timeApproximate":false,"year":1977,"place":"Petrozavodsk, Karelia, USSR","countryCode":"RU","locationPrecision":"city","category":"mass-sighting","status":"disputed","evidence":"multiple-witnesses, official-document, radar","shape":"Glowing \"jellyfish\" showering rays","summary":"In the early hours, residents of Petrozavodsk saw a glowing object spread over the city like a jellyfish, \"raining\" shafts of light. Reports came from across the Soviet Union and Finland. The event prompted the Soviet research programme Setka.","explanation":"Usually attributed to the launch of Kosmos-955 from Plesetsk, but the 1977 Academy of Sciences report said the phenomenon could not be satisfactorily understood.","page":"https://domw99.github.io/Gods-Eye-UAPs/case/petrozavodsk-1977/","globe":"https://domw99.github.io/Gods-Eye-UAPs/#/case/petrozavodsk-1977"}},{"type":"Feature","id":"colares-1977","geometry":{"type":"Point","coordinates":[-48.2825,-0.9364]},"properties":{"id":"colares-1977","title":"Colares \"chupa-chupa\" & Operação Prato","date":"1977-10-15T21:00:00-03:00","timeApproximate":true,"year":1977,"place":"Colares Island, Pará","countryCode":"BR","locationPrecision":"area","category":"military-encounter","status":"disputed","evidence":"photo, military-witness, official-document, medical, multiple-witnesses","shape":"Beams of light, \"chupa-chupa\" lights","summary":"Residents of Colares reported lights that fired beams and left burn-like marks. The mayor asked for help, and the Brazilian Air Force ran Operação Prato under Capt. Uyrangê Hollanda, photographing lights over several months. Hollanda gave a dramatic interview two decades later.","explanation":"The Brazilian Air Force closed Operação Prato after about four months, reporting no unusual phenomena; its files and photos are in the Arquivo Nacional.","page":"https://domw99.github.io/Gods-Eye-UAPs/case/colares-1977/","globe":"https://domw99.github.io/Gods-Eye-UAPs/#/case/colares-1977"}},{"type":"Feature","id":"emilcin-1978","geometry":{"type":"Point","coordinates":[22.0392,51.1367]},"properties":{"id":"emilcin-1978","title":"Emilcin abduction report","date":"1978-05-10T08:00:00+02:00","timeApproximate":true,"year":1978,"place":"Emilcin, Lublin Voivodeship","countryCode":"PL","locationPrecision":"site","category":"close-encounter","status":"unresolved","evidence":"medical","shape":"White, hovering, humming craft","summary":"Jan Wolski, a 71-year-old farmer, said that while driving his horse-drawn cart through the woods near Emilcin, two short beings with greenish faces invited him aboard a white craft hovering over a clearing. There they examined him. He was later interviewed by investigators, who found him sincere. A monument now stands near the site, one of the few UFO memorials in the world.","explanation":null,"page":"https://domw99.github.io/Gods-Eye-UAPs/case/emilcin-1978/","globe":"https://domw99.github.io/Gods-Eye-UAPs/#/case/emilcin-1978"}},{"type":"Feature","id":"valentich-1978","geometry":{"type":"Point","coordinates":[143.75,-39.4]},"properties":{"id":"valentich-1978","title":"Disappearance of Frederick Valentich","date":"1978-10-21T18:19:00+10:00","timeApproximate":false,"year":1978,"place":"Bass Strait, off Cape Otway, Victoria","countryCode":"AU","locationPrecision":"area","category":"aviation","status":"unresolved","evidence":"audio, official-document","shape":"\"Long shape\" with four bright lights, orbiting above","summary":"Twenty-year-old Frederick Valentich, flying a Cessna 182L from Moorabbin to King Island, told Melbourne Flight Service a large lit aircraft was orbiting over him. His last words were \"It is not an aircraft\", followed by 17 seconds of metallic noise. No trace of him or the aircraft was ever found.","explanation":"The Department of Transport could not determine the cause. Theories include disorientation (seeing his own lights reflected while inverted), a staged disappearance and suicide.","page":"https://domw99.github.io/Gods-Eye-UAPs/case/valentich-1978/","globe":"https://domw99.github.io/Gods-Eye-UAPs/#/case/valentich-1978"}},{"type":"Feature","id":"valentich-1978/vh-dsj","geometry":{"type":"LineString","coordinates":[[145.1022,-37.9758,0],[144.6,-38.3,1372],[143.5117,-38.8573,1372],[143.6,-39.1,1372],[143.66,-39.25,1372]]},"properties":{"case":"valentich-1978","title":"Disappearance of Frederick Valentich","track":"vh-dsj","label":"Cessna 182L VH-DSJ","kind":"aircraft","basis":"flight-plan","seconds":[0,1200,2460,2820,3180]}},{"type":"Feature","id":"valentich-1978/object","geometry":{"type":"LineString","coordinates":[[143.62,-39.08,1676],[143.6,-39.15,1676],[143.66,-39.25,1676]]},"properties":{"case":"valentich-1978","title":"Disappearance of Frederick Valentich","track":"object","label":"Object described by Valentich","kind":"uap","basis":"witness-reports","seconds":[2820,3000,3180]}},{"type":"Feature","id":"clarenville-1978","geometry":{"type":"Point","coordinates":[-53.9651,48.1566]},"properties":{"id":"clarenville-1978","title":"Clarenville — RCMP constable watches object over the water","date":"1978-10-26T01:30:00-02:30","timeApproximate":true,"year":1978,"place":"Clarenville and Random Island, Newfoundland","countryCode":"CA","locationPrecision":"area","category":"recurring-lights","status":"unresolved","evidence":"police-witness, multiple-witnesses","shape":"Oval with a fin, lights","summary":"In the early morning a dozen people in Clarenville called the RCMP about an object hovering over the water toward Random Island. Constable James Blackwood watched it for one to two hours through a surveillance telescope. He described an oval with a fin at the back, hanging about 100 ft above the water. When he flashed his headlights, the object seemed to flash back. It then vanished and left no trace.","explanation":null,"page":"https://domw99.github.io/Gods-Eye-UAPs/case/clarenville-1978/","globe":"https://domw99.github.io/Gods-Eye-UAPs/#/case/clarenville-1978"}},{"type":"Feature","id":"zanfretta-1978","geometry":{"type":"Point","coordinates":[9.1397,44.5056]},"properties":{"id":"zanfretta-1978","title":"Zanfretta — the Torriglia night patrol","date":"1978-12-06T23:30:00+01:00","timeApproximate":false,"year":1978,"place":"Marzano di Torriglia, Genoa, Italy","countryCode":"IT","locationPrecision":"site","category":"close-encounter","status":"disputed","evidence":"multiple-witnesses, official-document, physical-trace","shape":"Red oval craft over 10 m across; later a triangular craft","summary":"At about 11:30 p.m. on December 6, 1978 the 26-year-old security guard Pier Fortunato Zanfretta, on patrol at Marzano, in the municipality of Torriglia, noticed four lights in the garden of a mansion called Casa Nostra and then a red oval object more than ten metres across. He radioed his supervisor that “they are not men”, then contact was lost; he was found unconscious and in shock. He described three-metre beings with mottled skin, yellow triangular eyes and clawed feet. A semicircular imprint of flattened grass was found in the garden, and Carabinieri Brigadier Antonio Nucchi collected 52 statements from people who had seen strange lights that night. A neurologist found no mental disturbance in January 1979. Zanfretta later described further abductions, eleven in all between 1978 and 1981, which are the most disputed part of the story.","explanation":"Sceptics say the grass imprint matched the place where the owners tied a horse, that regression hypnosis can create false memories, that the beings resembled characters in popular 1978 Italian TV and comics, and that the “footprints” were puddles. Italy’s national UFO centre (CUN) judged the case unreliable.","page":"https://domw99.github.io/Gods-Eye-UAPs/case/zanfretta-1978/","globe":"https://domw99.github.io/Gods-Eye-UAPs/#/case/zanfretta-1978"}},{"type":"Feature","id":"kaikoura-1978","geometry":{"type":"Point","coordinates":[173.68,-42.4]},"properties":{"id":"kaikoura-1978","title":"Kaikōura lights","date":"1978-12-31T00:00:00+13:00","timeApproximate":false,"year":1978,"place":"Kaikōura coast, New Zealand","countryCode":"NZ","locationPrecision":"area","category":"aviation","status":"disputed","evidence":"film, radar, pilot-witness, audio","shape":"Bright white lights with a red tinge; pulsing orb","summary":"After a Safe Air crew reported lights tracked by Wellington radar on 21 December, an Australian TV crew rode along on the Argosy newspaper run. On the night of 30–31 December they filmed lights pacing the aircraft off the Kaikōura coast in colour on 16 mm film, with Wellington controllers reporting matching radar returns.","explanation":"Explanations offered include Venus and Jupiter, squid-fishing boat lights, and meteors; none accounts for the radar returns to everyone’s satisfaction.","page":"https://domw99.github.io/Gods-Eye-UAPs/case/kaikoura-1978/","globe":"https://domw99.github.io/Gods-Eye-UAPs/#/case/kaikoura-1978"}},{"type":"Feature","id":"kaikoura-1978/argosy","geometry":{"type":"LineString","coordinates":[[174.8053,-41.3272,0],[174.2,-41.9,4267],[173.8,-42.4,4267],[172.5322,-43.4894,34],[172.8,-43.2,1219],[173.8703,-41.5183,32]]},"properties":{"case":"kaikoura-1978","title":"Kaikōura lights","track":"argosy","label":"Safe Air Argosy","kind":"aircraft","basis":"flight-plan","seconds":[0,1500,2400,4800,8700,11400]}},{"type":"Feature","id":"kaikoura-1978/lights","geometry":{"type":"LineString","coordinates":[[173.95,-42.35,3658],[173.7,-42.5,3962],[172.9,-43.18,1372],[173.3,-42.7,1524]]},"properties":{"case":"kaikoura-1978","title":"Kaikōura lights","track":"lights","label":"Lights","kind":"uap","basis":"witness-reports","seconds":[2280,2700,8820,9600]}},{"type":"Feature","id":"cecconi-treviso-1979","geometry":{"type":"Point","coordinates":[12.1944,45.6484]},"properties":{"id":"cecconi-treviso-1979","title":"Cecconi G.91R photographs over Treviso","date":"1979-06-18T11:30:00+02:00","timeApproximate":false,"year":1979,"place":"Treviso Sant'Angelo air base, Veneto","countryCode":"IT","locationPrecision":"site","category":"radar-visual","status":"disputed","evidence":"photo, radar, pilot-witness, military-witness, official-document","shape":"Dull black, capsule-shaped, with a milky dome","summary":"Returning from a photo-reconnaissance sortie in a G.91R, Italian Air Force pilot Giancarlo Cecconi was asked to identify an object tracked by Istrana radar over Treviso air base. He found a dull black, capsule-shaped object about 6–8 m long at about 1,300 m. He made passes within about 100 m and took more than 80 photographs with the aircraft's reconnaissance cameras. Then radar and the tower both lost it.","explanation":"The Italian Defence Ministry later said its photo interpreters had identified the object as a cylindrical balloon made of black plastic bags (a \"solar balloon\"). Cecconi rejected this, noting the object did not move in his jet's wake.","page":"https://domw99.github.io/Gods-Eye-UAPs/case/cecconi-treviso-1979/","globe":"https://domw99.github.io/Gods-Eye-UAPs/#/case/cecconi-treviso-1979"}},{"type":"Feature","id":"cecconi-treviso-1979/g91","geometry":{"type":"LineString","coordinates":[[11.8,45.45,1829],[12.16,45.63,1311],[12.24,45.68,1311],[12.18,45.64,1311]]},"properties":{"case":"cecconi-treviso-1979","title":"Cecconi G.91R photographs over Treviso","track":"g91","label":"G.91R (Cecconi)","kind":"aircraft","basis":"witness-reports","seconds":[0,120,180,240]}},{"type":"Feature","id":"cecconi-treviso-1979/object","geometry":{"type":"LineString","coordinates":[[12.1944,45.6484,1311],[12.1944,45.6484,1311]]},"properties":{"case":"cecconi-treviso-1979","title":"Cecconi G.91R photographs over Treviso","track":"object","label":"Object","kind":"uap","basis":"radar","seconds":[0,300]}},{"type":"Feature","id":"val-johnson-1979","geometry":{"type":"Point","coordinates":[-97.1075,48.4369]},"properties":{"id":"val-johnson-1979","title":"Val Johnson — deputy's patrol car struck by a light","date":"1979-08-27T01:40:00-05:00","timeApproximate":false,"year":1979,"place":"Near Stephen, Marshall County, Minnesota","countryCode":"US","locationPrecision":"site","category":"close-encounter","status":"disputed","evidence":"police-witness, physical-trace, em-effects, medical","shape":"Beam of bright light just above the road","summary":"Deputy Val Johnson was patrolling rural roads when he saw a bright light just above the road. It rushed toward his car, the car was engulfed in light, and he heard glass breaking. He said he was unconscious for 39 minutes. Deputies found the car skewed across the road. The windshield was cracked, a headlight and the roof light were broken, and an aerial was bent. Both his watch and the car's clock were 14 minutes slow. A doctor compared his eye irritation to \"welder's burns\".","explanation":"UFO researchers (Allan Hendry, Jerome Clark) consider it significant. Skeptic Philip Klass argued it was a hoax and that Johnson damaged the car himself. The patrol car is on display at the Marshall County museum.","page":"https://domw99.github.io/Gods-Eye-UAPs/case/val-johnson-1979/","globe":"https://domw99.github.io/Gods-Eye-UAPs/#/case/val-johnson-1979"}},{"type":"Feature","id":"dechmont-law-1979","geometry":{"type":"Point","coordinates":[-3.5485,55.9107]},"properties":{"id":"dechmont-law-1979","title":"Dechmont Law — Robert Taylor","date":"1979-11-09T10:15:00+00:00","timeApproximate":false,"year":1979,"place":"Dechmont Law, Livingston, West Lothian","countryCode":"GB","locationPrecision":"site","category":"close-encounter","status":"unresolved","evidence":"physical-trace, medical, official-document","shape":"Dome-shaped object; two spiked spheres","summary":"Forestry worker Robert Taylor walked into a clearing on Dechmont Law and saw a large dome-shaped object hovering. He said two smaller spiked spheres rolled out, grabbed his trousers and dragged him toward it, and he passed out. He came to with torn trousers, grazes and a headache, and staggered home. Police recorded the case as an assault and found marks in the ground. It is often described as the only UFO event police have investigated as a crime. A marker now stands at the site.","explanation":null,"page":"https://domw99.github.io/Gods-Eye-UAPs/case/dechmont-law-1979/","globe":"https://domw99.github.io/Gods-Eye-UAPs/#/case/dechmont-law-1979"}},{"type":"Feature","id":"manises-1979","geometry":{"type":"Point","coordinates":[-0.4816,39.4893]},"properties":{"id":"manises-1979","title":"Manises — airliner diversion & Mirage intercept","date":"1979-11-11T23:00:00+01:00","timeApproximate":false,"year":1979,"place":"Over Ibiza → Valencia-Manises Airport, Spain","countryCode":"ES","locationPrecision":"area","category":"aviation","status":"disputed","evidence":"radar, pilot-witness, military-witness, official-document, em-effects","shape":"Red lights on a collision course; truncated cone","summary":"TAE flight JK-297 from Salzburg (via Palma) to Las Palmas saw red lights approach on a collision course near Ibiza and track the aircraft after it changed altitude. The captain diverted to Valencia — the first airliner diverted by a UFO. A Mirage F1 from Los Llanos then chased lights that accelerated away.","explanation":"Spanish Air Force files declassified in the 1990s did not confirm an anomalous object; researchers attribute the lights to refinery flare stacks and bright stars/planets.","page":"https://domw99.github.io/Gods-Eye-UAPs/case/manises-1979/","globe":"https://domw99.github.io/Gods-Eye-UAPs/#/case/manises-1979"}},{"type":"Feature","id":"manises-1979/jk297","geometry":{"type":"LineString","coordinates":[[2.7388,39.5517,0],[1.7,39.1,9144],[0.6,39.3,6096],[-0.4816,39.4893,62]]},"properties":{"case":"manises-1979","title":"Manises — airliner diversion & Mirage intercept","track":"jk297","label":"TAE JK-297 Supercaravelle","kind":"aircraft","basis":"reconstruction","seconds":[0,1200,1920,2700]}},{"type":"Feature","id":"manises-1979/lights","geometry":{"type":"LineString","coordinates":[[1.9,39,9144],[1.62,39.12,8992],[0.3,39.35,4572],[-0.1,39.4,1829]]},"properties":{"case":"manises-1979","title":"Manises — airliner diversion & Mirage intercept","track":"lights","label":"Red lights","kind":"uap","basis":"witness-reports","seconds":[1080,1320,2280,2580]}},{"type":"Feature","id":"manises-1979/mirage","geometry":{"type":"LineString","coordinates":[[-1.8635,38.9485,700],[-0.6,39.4,7620],[-0.27,39.68,7620],[0.5,39.5,9144],[-1.8635,38.9485,700]]},"properties":{"case":"manises-1979","title":"Manises — airliner diversion & Mirage intercept","track":"mirage","label":"Mirage F1 (Los Llanos)","kind":"aircraft","basis":"official-report","seconds":[6000,6600,7800,9000,10500]}},{"type":"Feature","id":"la-joya-1980","geometry":{"type":"Point","coordinates":[-71.8867,-16.7914]},"properties":{"id":"la-joya-1980","title":"La Joya air base pursuit","date":"1980-04-11T07:15:00-05:00","timeApproximate":false,"year":1980,"place":"La Joya air base, Arequipa, Peru","countryCode":"PE","locationPrecision":"site","category":"military-encounter","status":"unresolved","evidence":"military-witness, pilot-witness, multiple-witnesses, official-document","shape":"Large balloon-shaped object","summary":"On the morning of April 11, 1980 about 1,800 people at the La Joya base saw a large, balloon-shaped object hanging still at around 500 metres. Lt Oscar Santa María Huertas, 23, took off in a Sukhoi Su-22 and fired 64 rounds at it without effect. He reported that it climbed away at up to 950 km/h, reaching about 19,200 metres, and stopped so suddenly that he had to swerve to avoid it. Peruvian army radar was said to show only his aircraft, while operators saw the object by eye. The engagement is said to have lasted 22 minutes, until his fuel ran low. The Peruvian Air Force kept the matter classified for decades; U.S. defence documents titled “UFO sighted in Peru” have since been released.","explanation":"Peru’s air force kept the case quiet for decades; no explanation has been published. Peru has since set up an office (now DIFAA) for aerial anomalies, and U.S. documents on the case were later released.","page":"https://domw99.github.io/Gods-Eye-UAPs/case/la-joya-1980/","globe":"https://domw99.github.io/Gods-Eye-UAPs/#/case/la-joya-1980"}},{"type":"Feature","id":"todmorden-godfrey-1980","geometry":{"type":"Point","coordinates":[-2.096,53.713]},"properties":{"id":"todmorden-godfrey-1980","title":"Todmorden — PC Alan Godfrey","date":"1980-11-29T05:00:00+00:00","timeApproximate":false,"year":1980,"place":"Burnley Road, Todmorden, West Yorkshire","countryCode":"GB","locationPrecision":"site","category":"close-encounter","status":"unresolved","evidence":"police-witness, physical-trace","shape":"Diamond-shaped object hovering over the road","summary":"Before dawn, PC Alan Godfrey was driving his patrol car along Burnley Road looking for missing cattle when he found a large, diamond-shaped object hovering about 5 ft above the road, blocking it. He sketched it from the car. The next thing he knew, he was farther down the road and some time had passed. He said the road surface under the object was dry though the rest was wet. Other officers reported a light in the sky that night. Later hypnosis sessions produced an abduction account.","explanation":null,"page":"https://domw99.github.io/Gods-Eye-UAPs/case/todmorden-godfrey-1980/","globe":"https://domw99.github.io/Gods-Eye-UAPs/#/case/todmorden-godfrey-1980"}},{"type":"Feature","id":"rendlesham-1980","geometry":{"type":"Point","coordinates":[1.4492,52.0889]},"properties":{"id":"rendlesham-1980","title":"Rendlesham Forest","date":"1980-12-26T03:00:00+00:00","timeApproximate":false,"year":1980,"place":"Rendlesham Forest, outside RAF Woodbridge, Suffolk","countryCode":"GB","locationPrecision":"site","category":"military-encounter","status":"disputed","evidence":"military-witness, official-document, physical-trace, audio","shape":"Metallic lit object in the forest; star-like lights","summary":"USAF security patrols at the east gate of RAF Woodbridge saw lights descend into the forest and went in to investigate. Two nights later deputy base commander Lt. Col. Charles Halt led a team that took radiation readings at three ground depressions and recorded his observations on a micro-cassette. His memo to the MoD is one of the most famous UFO documents in Britain.","explanation":"The Ministry of Defence found no threat and did not investigate further. Skeptics attribute the lights to a fireball, the Orford Ness lighthouse (visible through the trees in the same direction) and bright stars.","page":"https://domw99.github.io/Gods-Eye-UAPs/case/rendlesham-1980/","globe":"https://domw99.github.io/Gods-Eye-UAPs/#/case/rendlesham-1980"}},{"type":"Feature","id":"rendlesham-1980/lights","geometry":{"type":"LineString","coordinates":[[1.43,52.1,457],[1.4492,52.0889,6],[1.47,52.085,6]]},"properties":{"case":"rendlesham-1980","title":"Rendlesham Forest","track":"lights","label":"Lights seen by the patrol","kind":"uap","basis":"witness-reports","seconds":[0,600,1800]}},{"type":"Feature","id":"cash-landrum-1980","geometry":{"type":"Point","coordinates":[-95.1,30.15]},"properties":{"id":"cash-landrum-1980","title":"Cash–Landrum incident","date":"1980-12-29T21:00:00-06:00","timeApproximate":false,"year":1980,"place":"FM 1485 near Huffman, Texas","countryCode":"US","locationPrecision":"area","category":"close-encounter","status":"disputed","evidence":"medical, multiple-witnesses, official-document","shape":"Diamond-shaped object venting flame; escorted by ~23 helicopters","summary":"Driving home through the pine woods north-east of Houston, Betty Cash and Vickie Landrum with her grandson said a blazing diamond-shaped object hovered over the road, radiating heat. As it rose, they counted about two dozen helicopters, many resembling CH-47 Chinooks. All three reported injuries afterwards, and they sued the U.S. government.","explanation":"Army and Air Force inquiries found no helicopters or craft that matched; the witnesses’ lawsuit against the U.S. government was dismissed in 1986. Skeptics question the medical and helicopter claims.","page":"https://domw99.github.io/Gods-Eye-UAPs/case/cash-landrum-1980/","globe":"https://domw99.github.io/Gods-Eye-UAPs/#/case/cash-landrum-1980"}},{"type":"Feature","id":"cash-landrum-1980/object","geometry":{"type":"LineString","coordinates":[[-95.12,30.12,122],[-95.1,30.15,46],[-95.07,30.2,457],[-95.02,30.28,914]]},"properties":{"case":"cash-landrum-1980","title":"Cash–Landrum incident","track":"object","label":"Object","kind":"uap","basis":"witness-reports","seconds":[0,300,900,1320]}},{"type":"Feature","id":"trans-en-provence-1981","geometry":{"type":"Point","coordinates":[6.4861,43.5044]},"properties":{"id":"trans-en-provence-1981","title":"Trans-en-Provence landing trace","date":"1981-01-08T17:00:00+01:00","timeApproximate":false,"year":1981,"place":"Trans-en-Provence, Var","countryCode":"FR","locationPrecision":"site","category":"landing-trace","status":"unresolved","evidence":"physical-trace, official-document","shape":"Lead-grey disc, two stacked saucers","summary":"Renato Nicolaï heard a whistle and saw an object land briefly on his terrace and fly off. The Gendarmerie took samples within a day; GEPAN’s laboratory analysis of the 2.4 m circular mark reported soil heated to 300–600 °C and chlorophyll changes in alfalfa leaves.","explanation":"The French government’s GEPAN (now GEIPAN, part of CNES) analysed soil and plant samples and reported heating and biochemical changes it could not attribute to a known cause. Skeptics suggest a vehicle or the witness.","page":"https://domw99.github.io/Gods-Eye-UAPs/case/trans-en-provence-1981/","globe":"https://domw99.github.io/Gods-Eye-UAPs/#/case/trans-en-provence-1981"}},{"type":"Feature","id":"morenao-stadium-1982","geometry":{"type":"Point","coordinates":[-54.6097,-20.5014]},"properties":{"id":"morenao-stadium-1982","title":"Morenão stadium sighting","date":"1982-03-06T21:00:00-04:00","timeApproximate":true,"year":1982,"place":"Estádio Morenão, Campo Grande, Mato Grosso do Sul","countryCode":"BR","locationPrecision":"site","category":"mass-sighting","status":"unresolved","evidence":"multiple-witnesses","shape":"Unidentified lights","summary":"During a Brazilian championship match between Operário and Vasco da Gama, a crowd of more than 24,000 saw unidentified objects over the stadium. Players, including Cocada, and referee José de Assis Aragão described them. Among the spectators was Ademar José Gevaerd, who went on to become one of Brazil's best-known UFO researchers.","explanation":null,"page":"https://domw99.github.io/Gods-Eye-UAPs/case/morenao-stadium-1982/","globe":"https://domw99.github.io/Gods-Eye-UAPs/#/case/morenao-stadium-1982"}},{"type":"Feature","id":"hessdalen-lights","geometry":{"type":"Point","coordinates":[11.1883,62.7933]},"properties":{"id":"hessdalen-lights","title":"Hessdalen lights","date":"1984-02-01T20:00:00+01:00","timeApproximate":true,"year":1984,"place":"Hessdalen valley, Norway","countryCode":"NO","locationPrecision":"area","category":"recurring-lights","status":"unresolved","evidence":"photo, video, radar, sensor-data, multiple-witnesses","shape":"White, yellow or red floating lights","summary":"Lights have appeared over the 12-km Hessdalen valley since at least the early 1980s, peaking at up to 20 per week in 1981–84. Unusually, they have been measured: radar, spectra, magnetometers and a permanent camera station have recorded them, but their cause is still debated.","explanation":"Studied since 1983 by Project Hessdalen with an automated measurement station; hypotheses include combustion of dust from the valley’s ores, plasma, and piezoelectric effects.","page":"https://domw99.github.io/Gods-Eye-UAPs/case/hessdalen-lights/","globe":"https://domw99.github.io/Gods-Eye-UAPs/#/case/hessdalen-lights"}},{"type":"Feature","id":"hudson-valley-1983","geometry":{"type":"Point","coordinates":[-73.617,41.3973]},"properties":{"id":"hudson-valley-1983","title":"Hudson Valley \"Westchester boomerang\"","date":"1984-07-24T22:00:00-04:00","timeApproximate":true,"year":1984,"place":"Brewster, Putnam County, New York","countryCode":"US","locationPrecision":"area","category":"mass-sighting","status":"explained","evidence":"video, multiple-witnesses, police-witness","shape":"V / boomerang of coloured lights","summary":"For over a year residents of the Hudson Valley reported a silent boomerang or V of bright lights, sometimes \"the size of a football field\". Guards at the Indian Point nuclear plant reportedly saw it in June and July 1984, and a Brewster resident videotaped the lights on 24 July.","explanation":"State police and the New York Power Authority attributed the sightings to pilots flying Cessna 152s in tight formation from Stormville Airport with coloured lights — a hoax the pilots reportedly enjoyed.","page":"https://domw99.github.io/Gods-Eye-UAPs/case/hudson-valley-1983/","globe":"https://domw99.github.io/Gods-Eye-UAPs/#/case/hudson-valley-1983"}},{"type":"Feature","id":"dalnegorsk-1986","geometry":{"type":"Point","coordinates":[135.567,44.555]},"properties":{"id":"dalnegorsk-1986","title":"Dalnegorsk “Height 611” crash","date":"1986-01-29T19:55:00+10:00","timeApproximate":false,"year":1986,"place":"Dalnegorsk, Primorsky Krai, Russia","countryCode":"RU","locationPrecision":"area","category":"landing-trace","status":"disputed","evidence":"physical-trace, multiple-witnesses","shape":"Reddish sphere about 3 m across","summary":"On the evening of January 29, 1986 residents of the mining town of Dalnegorsk saw a reddish, silent sphere about three metres across flying from the south-east at some 700–800 metres, at about 15 m/s. It crossed part of the town and came down on Izvestkovaya mountain, known as Height 611, burning on the slope. Investigators reported tiny metallic droplets 2–5 mm across, and fibres in a tangle of metal, quartz and gold-coloured threads. In Russia it is often called the best-documented UFO crash, although the technical findings come mainly from the group that investigated it.","explanation":"Ball lightning and other plasma phenomena have been proposed. The reports of unusual metal fragments come mostly from the investigating group and have not been independently confirmed.","page":"https://domw99.github.io/Gods-Eye-UAPs/case/dalnegorsk-1986/","globe":"https://domw99.github.io/Gods-Eye-UAPs/#/case/dalnegorsk-1986"}},{"type":"Feature","id":"dalnegorsk-1986/sphere","geometry":{"type":"LineString","coordinates":[[135.605,44.535,732],[135.58,44.55,701],[135.563,44.561,355]]},"properties":{"case":"dalnegorsk-1986","title":"Dalnegorsk “Height 611” crash","track":"sphere","label":"Sphere (approximate)","kind":"uap","basis":"witness-reports","seconds":[0,110,190]}},{"type":"Feature","id":"brazil-ufo-night-1986","geometry":{"type":"Point","coordinates":[-45.9009,-23.2237]},"properties":{"id":"brazil-ufo-night-1986","title":"Brazil’s \"Official UFO Night\"","date":"1986-05-19T20:15:00-03:00","timeApproximate":false,"year":1986,"place":"São José dos Campos – Rio de Janeiro – Goiás","countryCode":"BR","locationPrecision":"area","category":"radar-visual","status":"unresolved","evidence":"radar, pilot-witness, military-witness, official-document","shape":"Red, white and green lights; 21 radar plots","summary":"Controllers at São José dos Campos and radar across south-east Brazil tracked about 21 unknown contacts. Embraer’s founder, flying in, saw red lights; the Air Force scrambled F-5Es from Santa Cruz and Mirage IIIs from Anápolis. Pilots reported lights that kept their distance and targets that appeared behind them.","explanation":"The Air Force commander said \"we have no explanation\". The report declassified in 2009 described objects with speeds from hovering to supersonic and 90° turns.","page":"https://domw99.github.io/Gods-Eye-UAPs/case/brazil-ufo-night-1986/","globe":"https://domw99.github.io/Gods-Eye-UAPs/#/case/brazil-ufo-night-1986"}},{"type":"Feature","id":"brazil-ufo-night-1986/jb17","geometry":{"type":"LineString","coordinates":[[-43.7191,-22.9325,0],[-45.6,-23.15,5182],[-45.2,-24.2,10058],[-44.5,-25.3,10058],[-43.7191,-22.9325,0]]},"properties":{"case":"brazil-ufo-night-1986","title":"Brazil’s \"Official UFO Night\"","track":"jb17","label":"F-5E JB17 (Santa Cruz)","kind":"aircraft","basis":"official-report","seconds":[8340,9000,9900,10800,12300]}},{"type":"Feature","id":"brazil-ufo-night-1986/jg116","geometry":{"type":"LineString","coordinates":[[-48.9644,-16.2292,1131],[-50.3,-16.3,9144],[-49.8,-16.6,9144],[-48.9644,-16.2292,1131]]},"properties":{"case":"brazil-ufo-night-1986","title":"Brazil’s \"Official UFO Night\"","track":"jg116","label":"Mirage IIIE JG116 (Anápolis)","kind":"aircraft","basis":"official-report","seconds":[9180,9900,10500,11700]}},{"type":"Feature","id":"brazil-ufo-night-1986/light","geometry":{"type":"LineString","coordinates":[[-45.7,-23.1,6096],[-45,-24.3,10058],[-44.3,-25.5,10973]]},"properties":{"case":"brazil-ufo-night-1986","title":"Brazil’s \"Official UFO Night\"","track":"light","label":"Light followed by JB17","kind":"uap","basis":"official-report","seconds":[9000,9900,10800]}},{"type":"Feature","id":"torpo-1986","geometry":{"type":"Point","coordinates":[8.7167,60.6667]},"properties":{"id":"torpo-1986","title":"Torpo film","date":"1986-07-13T21:00:00+02:00","timeApproximate":true,"year":1986,"place":"Mountain farm near Torpo, Hallingdal","countryCode":"NO","locationPrecision":"area","category":"photo-video","status":"unresolved","evidence":"video, multiple-witnesses","shape":"Two bright objects, one flashing and throwing sparks","summary":"A couple at a mountain farm near Torpo, with their son and friends, watched two bright objects in the evening sky, one moving dramatically, flashing and throwing off sparks. The husband filmed them. Ground Saucer Watch found no sign of a hoax, but said the apparent motion could come from camera shake and that the lack of reference points made the film inconclusive.","explanation":null,"page":"https://domw99.github.io/Gods-Eye-UAPs/case/torpo-1986/","globe":"https://domw99.github.io/Gods-Eye-UAPs/#/case/torpo-1986"}},{"type":"Feature","id":"jal-1628-1986","geometry":{"type":"Point","coordinates":[-147.72,64.84]},"properties":{"id":"jal-1628-1986","title":"Japan Air Lines Flight 1628","date":"1986-11-17T17:11:00-09:00","timeApproximate":false,"year":1986,"place":"Over north-east Alaska","countryCode":"US","locationPrecision":"area","category":"aviation","status":"disputed","evidence":"radar, pilot-witness, official-document","shape":"Two small lights and a huge \"mothership\"","summary":"A JAL Boeing 747 freighter on the Reykjavík–Anchorage leg reported three objects pacing it at 35,000 ft, including one Terauchi described as enormous. Anchorage controllers reported returns near the aircraft; the objects stayed with the plane through turns and descents until near Talkeetna.","explanation":"The FAA’s radar returns were later dismissed as clutter / a split image; Philip Klass argued the crew saw Jupiter and Mars. The FAA found the crew professional and rational.","page":"https://domw99.github.io/Gods-Eye-UAPs/case/jal-1628-1986/","globe":"https://domw99.github.io/Gods-Eye-UAPs/#/case/jal-1628-1986"}},{"type":"Feature","id":"jal-1628-1986/jal1628","geometry":{"type":"LineString","coordinates":[[-143.5,66.9,10668],[-146,65.8,10668],[-147.72,64.84,9449],[-149.2,63.4,9449],[-150.11,62.32,7620],[-149.9982,61.1743,34]]},"properties":{"case":"jal-1628-1986","title":"Japan Air Lines Flight 1628","track":"jal1628","label":"JL1628 Boeing 747F","kind":"aircraft","basis":"radar","seconds":[0,600,1320,2040,2520,3600]}},{"type":"Feature","id":"jal-1628-1986/objects","geometry":{"type":"LineString","coordinates":[[-143.3,66.95,10668],[-145.8,65.85,10668],[-147.5,64.9,9449],[-149,63.45,9449],[-150,62.4,7620]]},"properties":{"case":"jal-1628-1986","title":"Japan Air Lines Flight 1628","track":"objects","label":"Reported objects","kind":"uap","basis":"witness-reports","seconds":[0,600,1320,2040,2520]}},{"type":"Feature","id":"gulf-breeze-1987","geometry":{"type":"Point","coordinates":[-87.1639,30.3571]},"properties":{"id":"gulf-breeze-1987","title":"Gulf Breeze photographs","date":"1987-11-11T17:00:00-06:00","timeApproximate":true,"year":1987,"place":"Gulf Breeze, Florida","countryCode":"US","locationPrecision":"city","category":"photo-video","status":"explained","evidence":"photo, video, multiple-witnesses","shape":"Cylindrical craft with a ring of portholes and a glowing base","summary":"Contractor Ed Walters gave the Gulf Breeze Sentinel five Polaroids of a glowing craft he said hovered near his home. Over six months he produced dozens more photos and video, and described being hit by a blue beam and seeing aliens. Researchers such as Bruce Maccabee backed the photos, and other residents reported sightings. After the model was found in 1990 and a reporter recreated the pictures, the case became a textbook example of a UFO photo hoax.","explanation":"Considered a hoax. In 1990 the new owners of Ed Walters's former house found a styrofoam model UFO in the attic that a reporter used to reproduce the photos almost exactly. A local teenager also said he had helped fake them. Walters said the model was planted.","page":"https://domw99.github.io/Gods-Eye-UAPs/case/gulf-breeze-1987/","globe":"https://domw99.github.io/Gods-Eye-UAPs/#/case/gulf-breeze-1987"}},{"type":"Feature","id":"ilkley-moor-1987","geometry":{"type":"Point","coordinates":[-1.8,53.9]},"properties":{"id":"ilkley-moor-1987","title":"Ilkley Moor photograph","date":"1987-12-01T08:00:00+00:00","timeApproximate":true,"year":1987,"place":"Ilkley Moor, West Yorkshire, England","countryCode":"GB","locationPrecision":"area","category":"photo-video","status":"disputed","evidence":"photo","shape":"Small green humanoid; two-part silver craft","summary":"On the morning of December 1, 1987 Philip Spencer, a retired police officer, was walking across Ilkley Moor, between Ilkley and Keighley, when he said he met a small dark-green figure about 1.2 metres tall, with a large head and long thin arms. He took one photograph before it ran off, then saw a whitish, two-part craft rise from the moor with a loud hum. About two hours were missing from his journey, and his compass pointed the wrong way. A wildlife photographer said the figure matched no known animal and Kodak found no signs of tampering, but the US Navy optics specialist Bruce Maccabee called the image too grainy to test. Under hypnosis in March 1988 his story changed to one of being taken aboard and examined.","explanation":"Critics say the blurry photograph could show a person or a cardboard cutout, and ask why no picture of the craft was taken. Kodak experts found no sign of tampering, but the image is too grainy for firm conclusions, and the account changed under hypnosis.","page":"https://domw99.github.io/Gods-Eye-UAPs/case/ilkley-moor-1987/","globe":"https://domw99.github.io/Gods-Eye-UAPs/#/case/ilkley-moor-1987"}},{"type":"Feature","id":"mundrabilla-1988","geometry":{"type":"Point","coordinates":[127.45,-31.87]},"properties":{"id":"mundrabilla-1988","title":"Knowles family encounter","date":"1988-01-20T04:00:00+08:00","timeApproximate":false,"year":1988,"place":"Nullarbor Plain, between Madura and Mundrabilla, Western Australia","countryCode":"AU","locationPrecision":"area","category":"close-encounter","status":"unresolved","evidence":"multiple-witnesses, physical-trace","shape":"Large glowing ball","summary":"In the early hours of January 20, 1988, the Knowles family were driving across the Nullarbor Plain in their station wagon when a bright light appeared ahead. They said a large glowing object pursued the car for a long time and finally came down on the roof; the car seemed to be lifted off the road, and the engine and voices changed as if time were slowing. Mrs Knowles said she reached out of the rear window, felt something soft and warm on the roof, and found her hand covered in black dust. When the car dropped back onto the road a rear tyre burst. The family reported it at Mundrabilla. It is one of Australia’s best-known close-encounter stories.","explanation":"No explanation has been established. The account rests on the four family members’ testimony and the physical details they described, and has been widely reported in Australia.","page":"https://domw99.github.io/Gods-Eye-UAPs/case/mundrabilla-1988/","globe":"https://domw99.github.io/Gods-Eye-UAPs/#/case/mundrabilla-1988"}},{"type":"Feature","id":"villa-urquiza-1988","geometry":{"type":"Point","coordinates":[-58.4969,-34.5733]},"properties":{"id":"villa-urquiza-1988","title":"Villa Urquiza Christmas sighting","date":"1988-12-25T19:00:00-02:00","timeApproximate":true,"year":1988,"place":"Villa Urquiza, Buenos Aires","countryCode":"AR","locationPrecision":"city","category":"mass-sighting","status":"unresolved","evidence":"multiple-witnesses","shape":"Silver object","summary":"On Christmas Day 1988 a silver object crossed the Villa Urquiza neighbourhood of Buenos Aires, watched by thousands of people. The city airport reported an object heading west toward Avenida General Paz. It is often called Argentina's most spectacular UFO sighting.","explanation":null,"page":"https://domw99.github.io/Gods-Eye-UAPs/case/villa-urquiza-1988/","globe":"https://domw99.github.io/Gods-Eye-UAPs/#/case/villa-urquiza-1988"}},{"type":"Feature","id":"villa-urquiza-1988/object","geometry":{"type":"LineString","coordinates":[[-58.475,-34.575,914],[-58.53,-34.573,914]]},"properties":{"case":"villa-urquiza-1988","title":"Villa Urquiza Christmas sighting","track":"object","label":"Silver object","kind":"uap","basis":"witness-reports","seconds":[0,300]}},{"type":"Feature","id":"voronezh-1989","geometry":{"type":"Point","coordinates":[39.2003,51.6608]},"properties":{"id":"voronezh-1989","title":"Voronezh park landing","date":"1989-09-27T18:30:00+03:00","timeApproximate":false,"year":1989,"place":"Voronezh, RSFSR (Russia)","countryCode":"RU","locationPrecision":"city","category":"close-encounter","status":"disputed","evidence":"multiple-witnesses, physical-trace","shape":"Large red sphere / oval","summary":"TASS reported that children in a Voronezh park saw a large red ball land and tall beings emerge. Soviet reporting of the case — unusual at the time — made headlines worldwide.","explanation":"Reported by the Soviet news agency TASS; later widely regarded as a children’s story amplified by the press.","page":"https://domw99.github.io/Gods-Eye-UAPs/case/voronezh-1989/","globe":"https://domw99.github.io/Gods-Eye-UAPs/#/case/voronezh-1989"}},{"type":"Feature","id":"belgian-wave-1990","geometry":{"type":"Point","coordinates":[4.72,50.62]},"properties":{"id":"belgian-wave-1990","title":"Belgian UFO wave — F-16 intercepts","date":"1990-03-30T23:00:00+02:00","timeApproximate":false,"year":1990,"place":"Brussels – Wavre – Gembloux, Belgium","countryCode":"BE","locationPrecision":"area","category":"radar-visual","status":"disputed","evidence":"radar, military-witness, police-witness, multiple-witnesses, official-document","shape":"Dark triangle with bright corner lights","summary":"Beginning with a sighting by two gendarmes at Eupen on 29 November 1989, thousands of Belgians reported large, slow triangles with lights. On the night of 30–31 March 1990, after ground and radar reports, two Belgian Air Force F-16s from Beauvechain made nine interception attempts and obtained brief radar locks; the Air Force published its report openly.","explanation":"The Belgian Air Force report left the radar contacts unexplained; critics attribute the F-16 lock-ons to the other fighter and to Bragg scattering. The famous Petit-Rechain triangle photo was admitted to be a hoax in 2011.","page":"https://domw99.github.io/Gods-Eye-UAPs/case/belgian-wave-1990/","globe":"https://domw99.github.io/Gods-Eye-UAPs/#/case/belgian-wave-1990"}},{"type":"Feature","id":"belgian-wave-1990/f16","geometry":{"type":"LineString","coordinates":[[4.7684,50.7586,101],[4.72,50.63,3048],[4.35,50.85,2743],[4.9,50.65,2134],[4.7684,50.7586,101]]},"properties":{"case":"belgian-wave-1990","title":"Belgian UFO wave — F-16 intercepts","track":"f16","label":"F-16 pair (Beauvechain)","kind":"aircraft","basis":"official-report","seconds":[3900,4380,5100,6000,7500]}},{"type":"Feature","id":"belgian-wave-1990/contacts","geometry":{"type":"LineString","coordinates":[[4.73,50.62,2134],[4.72,50.63,2134],[4.37,50.84,1524],[4.88,50.66,1829]]},"properties":{"case":"belgian-wave-1990","title":"Belgian UFO wave — F-16 intercepts","track":"contacts","label":"Radar contacts","kind":"uap","basis":"radar","seconds":[0,4380,5100,6000]}},{"type":"Feature","id":"calvine-1990","geometry":{"type":"Point","coordinates":[-3.958,56.768]},"properties":{"id":"calvine-1990","title":"Calvine photograph","date":"1990-08-04T21:00:00+01:00","timeApproximate":false,"year":1990,"place":"Moors above Calvine, Perthshire","countryCode":"GB","locationPrecision":"area","category":"photo-video","status":"unresolved","evidence":"photo, official-document","shape":"Large diamond hovering; a Harrier jet nearby","summary":"Two men walking above Calvine photographed a large, silent diamond-shaped object hovering while a military jet flew past. Their negatives went from the Daily Record to the Ministry of Defence and vanished. A surviving print surfaced in 2022 and was published worldwide.","explanation":"The MoD never explained it; proposed explanations include a rock reflected in water and a hoax. The photographers have never been identified.","page":"https://domw99.github.io/Gods-Eye-UAPs/case/calvine-1990/","globe":"https://domw99.github.io/Gods-Eye-UAPs/#/case/calvine-1990"}},{"type":"Feature","id":"montreal-bonaventure-1990","geometry":{"type":"Point","coordinates":[-73.5641,45.4993]},"properties":{"id":"montreal-bonaventure-1990","title":"Montreal — lights over the Bonaventure Hotel","date":"1990-11-07T19:20:00-05:00","timeApproximate":false,"year":1990,"place":"Hôtel Bonaventure, downtown Montreal, Quebec","countryCode":"CA","locationPrecision":"site","category":"mass-sighting","status":"unresolved","evidence":"multiple-witnesses, police-witness","shape":"Ring of 8–10 bright lights; a huge round form","summary":"From 7:20 to 10:20 p.m., people on the rooftop pool deck of the Bonaventure Hotel and in the streets below watched 8 to 10 lights hanging in a circle above them, sending down bright white rays. Some described a huge round object behind the lights. Police officers attended, and the next day La Presse reported the sighting. It drifted slowly north and was never identified.","explanation":null,"page":"https://domw99.github.io/Gods-Eye-UAPs/case/montreal-bonaventure-1990/","globe":"https://domw99.github.io/Gods-Eye-UAPs/#/case/montreal-bonaventure-1990"}},{"type":"Feature","id":"alitalia-lydd-1991","geometry":{"type":"Point","coordinates":[0.94,50.95]},"properties":{"id":"alitalia-lydd-1991","title":"Alitalia MD-80 near miss over Kent","date":"1991-04-21T20:00:00+01:00","timeApproximate":true,"year":1991,"place":"Near Lydd, Kent, England","countryCode":"GB","locationPrecision":"area","category":"aviation","status":"unresolved","evidence":"pilot-witness, radar, official-document","shape":"Brown, missile-shaped object","summary":"At about 8 p.m. on April 21, 1991, an Alitalia MD-80 flying from Milan to Heathrow with 57 people aboard was at 22,000 feet over the army ranges at Lydd, on the Kent coast, when Capt. Achille Zaghetti saw a brown, missile-shaped object pass about 1,000 feet above the airliner and shouted “Look out, look out”. The London control centre told him it had an unknown target on radar 10 nautical miles behind him. The Ministry of Defence and the Civil Aviation Authority investigated as an airmiss, ruled out a missile, a weather balloon and a rocket, and closed the case unsolved.","explanation":"The Civil Aviation Authority and the Ministry of Defence looked at missiles, weather balloons and rockets and ruled each one out, then closed the inquiry without an answer. The files were released by the National Archives in October 2008.","page":"https://domw99.github.io/Gods-Eye-UAPs/case/alitalia-lydd-1991/","globe":"https://domw99.github.io/Gods-Eye-UAPs/#/case/alitalia-lydd-1991"}},{"type":"Feature","id":"alitalia-lydd-1991/md80","geometry":{"type":"LineString","coordinates":[[1.3,50.75,7010],[0.94,50.95,6706],[0.5,51.2,5486]]},"properties":{"case":"alitalia-lydd-1991","title":"Alitalia MD-80 near miss over Kent","track":"md80","label":"Alitalia MD-80 (approximate)","kind":"aircraft","basis":"approximate","seconds":[0,180,420]}},{"type":"Feature","id":"mexico-city-eclipse-1991","geometry":{"type":"Point","coordinates":[-99.1332,19.4326]},"properties":{"id":"mexico-city-eclipse-1991","title":"Mexico City eclipse videos","date":"1991-07-11T13:24:00-06:00","timeApproximate":false,"year":1991,"place":"Mexico City, Mexico","countryCode":"MX","locationPrecision":"city","category":"photo-video","status":"disputed","evidence":"video, photo, multiple-witnesses","shape":"Metallic disc or bright point, sometimes with a wavy haze","summary":"Millions in Mexico watched the total solar eclipse of July 11, 1991, with totality in Mexico City at 13:24 and lasting more than six minutes. At least 16 photographers and videographers recorded a bright, disc-like object near the Sun in the sky, some with a wavy trail of haze behind it. The sightings were widely seen on television and the case is a classic in Mexican ufology. Astronomers pointed out that the darkness of totality shows Venus, which stood a few degrees from the star Regulus, and that other planets also come into view, which fits many of the videos but not necessarily the apparent motion some of them show.","explanation":"Astronomers identified the brightest object as Venus (with Mars and Regulus nearby), made visible by the darkness of totality. Reflections in glass, camera artefacts and hoaxes account for others; not every video has been explained.","page":"https://domw99.github.io/Gods-Eye-UAPs/case/mexico-city-eclipse-1991/","globe":"https://domw99.github.io/Gods-Eye-UAPs/#/case/mexico-city-eclipse-1991"}},{"type":"Feature","id":"cosford-1993","geometry":{"type":"Point","coordinates":[-2.3056,52.6403]},"properties":{"id":"cosford-1993","title":"Cosford incident","date":"1993-03-30T21:00:00+01:00","timeApproximate":false,"year":1993,"place":"RAF Cosford and RAF Shawbury, Shropshire","countryCode":"GB","locationPrecision":"area","category":"military-encounter","status":"disputed","evidence":"military-witness, police-witness, multiple-witnesses, official-document","shape":"Triangular craft; lights in formation","summary":"Over the night of March 30–31, 1993, police officers, RAF personnel and the public across England and Wales reported lights in formation and a large triangular craft. A patrol at RAF Cosford saw it pass over the base. At RAF Shawbury a meteorological officer described a huge craft moving slowly across the airfield and sweeping a light beam over the ground. The MoD's Nick Pope pressed the case internally, and the files were later released to The National Archives.","explanation":"Most of the evening reports matched the re-entry of the rocket body that had launched the Russian satellite Cosmos 2238. The MoD found no threat. Nick Pope, who investigated for the MoD, argued that later reports, including a meteorological officer's at RAF Shawbury, were never explained.","page":"https://domw99.github.io/Gods-Eye-UAPs/case/cosford-1993/","globe":"https://domw99.github.io/Gods-Eye-UAPs/#/case/cosford-1993"}},{"type":"Feature","id":"air-france-3532-1994","geometry":{"type":"Point","coordinates":[3.0836,48.8156]},"properties":{"id":"air-france-3532-1994","title":"Air France 3532 — radar-visual over Coulommiers","date":"1994-01-28T13:14:00+01:00","timeApproximate":false,"year":1994,"place":"Near Coulommiers, Seine-et-Marne, France","countryCode":"FR","locationPrecision":"area","category":"radar-visual","status":"unresolved","evidence":"pilot-witness, radar, official-document","shape":"Huge brown or dark-red disc or bell that seemed to change shape","summary":"At 13:14 on January 28, 1994, the crew of Air France flight 3532, an Airbus A320 from Nice to London, was cruising at about 11,900 metres near Coulommiers, east of Paris, when the chief steward and both pilots saw a huge object, like a brown bell or disc, off to the left. It seemed to change shape, stayed in view for about a minute and then vanished abruptly. Reims air traffic control had no traffic there, but the military radar at Cinq-Mars-la-Pile recorded a track for about 50 seconds that crossed the airliner’s path and disappeared at the same moment the crew lost sight of the object. The radar return and the crew’s description do not agree on distance or side, which is part of why the case remains open.","explanation":"GEIPAN, the French space agency’s UAP office, classes the case as unexplained after investigation. The military radar track is real but does not match the crew’s account closely: the crew saw a stationary object far off to the left, while the radar target was about a mile to the right and moving. Both vanished at the same moment.","page":"https://domw99.github.io/Gods-Eye-UAPs/case/air-france-3532-1994/","globe":"https://domw99.github.io/Gods-Eye-UAPs/#/case/air-france-3532-1994"}},{"type":"Feature","id":"air-france-3532-1994/af3532","geometry":{"type":"LineString","coordinates":[[3.4,48.5,11887],[3.0836,48.8156,11887],[2.8,49.1,11887]]},"properties":{"case":"air-france-3532-1994","title":"Air France 3532 — radar-visual over Coulommiers","track":"af3532","label":"Air France 3532, A320 (approximate)","kind":"aircraft","basis":"approximate","seconds":[0,180,360]}},{"type":"Feature","id":"ariel-school-1994","geometry":{"type":"Point","coordinates":[31.29114,-17.86352]},"properties":{"id":"ariel-school-1994","title":"Ariel School, Ruwa","date":"1994-09-16T10:15:00+02:00","timeApproximate":false,"year":1994,"place":"Ariel School, Ruwa, Zimbabwe","countryCode":"ZW","locationPrecision":"site","category":"close-encounter","status":"disputed","evidence":"multiple-witnesses","shape":"Silver craft landing in scrub; small beings","summary":"During morning break, 62 children said a silver craft landed in bush beside the playground and one or two small figures in black watched them. Their drawings were collected within days, and Harvard psychiatrist John Mack interviewed them.","explanation":"Skeptics suggest mass suggestion after a meteor/re-entry seen across southern Africa two days earlier; many former pupils still stand by their accounts.","page":"https://domw99.github.io/Gods-Eye-UAPs/case/ariel-school-1994/","globe":"https://domw99.github.io/Gods-Eye-UAPs/#/case/ariel-school-1994"}},{"type":"Feature","id":"ba5061-manchester-1995","geometry":{"type":"Point","coordinates":[-2.12,53.26]},"properties":{"id":"ba5061-manchester-1995","title":"British Airways 5061 near miss over the Pennines","date":"1995-01-06T18:48:00+00:00","timeApproximate":false,"year":1995,"place":"About 8 nautical miles south-east of Manchester Airport","countryCode":"GB","locationPrecision":"area","category":"aviation","status":"unresolved","evidence":"pilot-witness, official-document","shape":"Wedge-shaped object with small white lights and a black stripe","summary":"At 18:48 on January 6, 1995, British Airways flight 5061, a Boeing 737 from Milan with 60 passengers aboard, was descending through about 4,000 feet over the Pennines toward Manchester when both pilots saw a lighted object pass very close down the right side, going the other way. They described it as wedge-shaped, with small white lights and a black stripe; the first officer ducked as it went by. Nothing showed on radar. The Joint Airmiss Working Group studied the report and, unable to identify the object, called it “unassessable”.","explanation":"The Civil Aviation Authority’s Joint Airmiss Working Group could not identify the object and rated the airmiss “unassessable”. No other aircraft or balloon was found, and no radar return was seen.","page":"https://domw99.github.io/Gods-Eye-UAPs/case/ba5061-manchester-1995/","globe":"https://domw99.github.io/Gods-Eye-UAPs/#/case/ba5061-manchester-1995"}},{"type":"Feature","id":"ba5061-manchester-1995/b737","geometry":{"type":"LineString","coordinates":[[-2.04,53.14,1829],[-2.12,53.26,1219],[-2.22,53.33,914]]},"properties":{"case":"ba5061-manchester-1995","title":"British Airways 5061 near miss over the Pennines","track":"b737","label":"British Airways 5061, Boeing 737 (approximate)","kind":"aircraft","basis":"approximate","seconds":[0,130,200]}},{"type":"Feature","id":"ba5061-manchester-1995/object","geometry":{"type":"LineString","coordinates":[[-2.125,53.285,1219],[-2.105,53.235,1219]]},"properties":{"case":"ba5061-manchester-1995","title":"British Airways 5061 near miss over the Pennines","track":"object","label":"Object (approximate)","kind":"uap","basis":"approximate","seconds":[128,132]}},{"type":"Feature","id":"bariloche-1995","geometry":{"type":"Point","coordinates":[-71.158,-41.151]},"properties":{"id":"bariloche-1995","title":"Bariloche — the blackout and Aerolíneas Argentinas 674","date":"1995-07-31T20:15:00-03:00","timeApproximate":false,"year":1995,"place":"San Carlos de Bariloche airport, Río Negro, Argentina","countryCode":"AR","locationPrecision":"site","category":"aviation","status":"unresolved","evidence":"pilot-witness, multiple-witnesses, em-effects","shape":"A light between white and amber, like a star but much larger; later described as green and white, about 30 m across","summary":"At about 8:15 p.m. on July 31, 1995, Aerolíneas Argentinas flight 674, a Boeing 727 from Buenos Aires under Capt. Jorge Polanco, was coming in to land at Bariloche when the airport lost power, and then the whole city went dark as the airliner neared the runway, forcing a go-around. A light “between white and amber”, like a star but much larger and brighter, then flew on a parallel course about 100 metres from the plane. When the power came back the 727 climbed to 3,000 metres, descended and landed, and the light left at full speed toward the south-east. The tower chief and the crew of a Gendarmería Cheyenne flying 600 metres higher saw it too, and the tower’s instruments swung from one direction to another for no clear reason. Interviewed in 2026, Polanco said: “It pursued us, accompanied us for 17 minutes.”","explanation":"No explanation was found. Carlos Angueira, president of a local astronomy association, rejected a meteorite or a refraction, saying such things cannot “stop in the middle of the sky”. The case drew new attention in 2026, when it appeared among the Latin American incidents in UAP files released by the Pentagon.","page":"https://domw99.github.io/Gods-Eye-UAPs/case/bariloche-1995/","globe":"https://domw99.github.io/Gods-Eye-UAPs/#/case/bariloche-1995"}},{"type":"Feature","id":"bariloche-1995/aa674","geometry":{"type":"LineString","coordinates":[[-70.85,-40.95,3658],[-71.1,-41.12,1219],[-71.3,-41.25,2987],[-71.25,-41.05,2987],[-71.158,-41.151,853]]},"properties":{"case":"bariloche-1995","title":"Bariloche — the blackout and Aerolíneas Argentinas 674","track":"aa674","label":"Aerolíneas Argentinas 674, Boeing 727 (approximate)","kind":"aircraft","basis":"approximate","seconds":[0,360,720,1080,1500]}},{"type":"Feature","id":"varginha-1996","geometry":{"type":"Point","coordinates":[-45.4303,-21.5514]},"properties":{"id":"varginha-1996","title":"Varginha \"ET\"","date":"1996-01-20T15:30:00-02:00","timeApproximate":false,"year":1996,"place":"Varginha, Minas Gerais","countryCode":"BR","locationPrecision":"city","category":"close-encounter","status":"explained","evidence":"multiple-witnesses, official-document","shape":"Crouching humanoid with red eyes","summary":"Three young women said they saw a strange creature crouched near a wall, with vein-like marks on its skin, three bumps on its head and eyes like \"two red balls\". Rumours followed of military trucks carrying captured beings, bodies at hospitals, a police officer's death and animal deaths at the zoo. It became Brazil's best-known UFO story and a local tourist theme.","explanation":"A Brazilian Army inquiry concluded that the women had seen a local man with a mental disability, known as \"Mudinho\", and that the military movements were routine.","page":"https://domw99.github.io/Gods-Eye-UAPs/case/varginha-1996/","globe":"https://domw99.github.io/Gods-Eye-UAPs/#/case/varginha-1996"}},{"type":"Feature","id":"pretoria-police-chase-1996","geometry":{"type":"Point","coordinates":[28.5208,-25.6728]},"properties":{"id":"pretoria-police-chase-1996","title":"Pretoria police helicopter chase","date":"1996-08-28T04:00:00+02:00","timeApproximate":false,"year":1996,"place":"Pretoria to Cullinan, Gauteng","countryCode":"ZA","locationPrecision":"area","category":"recurring-lights","status":"unresolved","evidence":"police-witness, video, multiple-witnesses","shape":"Bright, colour-changing light","summary":"At 4 a.m., Sgt Nico Stander of the Adriaan Vlok police station in Pretoria reported lights in the sky, which were videotaped. Some 200 officers and a Bo-105 police helicopter followed them east. The helicopter gave up at about 10,000 ft over the Cullinan area when it ran low on fuel. The lights were seen again on the nights of August 31 and September 1.","explanation":null,"page":"https://domw99.github.io/Gods-Eye-UAPs/case/pretoria-police-chase-1996/","globe":"https://domw99.github.io/Gods-Eye-UAPs/#/case/pretoria-police-chase-1996"}},{"type":"Feature","id":"pretoria-police-chase-1996/bo105","geometry":{"type":"LineString","coordinates":[[28.2293,-25.7479,1372],[28.4,-25.7,2438],[28.5208,-25.6728,3048]]},"properties":{"case":"pretoria-police-chase-1996","title":"Pretoria police helicopter chase","track":"bo105","label":"Police Bo-105 helicopter","kind":"aircraft","basis":"approximate","seconds":[0,1200,2100]}},{"type":"Feature","id":"wash-1996","geometry":{"type":"Point","coordinates":[0.25,52.9167]},"properties":{"id":"wash-1996","title":"The Wash incident","date":"1996-10-05T04:00:00+01:00","timeApproximate":true,"year":1996,"place":"The Wash, Lincolnshire coast","countryCode":"GB","locationPrecision":"area","category":"radar-visual","status":"explained","evidence":"police-witness, radar, official-document","shape":"Rotating, multicoloured light","summary":"In the early morning a police officer on the Lincolnshire coast reported a rotating, multicoloured object over The Wash. The Claxby air traffic control radar reported a return in the same area. The report went up through RAF Kinloss and MoD Northwood before the conventional explanation was accepted.","explanation":"The radar returns were at least partly explained as echoes from St Botolph's Church (\"the Boston Stump\"), and the visual sightings as stars and planets.","page":"https://domw99.github.io/Gods-Eye-UAPs/case/wash-1996/","globe":"https://domw99.github.io/Gods-Eye-UAPs/#/case/wash-1996"}},{"type":"Feature","id":"phoenix-lights-1997","geometry":{"type":"Point","coordinates":[-112.074,33.4484]},"properties":{"id":"phoenix-lights-1997","title":"Phoenix Lights","date":"1997-03-13T19:55:00-07:00","timeApproximate":false,"year":1997,"place":"Henderson, NV → Phoenix → Tucson, Arizona","countryCode":"US","locationPrecision":"city","category":"mass-sighting","status":"explained","evidence":"video, photo, multiple-witnesses","shape":"Huge V / carpenter’s square with five lights","summary":"A V-shaped formation of lights was reported moving south-east from the Nevada line, over Prescott Valley and Phoenix to Tucson. Later that night a stationary row of amber lights was widely filmed over Phoenix. The event remains one of the most-witnessed UFO events in U.S. history.","explanation":"The ~20:00–20:45 V-formation was traced to A-10 aircraft of Operation Snowbird returning to Davis-Monthan AFB; the ~22:00 row of lights filmed over Phoenix were LUU-2 flares dropped over the Barry Goldwater Range. Some witnesses, including then-governor Fife Symington, reject this.","page":"https://domw99.github.io/Gods-Eye-UAPs/case/phoenix-lights-1997/","globe":"https://domw99.github.io/Gods-Eye-UAPs/#/case/phoenix-lights-1997"}},{"type":"Feature","id":"phoenix-lights-1997/formation","geometry":{"type":"LineString","coordinates":[[-114.9817,36.0395,2438],[-112.4717,34.8836,2286],[-112.315,34.61,2134],[-112.18,33.61,1981],[-112.0116,33.4342,1981],[-110.9747,32.2226,1829]]},"properties":{"case":"phoenix-lights-1997","title":"Phoenix Lights","track":"formation","label":"V-formation (reported path)","kind":"uap","basis":"witness-reports","seconds":[0,1200,1380,2400,2820,4200]}},{"type":"Feature","id":"phoenix-lights-1997/flares","geometry":{"type":"LineString","coordinates":[[-112.55,33.2,3658],[-112.55,33.2,2134]]},"properties":{"case":"phoenix-lights-1997","title":"Phoenix Lights","track":"flares","label":"~22:00 flares (Barry Goldwater Range)","kind":"uap","basis":"official-report","seconds":[7500,8400]}},{"type":"Feature","id":"southern-illinois-2000","geometry":{"type":"Point","coordinates":[-89.808,38.604]},"properties":{"id":"southern-illinois-2000","title":"Southern Illinois police sightings","date":"2000-01-05T04:00:00-06:00","timeApproximate":false,"year":2000,"place":"Highland → Lebanon → Shiloh → Dupo, Illinois","countryCode":"US","locationPrecision":"area","category":"mass-sighting","status":"disputed","evidence":"police-witness, multiple-witnesses","shape":"Huge triangle / \"arrowhead\" with bright lights","summary":"Before dawn, a store owner in Highland and then police officers in Lebanon, Summerfield, Shiloh and Dupo independently reported a large, low triangular object with bright lights moving south-west toward Scott AFB and the Mississippi.","explanation":"The FAA suggested an advertising blimp; the officers’ descriptions of speed and size are hard to reconcile with that.","page":"https://domw99.github.io/Gods-Eye-UAPs/case/southern-illinois-2000/","globe":"https://domw99.github.io/Gods-Eye-UAPs/#/case/southern-illinois-2000"}},{"type":"Feature","id":"southern-illinois-2000/object","geometry":{"type":"LineString","coordinates":[[-89.6712,38.7395,305],[-89.8081,38.6056,305],[-89.8973,38.5614,305],[-90.2109,38.5156,305]]},"properties":{"case":"southern-illinois-2000","title":"Southern Illinois police sightings","track":"object","label":"Triangle (police reports)","kind":"uap","basis":"witness-reports","seconds":[0,600,900,1320]}},{"type":"Feature","id":"campeche-2004","geometry":{"type":"Point","coordinates":[-91.2,18.7]},"properties":{"id":"campeche-2004","title":"Mexican Air Force FLIR — Campeche","date":"2004-03-05T17:00:00-06:00","timeApproximate":false,"year":2004,"place":"Southern Campeche, Mexico","countryCode":"MX","locationPrecision":"area","category":"photo-video","status":"explained","evidence":"video, sensor-data, military-witness, official-document","shape":"11 bright infrared lights","summary":"A Mexican Air Force surveillance aircraft hunting drug flights recorded 11 bright objects on its infrared camera at about 11,500 ft. The Defence Department released the tape on 12 May 2004.","explanation":"Most analysts identified the lights as gas flares on Cantarell offshore oil platforms seen over the horizon by the infrared camera.","page":"https://domw99.github.io/Gods-Eye-UAPs/case/campeche-2004/","globe":"https://domw99.github.io/Gods-Eye-UAPs/#/case/campeche-2004"}},{"type":"Feature","id":"tinley-park-2004","geometry":{"type":"Point","coordinates":[-87.7845,41.5731]},"properties":{"id":"tinley-park-2004","title":"Tinley Park lights","date":"2004-08-21T21:30:00-05:00","timeApproximate":false,"year":2004,"place":"Tinley Park and Oak Forest, Illinois","countryCode":"US","locationPrecision":"city","category":"recurring-lights","status":"disputed","evidence":"video, multiple-witnesses","shape":"Three to four red lights in a triangle","summary":"On the evening of August 21, 2004, hundreds of people in Chicago's south suburbs watched three large red lights in a triangle drift slowly and silently across the sky. Many filmed them. The lights returned on October 31, 2004 and on several nights in 2005 and 2006, and appeared on national television. They are a prominent \"black triangle\" style case with plenty of video.","explanation":"Commonly attributed to balloons or kites carrying lights or flares, which match the slow drift and the colour. No one has come forward, and the cause has not been confirmed.","page":"https://domw99.github.io/Gods-Eye-UAPs/case/tinley-park-2004/","globe":"https://domw99.github.io/Gods-Eye-UAPs/#/case/tinley-park-2004"}},{"type":"Feature","id":"nimitz-tic-tac-2004","geometry":{"type":"Point","coordinates":[-117.8,31.3]},"properties":{"id":"nimitz-tic-tac-2004","title":"USS Nimitz \"Tic Tac\"","date":"2004-11-14T14:00:00-08:00","timeApproximate":false,"year":2004,"place":"Pacific Ocean ~100 mi SW of San Diego","countryCode":"US","locationPrecision":"area","category":"military-encounter","status":"unresolved","evidence":"video, sensor-data, radar, pilot-witness, military-witness, official-document","shape":"White, smooth 40-ft \"Tic Tac\"","summary":"For days the cruiser USS Princeton’s SPY-1 radar tracked objects appearing at about 80,000 ft, dropping rapidly toward the sea and hovering. On 14 November, Cdr. David Fravor and Lt. Cdr. Alex Dietrich were vectored to a contact and saw a white Tic Tac-shaped object above a churning patch of ocean. It mirrored Fravor’s descent, then accelerated away; seconds later Princeton reported it at the pilots’ CAP point ~60 miles away. A later sortie filmed the FLIR1 video.","explanation":"The Pentagon released the FLIR1 video in 2020 and describes the object as unidentified. Skeptics argue the FLIR clip shows a distant aircraft; the pilots’ visual account is independent of the video.","page":"https://domw99.github.io/Gods-Eye-UAPs/case/nimitz-tic-tac-2004/","globe":"https://domw99.github.io/Gods-Eye-UAPs/#/case/nimitz-tic-tac-2004"}},{"type":"Feature","id":"nimitz-tic-tac-2004/tictac","geometry":{"type":"LineString","coordinates":[[-117.8,31.3,24384],[-117.8,31.3,6096],[-117.8,31.3,15],[-117.79,31.3,3658],[-117.77,31.29,4267],[-118.6,31.9,6096]]},"properties":{"case":"nimitz-tic-tac-2004","title":"USS Nimitz \"Tic Tac\"","track":"tictac","label":"Tic Tac (radar + visual)","kind":"uap","basis":"reconstruction","seconds":[0,1,120,240,250,290]}},{"type":"Feature","id":"nimitz-tic-tac-2004/fravor","geometry":{"type":"LineString","coordinates":[[-117.95,31.45,6096],[-117.82,31.32,6096],[-117.8,31.3,3658],[-117.78,31.28,3658],[-118.6,31.9,6096]]},"properties":{"case":"nimitz-tic-tac-2004","title":"USS Nimitz \"Tic Tac\"","track":"fravor","label":"Cdr. Fravor — F/A-18F","kind":"aircraft","basis":"reconstruction","seconds":[0,120,210,250,540]}},{"type":"Feature","id":"ohare-2006","geometry":{"type":"Point","coordinates":[-87.9048,41.9786]},"properties":{"id":"ohare-2006","title":"Chicago O’Hare disc","date":"2006-11-07T16:15:00-06:00","timeApproximate":false,"year":2006,"place":"O’Hare International Airport, Gate C-17","countryCode":"US","locationPrecision":"site","category":"aviation","status":"disputed","evidence":"pilot-witness, multiple-witnesses, official-document","shape":"Dark grey metallic disc, 6–24 ft","summary":"A ramp worker pushing back United Flight 446 saw a dark disc hovering low over Gate C-17; pilots, supervisors and mechanics came out to watch. Witnesses said it shot straight up through the overcast, leaving a clear hole in the clouds that closed moments later. The story emerged via a Chicago Tribune FOIA request.","explanation":"The FAA called it a \"weather phenomenon\" and did not investigate; conditions suited a hole-punch cloud. Nothing appeared on radar.","page":"https://domw99.github.io/Gods-Eye-UAPs/case/ohare-2006/","globe":"https://domw99.github.io/Gods-Eye-UAPs/#/case/ohare-2006"}},{"type":"Feature","id":"ohare-2006/disc","geometry":{"type":"LineString","coordinates":[[-87.9048,41.9786,457],[-87.9048,41.9786,579],[-87.9048,41.9786,2438]]},"properties":{"case":"ohare-2006","title":"Chicago O’Hare disc","track":"disc","label":"Disc","kind":"uap","basis":"witness-reports","seconds":[0,280,300]}},{"type":"Feature","id":"alderney-2007","geometry":{"type":"Point","coordinates":[-2.3667,49.7]},"properties":{"id":"alderney-2007","title":"Alderney airline sighting","date":"2007-04-23T14:10:00+01:00","timeApproximate":false,"year":2007,"place":"English Channel near Alderney & Guernsey","countryCode":"GG","locationPrecision":"area","category":"aviation","status":"unresolved","evidence":"pilot-witness, multiple-witnesses, radar, official-document","shape":"Two bright yellow cigar/disc shapes with dark bands","summary":"Flying an Aurigny Trislander from Southampton to Alderney, Capt. Ray Bowyer saw two very large, brilliant yellow objects apparently stationary over the sea, confirmed by passengers and by the pilot of another aircraft. He filed an official report with the Civil Aviation Authority.","explanation":"Jersey radar showed only a faint primary return; proposed explanations include earthquake lights and sun dogs.","page":"https://domw99.github.io/Gods-Eye-UAPs/case/alderney-2007/","globe":"https://domw99.github.io/Gods-Eye-UAPs/#/case/alderney-2007"}},{"type":"Feature","id":"alderney-2007/trislander","geometry":{"type":"LineString","coordinates":[[-1.3568,50.9503,0],[-1.9,50.2,1219],[-2.2147,49.7061,84]]},"properties":{"case":"alderney-2007","title":"Alderney airline sighting","track":"trislander","label":"Aurigny Trislander","kind":"aircraft","basis":"flight-plan","seconds":[0,1800,3000]}},{"type":"Feature","id":"alderney-2007/objects","geometry":{"type":"LineString","coordinates":[[-2.6,49.6,610],[-2.6,49.6,610]]},"properties":{"case":"alderney-2007","title":"Alderney airline sighting","track":"objects","label":"Two objects (stationary)","kind":"uap","basis":"witness-reports","seconds":[1800,2340]}},{"type":"Feature","id":"stephenville-2008","geometry":{"type":"Point","coordinates":[-98.2023,32.2207]},"properties":{"id":"stephenville-2008","title":"Stephenville, Texas","date":"2008-01-08T18:15:00-06:00","timeApproximate":false,"year":2008,"place":"Stephenville / Dublin, Erath County, Texas","countryCode":"US","locationPrecision":"city","category":"mass-sighting","status":"disputed","evidence":"radar, multiple-witnesses, police-witness, pilot-witness","shape":"Huge, silent, lit object up to a mile long","summary":"Dozens of people around Stephenville, including a private pilot and a local constable, reported a very large, silent object with bright lights followed by fighter jets. FOIA radar records later analysed by MUFON showed unidentified returns in the area.","explanation":"The Air Force said F-16s from the 457th Fighter Squadron were training in the area. A MUFON analysis of FAA radar data claimed an untransponded target heading toward the Crawford ranch; this is not officially confirmed.","page":"https://domw99.github.io/Gods-Eye-UAPs/case/stephenville-2008/","globe":"https://domw99.github.io/Gods-Eye-UAPs/#/case/stephenville-2008"}},{"type":"Feature","id":"stephenville-2008/object","geometry":{"type":"LineString","coordinates":[[-98.2,32.3,914],[-98.35,32.1,914],[-98,31.9,1219],[-97.53,31.58,1219]]},"properties":{"case":"stephenville-2008","title":"Stephenville, Texas","track":"object","label":"Object (radar/witness analysis)","kind":"uap","basis":"reconstruction","seconds":[0,1200,2700,3900]}},{"type":"Feature","id":"claudio-2008","geometry":{"type":"Point","coordinates":[-44.7672,-20.4436]},"properties":{"id":"claudio-2008","title":"Cláudio — Military Police report","date":"2008-11-19T22:00:00-02:00","timeApproximate":true,"year":2008,"place":"Cláudio, Minas Gerais","countryCode":"BR","locationPrecision":"city","category":"close-encounter","status":"unresolved","evidence":"police-witness, photo, official-document, multiple-witnesses","shape":"Luminous figures; lights in the sky","summary":"Over the night of November 19–20, 2008, officers of the Minas Gerais Military Police said they chased luminous humanoid figures and photographed lights in the sky around the town of Cláudio. Seven officers signed the report, which includes three photographs and a police incident record.","explanation":null,"page":"https://domw99.github.io/Gods-Eye-UAPs/case/claudio-2008/","globe":"https://domw99.github.io/Gods-Eye-UAPs/#/case/claudio-2008"}},{"type":"Feature","id":"morristown-hoax-2009","geometry":{"type":"Point","coordinates":[-74.4773,40.7966]},"properties":{"id":"morristown-hoax-2009","title":"Morristown lights (admitted hoax)","date":"2009-01-05T20:15:00-05:00","timeApproximate":false,"year":2009,"place":"Morris County, New Jersey","countryCode":"US","locationPrecision":"city","category":"recurring-lights","status":"explained","evidence":"video, photo, multiple-witnesses, police-witness","shape":"Five red lights in a line and arc","summary":"Around 8:15 p.m. on January 5, 2009, residents of Hanover Township, Morristown and nearby towns saw five red lights hanging in the sky and called 9-1-1. Tower staff at Morristown Airport also saw them, but radar showed nothing. TV news and UFO groups covered the lights, and they returned on four more nights. The two men who launched the balloons had also given TV interviews posing as witnesses. They called it a social experiment to show how unreliable eyewitness claims can be.","explanation":"Hoax. Joe Rudy and Chris Russo tied road flares to helium balloons and released them on five nights, then revealed it on April 1, 2009 with video of the launches. They were fined for disorderly conduct.","page":"https://domw99.github.io/Gods-Eye-UAPs/case/morristown-hoax-2009/","globe":"https://domw99.github.io/Gods-Eye-UAPs/#/case/morristown-hoax-2009"}},{"type":"Feature","id":"norwegian-spiral-2009","geometry":{"type":"Point","coordinates":[18.9556,69.6517]},"properties":{"id":"norwegian-spiral-2009","title":"Norwegian spiral","date":"2009-12-09T07:50:00+01:00","timeApproximate":false,"year":2009,"place":"Northern Norway and Sweden (seen from Troms and Finnmark)","countryCode":"NO","locationPrecision":"region","category":"photo-video","status":"identified","evidence":"photo, video, multiple-witnesses, official-document","shape":"Blue beam with an expanding white spiral","summary":"Before sunrise on December 9, 2009, people across northern Norway saw a blue-white light rise from behind the mountains, stop, and begin to spin. A glowing spiral grew outward and dissolved into a black hole-like disc. Photos and video went worldwide within hours. Astrophysicist Jonathan McDowell quickly suggested a failed Russian missile, and Moscow confirmed a Bulava test failure.","explanation":"A failed test of a Russian RSM-56 Bulava submarine-launched missile from the White Sea: the third stage malfunctioned, and the spinning missile sprayed fuel in a spiral lit by the Sun. The Russian Defence Ministry confirmed the failure the next day.","page":"https://domw99.github.io/Gods-Eye-UAPs/case/norwegian-spiral-2009/","globe":"https://domw99.github.io/Gods-Eye-UAPs/#/case/norwegian-spiral-2009"}},{"type":"Feature","id":"norwegian-spiral-2009/bulava","geometry":{"type":"LineString","coordinates":[[37,65.2,0],[38.6,66.2,91440],[40,67,213360]]},"properties":{"case":"norwegian-spiral-2009","title":"Norwegian spiral","track":"bulava","label":"Bulava missile (failed)","kind":"rocket","basis":"approximate","seconds":[0,180,360]}},{"type":"Feature","id":"xiaoshan-2010","geometry":{"type":"Point","coordinates":[120.4344,30.2295]},"properties":{"id":"xiaoshan-2010","title":"Hangzhou Xiaoshan Airport closure","date":"2010-07-07T20:40:00+08:00","timeApproximate":false,"year":2010,"place":"Hangzhou Xiaoshan International Airport","countryCode":"CN","locationPrecision":"site","category":"aviation","status":"disputed","evidence":"multiple-witnesses, official-document","shape":"Bright object over the airport","summary":"A bright unidentified object above the airport led authorities to close Xiaoshan and divert flights for about an hour.","explanation":"Chinese UFO research groups found no radar images and concluded the object was probably an aircraft, possibly military.","page":"https://domw99.github.io/Gods-Eye-UAPs/case/xiaoshan-2010/","globe":"https://domw99.github.io/Gods-Eye-UAPs/#/case/xiaoshan-2010"}},{"type":"Feature","id":"aguadilla-2013","geometry":{"type":"Point","coordinates":[-67.1294,18.4949]},"properties":{"id":"aguadilla-2013","title":"Aguadilla thermal video (DHS)","date":"2013-04-25T21:20:00-04:00","timeApproximate":false,"year":2013,"place":"Rafael Hernández Airport, Aguadilla, Puerto Rico","countryCode":"PR","locationPrecision":"site","category":"photo-video","status":"explained","evidence":"video, sensor-data, official-document","shape":"Small hot object; appears to enter and exit the sea","summary":"A Customs and Border Protection DHC-8 recorded a small, hot object crossing the airport and heading out over the ocean, where it appeared to plunge into the water and re-emerge. The leaked video became a staple of UAP analysis; AARO published a 3D reconstruction video in 2025.","explanation":"AARO assesses with high confidence the objects showed no anomalous speed or behaviour: a reconstruction of the sensor’s look angle shows two objects travelling near each other in a straight line at wind speed, never entering the water. Its case resolution assesses with moderate confidence that they were a pair of sky lanterns. Some independent analysts still dispute this.","page":"https://domw99.github.io/Gods-Eye-UAPs/case/aguadilla-2013/","globe":"https://domw99.github.io/Gods-Eye-UAPs/#/case/aguadilla-2013"}},{"type":"Feature","id":"aguadilla-2013/object","geometry":{"type":"LineString","coordinates":[[-67.14,18.487,122],[-67.128,18.495,137],[-67.12,18.51,152],[-67.113,18.522,152]]},"properties":{"case":"aguadilla-2013","title":"Aguadilla thermal video (DHS)","track":"object","label":"Objects (approximate path; AARO: moving at wind speed)","kind":"balloon","basis":"approximate","seconds":[0,60,120,180]}},{"type":"Feature","id":"chile-navy-2014","geometry":{"type":"Point","coordinates":[-71.58,-33.19]},"properties":{"id":"chile-navy-2014","title":"Chilean Navy helicopter FLIR video","date":"2014-11-11T13:48:00-03:00","timeApproximate":false,"year":2014,"place":"Coast between San Antonio and Quinteros, Chile","countryCode":"CL","locationPrecision":"area","category":"military-encounter","status":"disputed","evidence":"video, sensor-data, military-witness, official-document","shape":"Flat, elongated object with two hot discharges","summary":"On November 11, 2014 a Chilean Navy helicopter on coastal patrol west of Santiago, at about 4,500 feet, picked up an unknown object on its high-definition infrared camera. The two-man crew also saw it with the naked eye for more than ten minutes. The captain described a flat, elongated object with two thermal discharges that did not line up with its direction of travel, and the video shows what looks like a chemical plume. The Navy’s aerial-phenomena office CEFAA examined it and later released the footage, saying it could not be sure what it was. Sceptics later said the images match the contrail of a distant aircraft.","explanation":"Chile’s aerial-phenomena office (CEFAA) left the case open because it could not be certain of the object’s nature. Later analyses by sceptics proposed an aircraft’s contrail and exhaust seen by infrared as the likely cause.","page":"https://domw99.github.io/Gods-Eye-UAPs/case/chile-navy-2014/","globe":"https://domw99.github.io/Gods-Eye-UAPs/#/case/chile-navy-2014"}},{"type":"Feature","id":"chile-navy-2014/cougar","geometry":{"type":"LineString","coordinates":[[-71.62,-33.59,1372],[-71.58,-33.19,1372],[-71.53,-32.78,1372]]},"properties":{"case":"chile-navy-2014","title":"Chilean Navy helicopter FLIR video","track":"cougar","label":"Navy helicopter (approximate patrol)","kind":"aircraft","basis":"approximate","seconds":[0,480,960]}},{"type":"Feature","id":"gimbal-gofast-2015","geometry":{"type":"Point","coordinates":[-80.2,30.3]},"properties":{"id":"gimbal-gofast-2015","title":"USS Theodore Roosevelt — Gimbal & GoFast","date":"2015-01-21T10:00:00-05:00","timeApproximate":true,"year":2015,"place":"Atlantic warning areas off Jacksonville, Florida","countryCode":"US","locationPrecision":"area","category":"military-encounter","status":"disputed","evidence":"video, sensor-data, radar, pilot-witness, military-witness, official-document","shape":"Rotating lozenge (Gimbal); small fast object (GoFast)","summary":"In 2014–2015 F/A-18F crews of the Roosevelt strike group reported frequent unknown objects on their upgraded APG-79 radars off the East Coast. Two ATFLIR clips — \"Gimbal\", with a crew member exclaiming about \"a whole fleet of them\", and \"GoFast\", a small object skimming over the ocean — were released by the Pentagon in April 2020.","explanation":"Both videos were officially released and remain \"unidentified\" per DoD. Analysts such as Mick West argue GoFast shows a slow object (e.g. a balloon) at ~13,000 ft that only looks fast and low because of parallax, and that Gimbal’s rotation is a glare artifact of the ATFLIR pod. AARO later published a case resolution for GoFast worked out from the sensor’s geometry and the winds aloft.","page":"https://domw99.github.io/Gods-Eye-UAPs/case/gimbal-gofast-2015/","globe":"https://domw99.github.io/Gods-Eye-UAPs/#/case/gimbal-gofast-2015"}},{"type":"Feature","id":"ireland-pilots-2018","geometry":{"type":"Point","coordinates":[-11.5,52]},"properties":{"id":"ireland-pilots-2018","title":"Ireland — airline pilots report fast lights","date":"2018-11-09T06:47:00+00:00","timeApproximate":false,"year":2018,"place":"Atlantic off County Kerry, Ireland","countryCode":"IE","locationPrecision":"area","category":"aviation","status":"disputed","evidence":"pilot-witness, audio","shape":"Very bright lights moving at high speed","summary":"At about 6:47 on the morning of November 9, 2018 the pilot of a British Airways flight from Montreal to London radioed Shannon air traffic control to ask whether military exercises were under way. A “very bright light” had come up on the left of the aircraft and “rapidly veered to the north”, then disappeared at very high speed. The crew of a Virgin Atlantic flight reported two bright lights that banked to the right and climbed away at what the pilot called “astronomical” speed, “like Mach 2”. Controllers saw nothing on radar, and no military exercises were taking place. The Irish Aviation Authority said it would investigate by confidentially interviewing the pilots. More than one crew reported it, and the story was carried by news outlets around the world.","explanation":"One pilot suggested a meteor or an object in re-entry, and an astronomer at the Armagh Observatory said the lights were most likely meteors. Air traffic control saw nothing on radar and no military exercises were running, so nothing has been confirmed.","page":"https://domw99.github.io/Gods-Eye-UAPs/case/ireland-pilots-2018/","globe":"https://domw99.github.io/Gods-Eye-UAPs/#/case/ireland-pilots-2018"}},{"type":"Feature","id":"uss-omaha-russell-2019","geometry":{"type":"Point","coordinates":[-117.6,32.5]},"properties":{"id":"uss-omaha-russell-2019","title":"USS Omaha sphere & USS Russell \"pyramids\"","date":"2019-07-15T23:00:00-07:00","timeApproximate":true,"year":2019,"place":"Off San Diego, California","countryCode":"US","locationPrecision":"area","category":"military-encounter","status":"disputed","evidence":"video, military-witness, radar, official-document","shape":"Spherical object descending into the sea; flashing pyramid shapes","summary":"During July 2019, several Navy ships off Southern California reported drone-like objects around them at night. A CIC video from USS Omaha shows a sphere flying over the ocean and apparently descending into the water; night-vision footage from USS Russell shows blinking pyramid-shaped lights. Both leaked in 2021 and were confirmed as authentic Navy footage.","explanation":"The Pentagon confirmed the leaked clips were taken by Navy personnel. Analysts attribute the \"pyramids\" to the triangular aperture of a night-vision lens (bokeh) on aircraft/stars, and the Omaha sphere to a distant aircraft or balloon.","page":"https://domw99.github.io/Gods-Eye-UAPs/case/uss-omaha-russell-2019/","globe":"https://domw99.github.io/Gods-Eye-UAPs/#/case/uss-omaha-russell-2019"}},{"type":"Feature","id":"colorado-drones-2019","geometry":{"type":"Point","coordinates":[-102.3,40.58]},"properties":{"id":"colorado-drones-2019","title":"Colorado and Nebraska drone swarms","date":"2019-12-20T19:00:00-07:00","timeApproximate":true,"year":2019,"place":"Phillips County and the plains of north-eastern Colorado","countryCode":"US","locationPrecision":"region","category":"recurring-lights","status":"disputed","evidence":"video, photo, multiple-witnesses, police-witness, official-document","shape":"Drones with a wingspan of about 6 ft and blinking lights, in groups of six to ten, flying grid patterns","summary":"In December 2019, residents and deputies in north-eastern Colorado and western Nebraska began reporting drones with wingspans of about six feet flying in groups of six to ten, at 200 to 500 feet, in grid patterns across the plains, mostly between about 7 and 10 p.m.; one witness counted 19. County sheriffs asked the public for information, and more than 70 local, state and federal agencies met in Brush on January 6, 2020. The FAA said no drone company or test site had authorized flights there, and the Air Force, which had run counter-drone exercises at F. E. Warren AFB, would neither claim nor deny the drones. As the sightings spread, more and more turned out to be planets, stars and airliners, and the state ended its search later that month.","explanation":"State and federal agencies found that most reports were planets, stars, aircraft and hobby drones, and the Colorado Department of Public Safety stood its effort down in January 2020. The large, grid-flying drones of the first reports were never tied to an operator.","page":"https://domw99.github.io/Gods-Eye-UAPs/case/colorado-drones-2019/","globe":"https://domw99.github.io/Gods-Eye-UAPs/#/case/colorado-drones-2019"}},{"type":"Feature","id":"aa2292-2021","geometry":{"type":"Point","coordinates":[-104,36.4]},"properties":{"id":"aa2292-2021","title":"American Airlines 2292 — “cruise-missile type of thing”","date":"2021-02-21T12:29:00-07:00","timeApproximate":false,"year":2021,"place":"Northeastern New Mexico, at about 36,000 ft","countryCode":"US","locationPrecision":"area","category":"aviation","status":"unresolved","evidence":"pilot-witness, audio","shape":"Long cylinder, “almost like a cruise missile”","summary":"On February 21, 2021, at about 12:29 p.m. local time, the crew of American Airlines Flight 2292, an Airbus A320 flying from Cincinnati to Phoenix at about 36,000 feet over the north-east corner of New Mexico, radioed: “Do you have any targets up here? We just had something go right over the top of us. I hate to say this, but it looked like a long cylindrical object that almost looked like a cruise missile type of thing, moving really fast right over the top of us.” The transmission was recorded by Steve Douglass, a radio listener. American Airlines at first denied that it was authentic, then confirmed that it was from Flight 2292 after talking to the crew. The FAA said controllers saw nothing on radar, and the Pentagon said it had no tests in the area.","explanation":"No explanation has been given. The FAA said air traffic controllers saw no object on their radar. The Pentagon said the military was not conducting tests in the area that day, and the FBI said it was aware of the report.","page":"https://domw99.github.io/Gods-Eye-UAPs/case/aa2292-2021/","globe":"https://domw99.github.io/Gods-Eye-UAPs/#/case/aa2292-2021"}},{"type":"Feature","id":"western-us-range-2021","geometry":{"type":"Point","coordinates":[-117,38.5]},"properties":{"id":"western-us-range-2021","title":"Three objects on a Western U.S. military range","date":"2021-06-01T12:00:00-07:00","timeApproximate":true,"year":2021,"place":"Military range, Western United States (withheld)","countryCode":"US","locationPrecision":"region","category":"photo-video","status":"explained","evidence":"video, sensor-data, radar, official-document","shape":"Three small dots on infrared","summary":"Shown by AARO at NASA’s UAP Independent Study Team public meeting (May 31, 2023) as an example of a resolved case: three unidentified infrared dots turned out to be three separate commercial aircraft at great distance.","explanation":"AARO matched the three dots to commercial airliners far from the infrared sensor using flight and radar data.","page":"https://domw99.github.io/Gods-Eye-UAPs/case/western-us-range-2021/","globe":"https://domw99.github.io/Gods-Eye-UAPs/#/case/western-us-range-2021"}},{"type":"Feature","id":"mq9-middle-east-orb-2022","geometry":{"type":"Point","coordinates":[43.8,33.4]},"properties":{"id":"mq9-middle-east-orb-2022","title":"MQ-9 \"Middle East orb\"","date":"2022-07-12T12:00:00+03:00","timeApproximate":true,"year":2022,"place":"Middle East (exact location withheld)","countryCode":"XX","locationPrecision":"region","category":"photo-video","status":"unresolved","evidence":"video, sensor-data, official-document","shape":"Silver, orb-like object","summary":"Shown by AARO director Sean Kirkpatrick at the April 19, 2023 Senate Armed Services hearing: an MQ-9 Reaper’s sensor briefly tracks a silver orb crossing its field of view — typical of the many reports AARO receives with minimal data.","explanation":"AARO: the object did not show anomalous behaviour but remains unidentified for lack of data.","page":"https://domw99.github.io/Gods-Eye-UAPs/case/mq9-middle-east-orb-2022/","globe":"https://domw99.github.io/Gods-Eye-UAPs/#/case/mq9-middle-east-orb-2022"}},{"type":"Feature","id":"mq9-south-asia-2023","geometry":{"type":"Point","coordinates":[70,28]},"properties":{"id":"mq9-south-asia-2023","title":"MQ-9 records object with \"wake\" — South Asia","date":"2023-01-15T12:00:00+05:00","timeApproximate":true,"year":2023,"place":"South Asia (exact location withheld)","countryCode":"XX","locationPrecision":"region","category":"photo-video","status":"explained","evidence":"video, sensor-data, official-document","shape":"Object with apparent atmospheric wake","summary":"An MQ-9 filming another MQ-9 caught an object with an apparent wake crossing the frame. AARO showed it at the April 2023 Senate hearing and released both clips.","explanation":"AARO resolved the case in February 2024 (“Atmospheric Wakes”): frame-by-frame analysis and flight data showed a commuter aircraft flying near the two MQ-9s, and the apparent wake was the heat signature from its engines.","page":"https://domw99.github.io/Gods-Eye-UAPs/case/mq9-south-asia-2023/","globe":"https://domw99.github.io/Gods-Eye-UAPs/#/case/mq9-south-asia-2023"}},{"type":"Feature","id":"chinese-balloon-2023","geometry":{"type":"Point","coordinates":[-78.6,33.57]},"properties":{"id":"chinese-balloon-2023","title":"Chinese surveillance balloon","date":"2023-01-28T12:00:00-09:00","timeApproximate":true,"year":2023,"place":"Aleutians → Montana → Carolina coast","countryCode":"US","locationPrecision":"area","category":"object-event","status":"identified","evidence":"photo, video, radar, official-document, physical-trace","shape":"Large white balloon with solar-array payload","summary":"A high-altitude balloon from China crossed into U.S. airspace north of the Aleutians, drifted over Canada, passed over Malmstrom AFB in Montana and across the continent before being shot down off South Carolina. The event prompted NORAD to re-tune its radars, which led to the February 10–12 shoot-downs of three smaller unidentified objects.","explanation":"A PRC high-altitude surveillance balloon; shot down by an F-22 AIM-9X off Surfside Beach, South Carolina, and recovered by the U.S. Navy.","page":"https://domw99.github.io/Gods-Eye-UAPs/case/chinese-balloon-2023/","globe":"https://domw99.github.io/Gods-Eye-UAPs/#/case/chinese-balloon-2023"}},{"type":"Feature","id":"chinese-balloon-2023/balloon","geometry":{"type":"LineString","coordinates":[[-168.5,53.5,18288],[-150,64,18288],[-133,63,18288],[-118.5,55.5,18288],[-111.2,47.5,18288],[-97,40.5,18288],[-92.5,38.6,18288],[-84,35.2,18288],[-78.6,33.57,18288]]},"properties":{"case":"chinese-balloon-2023","title":"Chinese surveillance balloon","track":"balloon","label":"PRC balloon (approximate public track)","kind":"balloon","basis":"approximate","seconds":[0,129600,190080.00000000003,276480,354239.99999999994,475200,527040,561600,599940]}},{"type":"Feature","id":"north-american-shootdowns-2023","geometry":{"type":"Point","coordinates":[-82.6,45.35]},"properties":{"id":"north-american-shootdowns-2023","title":"February 2023 shoot-downs (Alaska, Yukon, Lake Huron)","date":"2023-02-10T13:45:00-09:00","timeApproximate":false,"year":2023,"place":"Deadhorse AK · Yukon · Lake Huron","countryCode":"US","locationPrecision":"area","category":"object-event","status":"unresolved","evidence":"radar, video, pilot-witness, official-document","shape":"Small octagonal / cylindrical objects at 20,000–40,000 ft","summary":"After re-tuning radars following the Chinese balloon, NORAD detected and shot down three small objects in three days: off Deadhorse, Alaska (Feb 10), over central Yukon (Feb 11) and over Lake Huron (Feb 12). The first AIM-9X fired at the Lake Huron object missed. Debris was never recovered.","explanation":"The White House said the three objects were most likely benign commercial or research balloons; none was recovered. An infrared video of the Lake Huron shoot-down was released in 2026 as DOW-UAP-PR071.","page":"https://domw99.github.io/Gods-Eye-UAPs/case/north-american-shootdowns-2023/","globe":"https://domw99.github.io/Gods-Eye-UAPs/#/case/north-american-shootdowns-2023"}},{"type":"Feature","id":"colorado-springs-2023","geometry":{"type":"Point","coordinates":[-104.8214,38.8339]},"properties":{"id":"colorado-springs-2023","title":"Colorado Springs law-enforcement videos","date":"2023-10-01T20:00:00-06:00","timeApproximate":true,"year":2023,"place":"Colorado Springs, Colorado","countryCode":"US","locationPrecision":"city","category":"photo-video","status":"unresolved","evidence":"video, police-witness, official-document","shape":"Silent lights flashing red, blue and green; triangle reports","summary":"The first local law-enforcement UAP files released by the U.S. government: cell-phone videos an officer submitted to AARO showing silent flashing lights, plus separate FBI interviews and renderings of triangle-shaped UAP seen over Colorado Springs in October 2023.","explanation":"Released by AARO/PURSUE as unresolved reports from a local law-enforcement officer; no determination published.","page":"https://domw99.github.io/Gods-Eye-UAPs/case/colorado-springs-2023/","globe":"https://domw99.github.io/Gods-Eye-UAPs/#/case/colorado-springs-2023"}},{"type":"Feature","id":"imphal-2023","geometry":{"type":"Point","coordinates":[93.8967,24.76]},"properties":{"id":"imphal-2023","title":"Imphal airport UFO — Rafales scrambled","date":"2023-11-19T14:30:00+05:30","timeApproximate":false,"year":2023,"place":"Bir Tikendrajit International Airport, Imphal, Manipur","countryCode":"IN","locationPrecision":"site","category":"military-encounter","status":"unresolved","evidence":"multiple-witnesses, military-witness, official-document","shape":"Small white object","summary":"An unidentified object seen near Imphal airport in the afternoon led the authorities to halt flights. Departures were delayed and arrivals diverted for about three hours. The Indian Air Force scrambled two Rafale fighters from a nearby base, which searched the area and found nothing. The object was not seen again.","explanation":null,"page":"https://domw99.github.io/Gods-Eye-UAPs/case/imphal-2023/","globe":"https://domw99.github.io/Gods-Eye-UAPs/#/case/imphal-2023"}},{"type":"Feature","id":"langley-drones-2023","geometry":{"type":"Point","coordinates":[-76.36,37.083]},"properties":{"id":"langley-drones-2023","title":"Langley Air Force Base drone incursions","date":"2023-12-06T17:45:00-05:00","timeApproximate":true,"year":2023,"place":"Joint Base Langley-Eustis, Hampton, Virginia","countryCode":"US","locationPrecision":"site","category":"military-encounter","status":"unresolved","evidence":"military-witness, official-document","shape":"Drones of several sizes; the first reportedly about 20 ft long","summary":"From the evening of December 6, 2023, unauthorized drones flew over Langley Air Force Base, home of F-22 Raptor squadrons, across Hampton Roads from the Navy’s largest base at Norfolk, on and off for 17 days. The Wall Street Journal later reported that they typically arrived 45 minutes to an hour after sunset, that the first was about 20 feet long and flew at 3,000 to 4,000 feet, and that a dozen or more smaller drones followed. The Pentagon confirmed the incursions in October 2024. Gen. Glen VanHerck, who led NORAD at the time, later said the military had warned for years that it was not ready for this threat; he gave no new details about who was operating the drones.","explanation":"The Pentagon confirmed the incursions in October 2024 and said the drones did not appear to show hostile intent, but neither it nor NORAD has said who flew them.","page":"https://domw99.github.io/Gods-Eye-UAPs/case/langley-drones-2023/","globe":"https://domw99.github.io/Gods-Eye-UAPs/#/case/langley-drones-2023"}},{"type":"Feature","id":"tyndall-tic-tac-2024","geometry":{"type":"Point","coordinates":[-85.5754,30.0696]},"properties":{"id":"tyndall-tic-tac-2024","title":"Tyndall \"Tic Tac\" — USCG C-144","date":"2024-04-24T12:00:00-05:00","timeApproximate":true,"year":2024,"place":"Southeastern U.S., near Tyndall AFB, Florida","countryCode":"US","locationPrecision":"area","category":"photo-video","status":"unassessed","evidence":"video, sensor-data, official-document","shape":"\"Tic Tac\" — IR-hot area of contrast","summary":"Two infrared clips titled \"USCG C-144 Tyndall UAP … TIC TAC IR hot 24 April 2024\", likely from a Coast Guard HC-144 sensor over the Southeastern United States, released in PURSUE Release 02 in response to a House request.","explanation":"AARO released the clips in 2026 as uploaded to a classified network, noting many of these records lack a substantiated chain of custody; no determination was made.","page":"https://domw99.github.io/Gods-Eye-UAPs/case/tyndall-tic-tac-2024/","globe":"https://domw99.github.io/Gods-Eye-UAPs/#/case/tyndall-tic-tac-2024"}},{"type":"Feature","id":"new-jersey-drones-2024","geometry":{"type":"Point","coordinates":[-74.5725,40.9387]},"properties":{"id":"new-jersey-drones-2024","title":"New Jersey drone sightings","date":"2024-11-18T19:00:00-05:00","timeApproximate":true,"year":2024,"place":"Morris County, New Jersey, and the Northeast","countryCode":"US","locationPrecision":"region","category":"recurring-lights","status":"explained","evidence":"video, photo, multiple-witnesses, police-witness, official-document","shape":"Large lighted drones; many reports were aircraft","summary":"From mid-November 2024, residents in Morris County reported large, lighted drones flying at night, including over Picatinny Arsenal and near the president-elect's golf club in Bedminster. Reports spread across New Jersey and into New York, Pennsylvania and beyond. The FAA placed temporary flight restrictions over dozens of sites. Stewart International Airport briefly closed its runways, and many viral videos turned out to show airliners.","explanation":"A joint FBI, DHS, FAA and DoD review found a mix of lawful commercial, hobbyist and law-enforcement drones, crewed aircraft and stars, with no threat to national security. In January 2025 the White House said the drones over New Jersey had been authorized by the FAA for research and other purposes.","page":"https://domw99.github.io/Gods-Eye-UAPs/case/new-jersey-drones-2024/","globe":"https://domw99.github.io/Gods-Eye-UAPs/#/case/new-jersey-drones-2024"}},{"type":"Feature","id":"uk-airbase-drones-2024","geometry":{"type":"Point","coordinates":[0.561,52.409]},"properties":{"id":"uk-airbase-drones-2024","title":"Drones over the U.S. air bases in England","date":"2024-11-20T20:00:00+00:00","timeApproximate":true,"year":2024,"place":"RAF Lakenheath, Mildenhall, Feltwell and Fairford, England","countryCode":"GB","locationPrecision":"area","category":"military-encounter","status":"unresolved","evidence":"military-witness, official-document","shape":"Small drones of varying number and type","summary":"Between November 20 and 26, 2024, small drones were seen over and around four bases in England used by the U.S. Air Force: RAF Lakenheath, home of the 48th Fighter Wing, RAF Mildenhall, RAF Feltwell and RAF Fairford. The Air Force said “small unmanned aerial systems were spotted in the vicinity of and over RAF Lakenheath, RAF Mildenhall and RAF Feltwell between 20 and 22 November”. Air traffic into Mildenhall was disrupted: on November 21 a KC-46 tanker that had brought F-35s across the Atlantic turned back and diverted to Prestwick. British troops with counter-drone equipment were sent to help, and the Ministry of Defence Police opened an inquiry. Similar reports came from U.S. bases in Germany that December.","explanation":"The U.S. Air Force and the Ministry of Defence confirmed the drones, and the Ministry of Defence Police opened an investigation, but the operators were not identified.","page":"https://domw99.github.io/Gods-Eye-UAPs/case/uk-airbase-drones-2024/","globe":"https://domw99.github.io/Gods-Eye-UAPs/#/case/uk-airbase-drones-2024"}}],"metadata":{"name":"God's Eye // UAP case files","version":"1.9","generated":"2026-10-07","cases":161,"licence":"MIT (see the repository LICENSE); linked media and archives keep their own licences","source":"https://github.com/domw99/Gods-Eye-UAPs","site":"https://domw99.github.io/Gods-Eye-UAPs/"}}
